Date,AdjustedLowPrice
2019-03-29,188.54
2019-03-28,187.53
2019-03-27,186.55
2019-03-26,184.58
2019-03-25,186.6
2019-03-22,190.78
2019-03-21,189.81
2019-03-20,184.73
2019-03-19,185.92
2019-03-18,185.79
2019-03-15,183.74
2019-03-14,182.56
2019-03-13,180.92
2019-03-12,179.37
2019-03-11,175.35
2019-03-08,169.5
2019-03-07,172.02
2019-03-06,173.94
2019-03-05,174.54
2019-03-04,173.97
2019-03-01,172.89
2019-02-28,172.92
2019-02-27,172.73
2019-02-26,173.1732
2019-02-25,173.95
2019-02-22,171.38
2019-02-21,170.3
2019-02-20,170.99
2019-02-19,169.49
2019-02-15,169.75
2019-02-14,169.38
2019-02-13,169.92
2019-02-12,169.7
2019-02-11,169.25
2019-02-08,168.42
2019-02-07,169.612562302562
2019-02-06,172.11493009828
2019-02-05,171.614078161928
2019-02-04,166.56563004563
2019-02-01,165.221395226395
2019-01-31,163.857245817246
2019-01-30,159.545737100737
2019-01-29,153.451872586873
2019-01-28,153.003794313794
2019-01-25,153.660975780976
2019-01-24,151.091993681994
2019-01-23,151.052164502165
2019-01-22,151.968235638236
2019-01-18,155.314484181584
2019-01-17,152.605502515503
2019-01-16,152.346612846613
2019-01-15,149.409210834211
2019-01-14,148.582755352755
2019-01-11,150.862975897976
2019-01-10,150.215751725752
2019-01-09,148.991004446004
2019-01-08,147.885744705745
2019-01-07,145.276933426933
2019-01-04,143.185901485902
2019-01-03,141.393588393588
2019-01-02,153.57136012636
2018-12-31,155.811751491752
2018-12-28,153.889993564994
2018-12-27,149.429125424125
2018-12-26,146.093431613432
2018-12-24,145.963986778987
2018-12-21,148.991004446004
2018-12-20,154.636790686791
2018-12-19,158.410605475606
2018-12-18,163.687971802972
2018-12-17,162.035060840061
2018-12-14,164.574171054171
2018-12-13,168.825936000936
2018-12-12,168.298199368199
2018-12-11,166.286825786826
2018-12-10,162.632498537499
2018-12-07,167.581274131274
2018-12-06,169.692220662221
2018-12-04,175.517238212238
2018-12-03,180.436141921142
2018-11-30,176.273992628993
2018-11-29,176.941131391131
2018-11-28,174.182960687961
2018-11-27,170.150256230256
2018-11-26,169.532903942904
2018-11-23,171.365046215046
2018-11-21,175.796042471043
2018-11-20,174.760483795484
2018-11-19,184.199999414999
2018-11-16,188.65091026091
2018-11-15,186.101842751843
2018-11-14,185.135985140985
2018-11-13,190.632511530362
2018-11-12,192.962418977419
2018-11-09,201.386290511291
2018-11-08,205.867073242073
2018-11-07,202.551529259127
2018-11-06,200.130396983654
2018-11-05,196.637615996087
2018-11-02,203.841476782944
2018-11-01,215.133478952978
2018-10-31,214.944948161035
2018-10-30,207.651783314836
2018-10-29,204.496373218113
2018-10-26,211.025492223282
2018-10-25,215.073942913417
2018-10-24,212.881032122927
2018-10-23,213.039794895089
2018-10-22,217.247008357386
2018-10-19,215.748684695106
2018-10-18,211.352940440866
2018-10-17,217.643915287792
2018-10-16,215.086544708457
2018-10-15,215.589921922944
2018-10-12,215.163246972758
2018-10-11,210.678198659177
2018-10-10,214.379355785207
2018-10-09,220.527642590652
2018-10-08,218.497265188163
2018-10-05,218.874326772048
2018-10-04,224.976770827031
2018-10-03,228.003186171372
2018-10-02,224.87754409443
2018-10-01,224.599709243146
2018-09-28,222.287726373535
2018-09-27,221.811438057048
2018-09-26,218.060667564717
2018-09-25,218.001131525156
2018-09-24,214.954870834295
2018-09-21,215.609767269464
2018-09-20,217.455384495849
2018-09-19,213.635155290697
2018-09-18,215.441081824042
2018-09-17,215.589921922944
2018-09-14,220.801309919166
2018-09-13,220.848938750815
2018-09-12,218.140048950798
2018-09-11,214.885412121474
2018-09-10,214.796108062133
2018-09-07,219.00332152443
2018-09-06,219.588759246778
2018-09-05,223.359375085629
2018-09-04,224.87754409443
2018-08-31,224.252415679041
2018-08-30,220.680253305393
2018-08-29,217.713374000613
2018-08-28,217.227163010866
2018-08-27,214.657190636491
2018-08-24,213.446624498755
2018-08-23,212.940568162488
2018-08-22,212.186444994718
2018-08-21,212.37001445003
2018-08-20,213.446624498755
2018-08-17,211.511703213028
2018-08-16,209.834771432066
2018-08-15,206.719052028383
2018-08-14,206.649593315562
2018-08-13,206.093923612995
2018-08-10,205.071888267201
2018-08-09,204.879260714717
2018-08-08,202.229277998909
2018-08-07,204.444188925554
2018-08-06,204.75071677701
2018-08-03,203.178822178756
2018-08-02,198.105983997073
2018-08-01,195.100033453768
2018-07-31,187.219301272801
2018-07-30,186.952325402179
2018-07-27,187.970788908628
2018-07-26,191.44147522672
2018-07-25,190.274691792147
2018-07-24,189.898947974234
2018-07-23,187.436837167383
2018-07-20,188.040004875085
2018-07-19,187.56538110509
2018-07-18,187.802692990088
2018-07-17,187.080869339886
2018-07-16,188.282260757687
2018-07-13,188.761828525287
2018-07-12,187.189637287177
2018-07-11,185.508678101776
2018-07-10,188.049991750246
2018-07-09,187.179749291969
2018-07-06,183.12567125659
2018-07-05,182.215975697432
2018-07-03,181.484264052023
2018-07-02,181.365608109524
2018-06-29,180.861320353904
2018-06-28,181.741351927437
2018-06-27,181.968775817226
2018-06-26,180.495464531199
2018-06-25,178.705737398507
2018-06-22,182.631271496178
2018-06-21,182.868583381176
2018-06-20,183.649735002627
2018-06-19,181.395272095149
2018-06-18,185.103270298238
2018-06-15,186.151397790312
2018-06-14,188.089444851127
2018-06-13,188.306980745708
2018-06-12,189.009028405493
2018-06-11,188.079556855918
2018-06-08,187.644485066756
2018-06-07,190.180755837669
2018-06-06,189.770404036527
2018-06-05,190.20547582569
2018-06-04,189.206788309658
2018-06-01,185.647110034691
2018-05-31,184.055142806165
2018-05-30,184.687974499492
2018-05-29,184.776966456366
2018-05-25,185.548230082609
2018-05-24,184.124358772623
2018-05-23,183.679398988252
2018-05-22,184.687974499492
2018-05-21,184.817111716912
2018-05-18,184.045254810957
2018-05-17,184.272678700746
2018-05-16,183.91671087325
2018-05-15,183.026791304508
2018-05-14,185.755877981982
2018-05-11,185.350470178444
2018-05-10,184.835484302982
2018-05-09,182.441931268843
2018-05-08,180.910254327243
2018-05-07,181.978980681993
2018-05-04,175.497672466093
2018-05-03,171.824701310125
2018-05-02,171.193217009637
2018-05-01,162.791156358933
2018-04-30,159.412602076177
2018-04-27,158.220750565351
2018-04-26,160.919653986561
2018-04-25,159.974052787889
2018-04-24,158.801999802159
2018-04-23,161.628854885565
2018-04-20,162.948756558712
2018-04-19,170.070315586213
2018-04-18,174.227020855377
2018-04-17,173.764070268527
2018-04-16,172.207866795837
2018-04-13,171.242467072067
2018-04-12,170.444616060688
2018-04-11,169.124714387541
2018-04-10,168.957264175276
2018-04-09,167.297537071356
2018-04-06,165.677210017381
2018-04-05,169.499014862015
2018-04-04,162.298655734625
2018-04-03,162.407005871973
2018-04-02,162.00315536004
2018-03-29,164.396708394179
2018-03-28,162.712356259044
2018-03-27,164.416408419152
2018-03-26,163.943607819815
2018-03-23,162.46610594689
2018-03-22,166.071210516828
2018-03-21,168.691313838149
2018-03-20,172.31611843306
2018-03-19,171.05531683483
2018-03-16,174.955921779354
2018-03-15,175.399270841356
2018-03-14,175.143072016591
2018-03-13,176.551623802113
2018-03-12,177.507075013272
2018-03-09,174.729371492172
2018-03-08,172.44416859538
2018-03-07,171.656167596487
2018-03-06,173.488269918914
2018-03-05,171.902417908641
2018-03-02,169.863465324004
2018-03-01,170.070315586213
2018-02-28,175.379472316259
2018-02-27,175.487822453607
2018-02-26,173.567070018804
2018-02-23,170.937116684996
2018-02-22,169.134564400027
2018-02-21,168.445063525995
2018-02-20,168.848914037928
2018-02-16,169.193664474944
2018-02-15,166.465211016275
2018-02-14,160.437003374739
2018-02-13,159.22545183894
2018-02-12,155.147546669665
2018-02-09,147.98658759222
2018-02-08,152.084672748403
2018-02-07,156.046447571949
2018-02-06,151.074241135613
2018-02-05,153.036244267244
2018-02-02,157.058350687088
2018-02-01,163.591821115421
2018-01-31,163.336760708308
2018-01-30,161.57095788984
2018-01-29,163.895931600823
2018-01-26,166.829126282612
2018-01-25,167.290197018546
2018-01-24,169.909471199273
2018-01-23,173.460696867526
2018-01-22,173.246446125552
2018-01-19,174.039487791357
2018-01-18,174.863529106643
2018-01-17,171.743944127349
2018-01-16,172.793615802771
2018-01-12,172.312925035522
2018-01-11,171.174963219176
2018-01-10,169.71327088611
2018-01-09,170.115481528095
2018-01-08,170.625602342319
2018-01-05,169.762320964401
2018-01-04,168.81074944556
2018-01-03,168.693029257662
2018-01-02,166.04432502996
2017-12-29,166.005084967327
2017-12-28,167.241146940255
2017-12-27,166.485775734577
2017-12-26,166.455364686036
2017-12-22,171.184773234834
2017-12-21,170.792372608508
2017-12-20,169.958521277564
2017-12-19,170.782562592849
2017-12-18,171.537933798527
2017-12-15,169.18353004057
2017-12-14,168.388918772259
2017-12-13,168.732269320295
2017-12-12,168.20350947632
2017-12-11,165.583254294026
2017-12-08,165.612684341001
2017-12-07,165.700974481924
2017-12-06,163.297520645676
2017-12-05,165.200663683358
2017-12-04,166.407295609311
2017-12-01,165.29876383994
2017-11-30,165.239903745991
2017-11-29,163.984221741747
2017-11-28,168.59492910108
2017-11-27,170.046811418488
2017-11-24,171.327901363286
2017-11-22,169.762320964401
2017-11-21,167.53544741
2017-11-20,166.338625499704
2017-11-17,166.41710562497
2017-11-16,167.064566658408
2017-11-15,165.181043652042
2017-11-14,167.927848036326
2017-11-13,170.105671512437
2017-11-10,170.959142874696
2017-11-09,169.242208302298
2017-11-08,170.405418582301
2017-11-07,169.691852612215
2017-11-06,167.854175867336
2017-11-03,167.267683289183
2017-11-02,161.559155528496
2017-11-01,161.88172644648
2017-10-31,163.181784994719
2017-10-30,160.034274825299
2017-10-27,155.12728692142
2017-10-26,153.250510671331
2017-10-25,151.774504349646
2017-10-24,152.683567845783
2017-10-23,151.999326504605
2017-10-20,152.448970814522
2017-10-19,151.530132442083
2017-10-18,156.007025788649
2017-10-17,155.645355365455
2017-10-16,154.100924909653
2017-10-13,152.888840248137
2017-10-12,152.2240509108
2017-10-11,152.243698412169
2017-10-10,151.608331452503
2017-10-09,151.984664190151
2017-10-06,151.080488132166
2017-10-05,150.581969440736
2017-10-04,149.027764108631
2017-10-03,150.4451211725
2017-10-02,149.281910892497
2017-09-29,148.578119798714
2017-09-28,149.262361139892
2017-09-27,150.083450749306
2017-09-26,148.275098633335
2017-09-25,145.80205492879
2017-09-22,147.170537611147
2017-09-21,149.311235521405
2017-09-20,150.36692216208
2017-09-19,154.873140137554
2017-09-18,154.43815814209
2017-09-15,154.443045580242
2017-09-14,154.531019466965
2017-09-13,154.355071693519
2017-09-12,155.195711055538
2017-09-11,156.290497201423
2017-09-08,154.961114024277
2017-09-07,156.749916387643
2017-09-06,156.906314408483
2017-09-05,156.945413913694
2017-09-01,159.946300938576
2017-08-31,159.799677794037
2017-08-30,158.949263555716
2017-08-29,156.398020840751
2017-08-28,156.329596706633
2017-08-25,155.684454870665
2017-08-24,154.980663776882
2017-08-23,155.303234694866
2017-08-22,154.462595332847
2017-08-21,151.618204077569
2017-08-18,153.191861413516
2017-08-17,154.286647559401
2017-08-16,156.544643985289
2017-08-15,156.534869108987
2017-08-14,155.176161302933
2017-08-11,152.55649445385
2017-08-10,151.148912266283
2017-08-09,154.91969551979
2017-08-08,154.101817672787
2017-08-07,152.544052473477
2017-08-04,151.589764285564
2017-08-03,150.937409336169
2017-08-02,152.047386414244
2017-08-01,144.501489611539
2017-07-31,144.228863662538
2017-07-28,145.260947612327
2017-07-27,143.420722456571
2017-07-26,149.029027693162
2017-07-25,147.802210922658
2017-07-24,145.952249125866
2017-07-21,144.959111740219
2017-07-20,146.234611715902
2017-07-19,146.000932331044
2017-07-18,144.754642278469
2017-07-17,144.657275868111
2017-07-14,143.449932379678
2017-07-13,141.609707223922
2017-07-12,141.006035479706
2017-07-11,140.577623274133
2017-07-10,139.594222529522
2017-07-07,139.136600400842
2017-07-06,138.65950499009
2017-07-05,138.964943419382
2017-07-03,139.334156847457
2017-06-30,139.993424811988
2017-06-29,138.532928656625
2017-06-28,139.389850434182
2017-06-27,139.837638555416
2017-06-26,141.551287377707
2017-06-23,141.288398069742
2017-06-22,141.298037344368
2017-06-21,140.801566017955
2017-06-20,141.122875172134
2017-06-19,139.876585119559
2017-06-16,138.455035528339
2017-06-15,138.464772169375
2017-06-14,140.051844658202
2017-06-13,141.327344633885
2017-06-12,138.756871400448
2017-06-09,142.174432403995
2017-06-08,150.333737591952
2017-06-07,150.411630720238
2017-06-06,149.730065847736
2017-06-05,149.418493334592
2017-06-02,148.863504795554
2017-06-01,148.211149846159
2017-05-31,148.366936102731
2017-05-30,149.291917001127
2017-05-26,149.272443719056
2017-05-25,148.999817770055
2017-05-24,148.649298692768
2017-05-23,149.272443719056
2017-05-22,148.882978077626
2017-05-19,148.610352128625
2017-05-18,147.149855973263
2017-05-17,145.767252946186
2017-05-16,150.645310105096
2017-05-15,150.966619259276
2017-05-12,150.596626899917
2017-05-11,148.298779615481
2017-05-10,147.495241173725
2017-05-09,148.794587851608
2017-05-08,144.508683137994
2017-05-05,142.307551079192
2017-05-04,141.386372464275
2017-05-03,139.893093446409
2017-05-02,142.385124015185
2017-05-01,140.562160019349
2017-04-28,138.923431746497
2017-04-27,138.962218214493
2017-04-26,139.026409819027
2017-04-25,139.505228766444
2017-04-24,138.836162193505
2017-04-21,137.546512132621
2017-04-20,136.877445559681
2017-04-19,136.188985752743
2017-04-18,136.828962474685
2017-04-17,136.596243666706
2017-04-13,136.77078277269
2017-04-12,136.731996304694
2017-04-11,135.810817689777
2017-04-10,138.564656917529
2017-04-07,138.923431746497
2017-04-06,139.097970852481
2017-04-05,139.44704906445
2017-04-04,138.826465576505
2017-04-03,138.710106172516
2017-03-31,138.671319704519
2017-03-30,139.146453937477
2017-03-29,138.845858810504
2017-03-28,136.353828241728
2017-03-27,134.414504841903
2017-03-24,136.092019582752
2017-03-23,136.344131624729
2017-03-22,135.519919179803
2017-03-21,135.490829328806
2017-03-20,135.975660178762
2017-03-17,135.645975200792
2017-03-16,136.004750029759
2017-03-15,134.807217830367
2017-03-14,134.627830415883
2017-03-13,134.608437181885
2017-03-10,134.433898075901
2017-03-09,132.89213597304
2017-03-08,134.608437181885
2017-03-07,134.579347330888
2017-03-06,134.391135994935
2017-03-03,134.385414990905
2017-03-02,134.55025747989
2017-03-01,133.420601599492
2017-02-28,132.55275437807
2017-02-27,132.145496464107
2017-02-24,131.175834764194
2017-02-23,132.164889698105
2017-02-22,131.980653975122
2017-02-21,131.854597954133
2017-02-17,131.00129565821
2017-02-16,130.748989683892
2017-02-15,130.535858042252
2017-02-14,129.207421513371
2017-02-13,128.722590663415
2017-02-10,128.043827473476
2017-02-09,127.142042092557
2017-02-08,126.689733537392
2017-02-07,125.9463171769
2017-02-06,124.449829697987
2017-02-03,123.73537761128
2017-02-02,123.368496809998
2017-02-01,122.625080449506
2017-01-31,116.455690133213
2017-01-30,116.494309164927
2017-01-27,117.401856410203
2017-01-26,117.401856410203
2017-01-25,116.127428363645
2017-01-24,115.374357245224
2017-01-23,115.635035709293
2017-01-20,115.600857866226
2017-01-19,115.248845392154
2017-01-18,115.577107161722
2017-01-17,114.13854823038
2017-01-13,114.70817894816
2017-01-12,114.128893472452
2017-01-11,114.505429031662
2017-01-10,114.215786293808
2017-01-09,113.868215008383
2017-01-06,112.448965592898
2017-01-05,111.811751569619
2017-01-04,111.753823022048
2017-01-03,110.798001987129
2016-12-30,111.444870768337
2016-12-29,112.381382287398
2016-12-28,112.188287128829
2016-12-27,112.468275108755
2016-12-23,111.599346895192
2016-12-22,111.647620684835
2016-12-21,112.74826308868
2016-12-20,112.651715509396
2016-12-19,111.753823022048
2016-12-16,111.652448063799
2016-12-15,111.251775609767
2016-12-14,111.010406661556
2016-12-13,109.822871436354
2016-12-12,108.606371937366
2016-12-09,108.432586294654
2016-12-08,106.781622688885
2016-12-07,105.391337547186
2016-12-06,105.420301820971
2016-12-05,104.512754575695
2016-12-02,105.092040051403
2016-12-01,105.265825694116
2016-11-30,106.463015677246
2016-11-29,106.269920518676
2016-11-28,107.544348565235
2016-11-25,107.119539216382
2016-11-23,106.520944224817
2016-11-22,107.554003323163
2016-11-21,106.211991971106
2016-11-18,105.874075443609
2016-11-17,105.072730535546
2016-11-16,102.919719517497
2016-11-15,102.494234335589
2016-11-14,100.486720519523
2016-11-11,102.871445727855
2016-11-10,102.176303157005
2016-11-09,104.319659417125
2016-11-08,105.912694475323
2016-11-07,105.68098028504
2016-11-04,104.377587964696
2016-11-03,105.767873106396
2016-11-02,106.841326625225
2016-11-01,106.16894571506
2016-10-31,108.733598615261
2016-10-28,108.973734654606
2016-10-27,109.598088356902
2016-10-26,108.839258472572
2016-10-25,112.681435102087
2016-10-24,112.3836664133
2016-10-21,111.692074619987
2016-10-20,111.740101827856
2016-10-19,109.309925109688
2016-10-18,112.81591128412
2016-10-17,112.172346698676
2016-10-14,112.508537153759
2016-10-13,111.154169891855
2016-10-12,112.143530373955
2016-10-11,111.615231087397
2016-10-10,110.193625734476
2016-10-07,109.031367304048
2016-10-06,108.666360524244
2016-10-05,108.243721094998
2016-10-04,108.186088445555
2016-10-03,107.849897990473
2016-09-30,107.388836794931
2016-09-29,107.388836794931
2016-09-28,108.954523771458
2016-09-27,107.907530639915
2016-09-26,107.148700755586
2016-09-23,107.148700755586
2016-09-22,109.502033941164
2016-09-21,108.00454559981
2016-09-20,108.07082314667
2016-09-19,108.78162582313
2016-09-16,109.540455707459
2016-09-15,109.012156420901
2016-09-14,104.315095491319
2016-09-13,103.008755437284
2016-09-12,98.4845924560309
2016-09-09,99.060918950458
2016-09-08,101.087667122527
2016-09-07,102.84546293053
2016-09-06,103.268102359776
2016-09-02,102.605326891185
2016-09-01,101.452673902331
2016-08-31,101.471884785478
2016-08-30,101.337408603445
2016-08-29,102.096238487775
2016-08-26,102.115449370922
2016-08-25,102.470850709152
2016-08-24,103.431394866531
2016-08-23,104.247857400303
2016-08-22,103.594687373285
2016-08-19,104.084564893548
2016-08-18,104.718524037418
2016-08-17,104.065354010401
2016-08-16,104.90102742732
2016-08-15,103.815612529482
2016-08-12,103.527449282269
2016-08-11,103.594687373285
2016-08-10,103.508238399121
2016-08-09,103.748374438466
2016-08-08,102.931911904694
2016-08-05,101.990578630463
2016-08-04,101.126088888822
2016-08-03,100.093980151241
2016-08-02,99.3583462415678
2016-08-01,99.7500474142509
2016-07-29,99.0526282531322
2016-07-28,98.2310111592115
2016-07-27,98.1641353492412
2016-07-26,92.1166513904997
2016-07-25,92.5943357474303
2016-07-22,93.9222982596974
2016-07-21,94.7057006050636
2016-07-20,95.2836986769496
2016-07-19,94.9063280349744
2016-07-18,94.1993551867171
2016-07-15,94.103818315331
2016-07-14,92.9764832329747
2016-07-13,92.5179062503214
2016-07-12,92.7854094902025
2016-07-11,92.4128156917966
2016-07-08,91.763164966371
2016-07-07,91.3523564194107
2016-07-06,90.1581455270841
2016-07-05,90.2441287113316
2016-07-01,91.0752994923909
2016-06-30,90.0912697171138
2016-06-29,89.4511726788268
2016-06-28,88.0276732951736
2016-06-27,87.4162373183024
2016-06-24,88.5149113392428
2016-06-23,90.998869995282
2016-06-22,91.0944068666681
2016-06-21,90.4504883535257
2016-06-20,90.7886888782325
2016-06-17,91.0466384309751
2016-06-16,91.7822723406482
2016-06-15,92.699426305955
2016-06-14,92.4319230660738
2016-06-13,92.7663021159253
2016-06-10,94.0847109410538
2016-06-09,94.0656035667765
2016-06-08,94.275784683826
2016-06-07,94.5432879237072
2016-06-06,93.1962180371628
2016-06-03,93.1006811657767
2016-06-02,92.3172788204105
2016-06-01,93.9414056339746
2016-05-31,94.4095363037666
2016-05-27,94.8155680071576
2016-05-26,94.2375699352716
2016-05-25,93.7312245169251
2016-05-24,92.5179062503214
2016-05-23,91.4001248551037
2016-05-20,90.3014508341633
2016-05-19,89.3938505559951
2016-05-18,89.6995685444307
2016-05-17,88.8588440762329
2016-05-16,87.5595426253816
2016-05-13,85.9831842475106
2016-05-12,85.4768388291641
2016-05-11,88.3333912836092
2016-05-10,87.9990122337578
2016-05-09,88.4575892164112
2016-05-06,87.7506163681538
2016-05-05,88.5435724006587
2016-05-04,89.0902717252382
2016-05-03,88.9573295163112
2016-05-02,87.7418578918356
2016-04-29,87.8463124845639
2016-04-28,89.4985942240855
2016-04-27,90.8565039295544
2016-04-26,98.6716066400501
2016-04-25,99.2413589640231
2016-04-22,99.3458135567515
2016-04-21,100.200442042711
2016-04-20,100.713219134287
2016-04-19,100.874648959412
2016-04-18,101.548855876114
2016-04-15,104.198204182588
2016-04-14,105.717543713182
2016-04-13,105.214262493673
2016-04-12,103.182145871503
2016-04-11,103.343575696628
2016-04-08,102.716848140258
2016-04-07,102.670318367134
2016-04-06,103.694922963078
2016-04-05,103.903832148535
2016-04-04,104.710981274163
2016-04-01,102.745335756457
2016-03-31,103.391055056959
2016-03-30,103.125170639105
2016-03-29,99.5927062304731
2016-03-28,99.763631927665
2016-03-24,99.6022021025393
2016-03-23,100.561285181227
2016-03-22,99.9060700086582
2016-03-21,99.8396938629154
2016-03-18,99.8870782645258
2016-03-17,99.6686732070028
2016-03-16,99.3173259405528
2016-03-15,98.6146314076528
2016-03-14,96.6489858899461
2016-03-11,96.3831014720921
2016-03-10,95.1011587431529
2016-03-09,95.2151092079475
2016-03-08,95.3385555448083
2016-03-07,95.8703243805164
2016-03-04,96.2596551352313
2016-03-03,95.3860349051394
2016-03-02,94.6168692677759
2016-03-01,92.508785669076
2016-02-29,91.7776035199773
2016-02-26,91.7111324155138
2016-02-25,90.4481814307071
2016-02-24,88.6154781219274
2016-02-23,89.783470386072
2016-02-22,91.0844048591436
2016-02-19,90.970454394349
2016-02-18,91.2467842714759
2016-02-17,91.3028099166665
2016-02-16,89.8404456184693
2016-02-12,88.3211060878747
2016-02-11,87.9222794610937
2016-02-10,89.3561561430923
2016-02-09,89.1947263179666
2016-02-08,88.3495937040734
2016-02-05,88.9668253883774
2016-02-04,90.3912061983098
2016-02-03,88.8550126035529
2016-02-02,89.043905062319
2016-02-01,90.1017028314089
2016-01-29,89.1100174228871
2016-01-28,87.2588713269797
2016-01-27,88.1561105061185
2016-01-26,92.6234171559357
2016-01-25,93.7001041709023
2016-01-22,92.9067558440848
2016-01-21,89.667250176247
2016-01-20,88.2316674896249
2016-01-19,90.1961490607919
2016-01-15,90.0639243396557
2016-01-14,90.4228200113112
2016-01-13,91.8961811896864
2016-01-12,93.3505586759557
2016-01-11,91.9339596814396
2016-01-08,91.3861715510181
2016-01-07,91.0744989940541
2016-01-06,94.3234492848302
2016-01-05,96.7223835111592
2016-01-04,96.3351539706887
2015-12-31,98.9985376392901
2015-12-30,101.22746865273
2015-12-29,100.925240718704
2015-12-28,100.283667482505
2015-12-24,101.954704618979
2015-12-23,101.246357898606
2015-12-22,100.538955640527
2015-12-21,99.7068843596628
2015-12-18,99.9335553101821
2015-12-17,102.927500781624
2015-12-16,102.757497568735
2015-12-15,104.221414124172
2015-12-14,103.692515239627
2015-12-11,106.583514321041
2015-12-10,109.094839560336
2015-12-09,108.688720773989
2015-12-08,110.369863657007
2015-12-07,111.267102836145
2015-12-04,108.717054642804
2015-12-03,107.876483201295
2015-12-02,109.633183067819
2015-12-01,110.369863657007
2015-11-30,111.210435098516
2015-11-27,111.068765754441
2015-11-25,111.370993688467
2015-11-24,110.615423853403
2015-11-23,110.823205558045
2015-11-20,112.249343621729
2015-11-19,110.275417427624
2015-11-18,109.085394937398
2015-11-17,107.026467136848
2015-11-16,104.835314615161
2015-11-13,106.034781728326
2015-11-12,109.227064281472
2015-11-11,108.811500872187
2015-11-10,109.615238284236
2015-11-09,113.382698374325
2015-11-06,113.921041881809
2015-11-05,113.505478472523
2015-11-04,114.375913502103
2015-11-03,113.51071172261
2015-11-02,112.485635701255
2015-10-30,112.33516582656
2015-10-29,111.225450500689
2015-10-28,109.147085356472
2015-10-27,107.200381352613
2015-10-26,108.074987499274
2015-10-23,109.401003270019
2015-10-22,107.303829391465
2015-10-21,106.927654704729
2015-10-20,104.219196960229
2015-10-19,103.551486891273
2015-10-16,103.946470312346
2015-10-15,103.908852843672
2015-10-14,103.034246697011
2015-10-13,104.087535819872
2015-10-12,104.80226772467
2015-10-09,102.968416126832
2015-10-08,101.764657129276
2015-10-07,102.893181189485
2015-10-06,103.227036223963
2015-10-05,102.573432705759
2015-10-02,101.143968896162
2015-10-01,100.91826408412
2015-09-30,102.253684222033
2015-09-29,101.435504278382
2015-09-28,105.74270444151
2015-09-25,107.228594454118
2015-09-24,105.676873871332
2015-09-23,106.551480017993
2015-09-22,105.818033422529
2015-09-21,106.890037236056
2015-09-18,105.206655512912
2015-09-17,106.941761255482
2015-09-16,108.564014592031
2015-09-15,107.604769140854
2015-09-14,108.018561296264
2015-09-11,105.103207474059
2015-09-10,103.353995180736
2015-09-09,103.231738407547
2015-09-08,103.748978601809
2015-09-04,102.046788144329
2015-09-03,103.485656321094
2015-09-02,102.630799345486
2015-09-01,100.965285919962
2015-08-31,105.328912286101
2015-08-28,104.896311396354
2015-08-27,103.466847586757
2015-08-26,98.7928771040615
2015-08-25,97.3352001929592
2015-08-24,86.5201779492971
2015-08-21,99.3524369505814
2015-08-20,104.98095070087
2015-08-19,107.849282687233
2015-08-18,109.10006352063
2015-08-17,108.620440795041
2015-08-14,107.21919008695
2015-08-13,107.717621546875
2015-08-12,103.10007726719
2015-08-11,106.579693119498
2015-08-10,109.589090613387
2015-08-07,107.680004078201
2015-08-06,107.317935942218
2015-08-05,104.947913175306
2015-08-04,106.024542079424
2015-08-03,110.022112010365
2015-07-31,113.195826779895
2015-07-30,113.944786017542
2015-07-29,114.469057483895
2015-07-28,114.731193217072
2015-07-27,114.328627626836
2015-07-24,115.995061930601
2015-07-23,117.08105282519
2015-07-22,114.206921750719
2015-07-21,122.00545981272
2015-07-20,122.361215450602
2015-07-17,120.123699728131
2015-07-16,119.224948642955
2015-07-15,117.56787632966
2015-07-14,117.062328844249
2015-07-13,116.388265530366
2015-07-10,113.476686494013
2015-07-09,111.613650390366
2015-07-08,114.721831226601
2015-07-07,115.873356054484
2015-07-06,116.884451025307
2015-07-02,117.745754148602
2015-07-01,117.951717938955
2015-06-30,116.893813015778
2015-06-29,116.538057377896
2015-06-26,118.438541443425
2015-06-25,119.365378500014
2015-06-24,119.009622862131
2015-06-23,118.784186131599
2015-06-22,118.972174900249
2015-06-19,118.335559548249
2015-06-18,119.103242766837
2015-06-17,118.653867224249
2015-06-16,118.307473576837
2015-06-15,117.689582205778
2015-06-12,119.000260871661
2015-06-11,120.278172570896
2015-06-10,119.693048166484
2015-06-09,117.605324291543
2015-06-08,118.738125138484
2015-06-05,120.170509680484
2015-06-04,120.685419156367
2015-06-03,121.612256212955
2015-06-02,121.069260765661
2015-06-01,121.752686070014
2015-05-29,121.612256212955
2015-05-28,122.735695069426
2015-05-27,121.752686070014
2015-05-26,120.882020956249
2015-05-22,123.016554783543
2015-05-21,121.546722279661
2015-05-20,121.087984746602
2015-05-19,121.36884446072
2015-05-18,120.170509680484
2015-05-15,120.030079823425
2015-05-14,119.047070824013
2015-05-13,117.839374053307
2015-05-12,116.856365053896
2015-05-11,117.610005286778
2015-05-08,118.064061824602
2015-05-07,116.107405816248
2015-05-06,115.009116496933
2015-05-05,117.265294041701
2015-05-04,119.577409872703
2015-05-01,116.81778775183
2015-04-30,116.146528317023
2015-04-29,119.614702063526
2015-04-28,120.798729122144
2015-04-27,122.271770659637
2015-04-24,120.481745500152
2015-04-23,119.465533300235
2015-04-22,117.768738617807
2015-04-21,118.095045287505
2015-04-20,116.696588131657
2015-04-17,116.034651744555
2015-04-16,117.572954615988
2015-04-15,117.479724138931
2015-04-14,117.386493661875
2015-04-13,118.039107001271
2015-04-10,116.780495561007
2015-04-09,116.221112698668
2015-04-08,116.510127177544
2015-04-07,117.451754995814
2015-04-06,115.913452124382
2015-04-02,115.782929456503
2015-04-01,114.766717256586
2015-03-31,115.936759743646
2015-03-30,115.605791550095
2015-03-27,114.589579350179
2015-03-26,114.300564871304
2015-03-25,115.027762592345
2015-03-24,117.992491762742
2015-03-23,117.95519957192
2015-03-20,116.687265083951
2015-03-19,118.775627770017
2015-03-18,117.815353856335
2015-03-17,117.144094421528
2015-03-16,114.552287159356
2015-03-13,114.281918775893
2015-03-12,113.396229243855
2015-03-11,113.843735533727
2015-03-10,115.419330595982
2015-03-09,116.594034606894
2015-03-06,117.712800331573
2015-03-05,117.24664794629
2015-03-04,119.633348158937
2015-03-03,119.418918061707
2015-03-02,119.614702063526
2015-02-27,119.558763777292
2015-02-26,118.039107001271
2015-02-25,119.474856347941
2015-02-24,122.290416755048
2015-02-23,120.882636551495
2015-02-20,119.381625870885
2015-02-19,119.642671206643
2015-02-18,118.822243008545
2015-02-17,118.328121480146
2015-02-13,117.144094421528
2015-02-12,117.069510039883
2015-02-11,114.207334394247
2015-02-10,112.025741231125
2015-02-09,110.412853978047
2015-02-06,110.431500073458
2015-02-05,111.17734388991
2015-02-04,109.866446730138
2015-02-03,109.217327506204
2015-02-02,107.796508604032
2015-01-30,108.511561254144
2015-01-29,107.313615905254
2015-01-28,107.081455953919
2015-01-27,101.249597976375
2015-01-26,104.750570042512
2015-01-23,103.571197489728
2015-01-22,101.89035944206
2015-01-21,100.543831724315
2015-01-20,98.9001392688608
2015-01-16,97.6929075219169
2015-01-15,99.0487216377154
2015-01-14,100.757418879544
2015-01-13,101.138161199734
2015-01-12,101.036010821146
2015-01-09,102.345392946677
2015-01-08,100.943146840612
2015-01-07,99.0812240309023
2015-01-06,97.1635828328723
2015-01-05,97.8879218810386
2015-01-02,99.689483103401
2014-12-31,102.345392946677
2014-12-30,104.109808576826
2014-12-29,105.586345867319
2014-12-26,104.016944596292
2014-12-24,104.016944596292
2014-12-23,104.434832508696
2014-12-22,103.979799004078
2014-12-19,103.691920664422
2014-12-18,102.763280859081
2014-12-17,99.19730400657
2014-12-16,98.6772657155788
2014-12-15,98.7608432980596
2014-12-12,101.760349869312
2014-12-11,103.394755926713
2014-12-10,103.580483887782
2014-12-09,101.546762714084
2014-12-08,103.654775072209
2014-12-05,106.45926728434
2014-12-04,107.062883157812
2014-12-03,106.89572799285
2014-12-02,104.704138052245
2014-12-01,103.329751140339
2014-11-28,109.625929020554
2014-11-26,109.421628263379
2014-11-25,109.068745137349
2014-11-24,108.297974098916
2014-11-21,107.750076613764
2014-11-20,106.654281643462
2014-11-19,105.679209847853
2014-11-18,105.762787430334
2014-11-17,105.214889945182
2014-11-14,104.982729993847
2014-11-13,103.636202276102
2014-11-12,101.565335510191
2014-11-11,100.664554899009
2014-11-10,100.915287646452
2014-11-07,100.803850869811
2014-11-06,100.107371015805
2014-11-05,99.9756651356409
2014-11-04,99.6011898118958
2014-11-03,99.8693326363059
2014-10-31,99.1296282931058
2014-10-30,97.9183624311156
2014-10-29,98.3436924284556
2014-10-28,97.4098156951655
2014-10-27,96.8088059163154
2014-10-24,96.6516187433854
2014-10-23,95.8194513572852
2014-10-22,94.8670820154151
2014-10-21,93.6373235448449
2014-10-20,90.8172007363944
2014-10-17,89.5134718315042
2014-10-16,88.218989230904
2014-10-15,88.006324232234
2014-10-14,91.1408213865445
2014-10-13,92.2873631185047
2014-10-10,92.7404320287147
2014-10-09,93.0270674617048
2014-10-08,90.9004174750045
2014-10-07,91.2887622551845
2014-10-06,91.9267572511946
2014-10-03,91.5753976881746
2014-10-02,90.6507672591744
2014-10-01,91.2610233423145
2014-09-30,92.9530970273848
2014-09-29,91.1962992122845
2014-09-26,90.9836342136145
2014-09-25,90.3548855218944
2014-09-24,93.5725994148149
2014-09-23,92.9623433316748
2014-09-22,92.9993285488348
2014-09-19,93.2767176775348
2014-09-18,93.9054663692549
2014-09-17,93.0106090400686
2014-09-16,91.4367031238245
2014-09-15,93.7945107177749
2014-09-12,93.4616437633349
2014-09-11,92.1116833369946
2014-09-10,90.3918707390544
2014-09-09,88.8939694440741
2014-09-08,90.6600135634644
2014-09-05,90.9004174750045
2014-09-04,90.4196096519244
2014-09-03,91.1500676908345
2014-09-02,94.9780376668951
2014-09-01,94.9780376668951
2014-08-29,94.497229843815
2014-08-28,93.9054663692549
2014-08-27,93.1102842003148
2014-08-26,93.2582250689548
2014-08-25,93.6465698491349
2014-08-22,92.6387226815247
2014-08-21,92.5647522472047
2014-08-20,92.5647522472047
2014-08-19,91.8342942082946
2014-08-18,90.5952894334344
2014-08-15,89.5597033529542
2014-08-14,89.5042255272142
2014-08-13,88.8015064011741
2014-08-12,88.4039153167041
2014-08-11,87.6877890494434
2014-08-08,86.2495264171337
2014-08-07,87.0077233689138
2014-08-06,87.1383157325481
2014-08-05,86.8162968274019
2014-08-04,87.5615405793116
2014-08-01,87.2303211340184
2014-07-31,87.7087492216641
2014-07-30,89.8616756160698
2014-07-29,90.3953069445977
2014-07-28,89.7512691343054
2014-07-25,88.9140199809254
2014-07-24,88.7116080976907
2014-07-23,87.5615405793116
2014-07-22,86.5954838638731
2014-07-21,86.2274622579918
2014-07-18,85.5834244476995
2014-07-17,85.169400141083
2014-07-16,87.1659173529892
2014-07-15,87.4327330172531
2014-07-14,88.0031665063692
2014-07-11,87.2786239697903
2014-07-10,86.0434514550512
2014-07-09,87.1843184332832
2014-07-08,86.4114730609325
2014-07-07,86.5770827835791
2014-07-03,85.7490341703461
2014-07-02,85.6478282287288
2014-07-01,85.6846303893169
2014-06-30,84.7277742140255
2014-06-27,83.5133029146171
2014-06-26,82.6208505203549
2014-06-25,82.4828424181494
2014-06-24,82.9796715860892
2014-06-23,83.3568937321176
2014-06-20,83.6329099365286
2014-06-19,84.0367216435818
2014-06-18,84.046934243145
2014-06-17,84.4609585497615
2014-06-16,84.1389396446154
2014-06-13,83.6145088562345
2014-06-12,84.5529639512318
2014-06-11,85.997448754316
2014-06-10,86.0894541557863
2014-06-09,84.4149558490263
2014-06-06,84.7067444079752
2014-06-05,84.4622729126397
2014-06-04,83.6079370418438
2014-06-03,82.5748478196198
2014-06-02,81.819089164685
2014-05-30,82.6602814066994
2014-05-29,82.5117584014688
2014-05-28,81.9873276130879
2014-05-27,80.9161218673976
2014-05-23,79.7121654710145
2014-05-22,79.4006614688935
2014-05-21,79.1325314417514
2014-05-20,78.9577211789578
2014-05-19,78.5108378003876
2014-05-16,76.9428028867576
2014-05-15,77.2897946865885
2014-05-14,77.7761089515031
2014-05-13,77.6394152121758
2014-05-12,77.2056754623871
2014-05-09,76.2764209075368
2014-05-08,77.0742391745723
2014-05-07,76.8199822406193
2014-05-06,77.6930999670708
2014-05-05,77.116685420117
2014-05-02,77.0787806086393
2014-05-01,76.6409146829489
2014-04-30,77.0905441708221
2014-04-29,77.0526393593444
2014-04-28,74.8358614191322
2014-04-25,73.7130947619139
2014-04-24,73.2909135858004
2014-04-23,68.5488909636956
2014-04-22,68.8169694752153
2014-04-21,68.4848449029229
2014-04-17,67.862683169703
2014-04-16,67.2007083138068
2014-04-15,66.8340250099465
2014-04-14,67.6025777392182
2014-04-11,67.5934283019649
2014-04-10,68.3815869682078
2014-04-09,68.2312747847619
2014-04-08,67.7973431170903
2014-04-07,68.2142829727201
2014-04-04,69.3501202545859
2014-04-03,70.2729063546978
2014-04-02,70.6153567204617
2014-04-01,70.1591919202648
2014-03-31,70.049398673226
2014-03-28,69.8298121791483
2014-03-27,69.943539684206
2014-03-26,70.4323679753971
2014-03-25,70.5277835353236
2014-03-24,69.9356842387929
2014-03-21,68.7946187070681
2014-03-20,68.9279390784724
2014-03-19,69.1436043851558
2014-03-18,68.6469337191763
2014-03-17,68.7318797087602
2014-03-14,68.3593669063071
2014-03-13,69.1645173845917
2014-03-12,69.5357231245801
2014-03-11,69.6128398100002
2014-03-10,69.0572206268606
2014-03-07,68.7580209580552
2014-03-06,69.0259687633285
2014-03-05,69.1605961971975
2014-03-04,68.9828357019918
2014-03-03,68.3345327194769
2014-02-28,68.2443454094093
2014-02-27,67.4509584933074
2014-02-26,67.3921406823938
2014-02-25,68.0979544133576
2014-02-24,68.2835572833518
2014-02-21,68.5684969006668
2014-02-20,69.1436043851558
2014-02-19,69.8428828037958
2014-02-18,71.3146351391018
2014-02-14,70.7395276546128
2014-02-13,69.8232768668246
2014-02-12,69.6977988702088
2014-02-11,69.2089575083932
2014-02-10,67.7058356739333
2014-02-07,67.6247978011189
2014-02-06,66.3739390223553
2014-02-05,65.7765608667232
2014-02-04,65.3228634625445
2014-02-03,64.8733107782013
2014-01-31,64.126221779654
2014-01-30,64.5354966223365
2014-01-29,64.7849593835905
2014-01-28,65.2332127827189
2014-01-27,70.9084906012485
2014-01-24,70.778562079762
2014-01-23,70.7858900483738
2014-01-22,71.1761433555106
2014-01-21,70.2159715817255
2014-01-17,70.1484087505525
2014-01-16,71.6789667336633
2014-01-15,71.6763681632336
2014-01-14,69.8573688624228
2014-01-13,68.846524965258
2014-01-10,69.0063370466864
2014-01-09,69.5572469706412
2014-01-08,69.9911952395539
2014-01-07,69.8917999206167
2014-01-06,69.3298590651877
2014-01-03,70.2172708669404
2014-01-02,71.7232723594902
2013-12-31,71.980400903512
2013-12-30,71.7622509159362
2013-12-27,72.6950077716876
2013-12-26,73.1986107209692
2013-12-24,73.5434410169944
2013-12-23,73.1185747517336
2013-12-20,70.7873322549623
2013-12-19,70.6460479806979
2013-12-18,70.0054873769174
2013-12-17,71.8991955775829
2013-12-16,72.1116287102133
2013-12-13,71.9375244914214
2013-12-12,72.7638698880755
2013-12-11,72.7196941907701
2013-12-10,72.9158862582147
2013-12-09,72.8769206946208
2013-12-06,72.7041027681917
2013-12-05,73.5928138551592
2013-12-04,72.8665134200498
2013-12-03,72.4585378625822
2013-12-02,71.567228205185
2013-11-29,71.1761433555106
2013-11-27,69.3038733608904
2013-11-26,68.0825452589175
2013-11-25,67.692759694458
2013-11-22,67.3718362463864
2013-11-21,66.7403836319621
2013-11-20,66.8261364561432
2013-11-19,67.299076274354
2013-11-18,67.3289598342959
2013-11-15,68.1462102344458
2013-11-14,67.8057975081513
2013-11-13,67.1678484676526
2013-11-12,67.1730456085121
2013-11-11,66.8365307378621
2013-11-08,66.6000608287567
2013-11-07,66.5727758392445
2013-11-06,67.3289598342959
2013-11-05,67.5581817284213
2013-11-04,67.016941228532
2013-11-01,66.6332934278945
2013-10-31,67.3347101139085
2013-10-30,66.7857191534003
2013-10-29,66.4653667811508
2013-10-28,67.5853083405876
2013-10-25,67.8307395935206
2013-10-24,67.4871358394143
2013-10-23,67.0414843538253
2013-10-22,65.6244418039959
2013-10-21,66.0752602633309
2013-10-18,65.3247573267302
2013-10-17,64.5458360345268
2013-10-16,64.4877075798848
2013-10-15,64.008470764947
2013-10-14,63.2114650646328
2013-10-11,62.6702245647435
2013-10-10,62.9130723308036
2013-10-09,61.7815050804385
2013-10-08,62.0734390970852
2013-10-07,62.6947676900368
2013-10-04,61.8228408704062
2013-10-03,62.0991060391682
2013-10-02,62.4880887401984
2013-10-01,61.794551689147
2013-09-30,61.2817295448605
2013-09-27,62.096690478942
2013-09-26,62.5074648917458
2013-09-25,62.1884171803671
2013-09-24,63.0138283188498
2013-09-23,62.3395382450021
2013-09-20,60.1952441404289
2013-09-19,60.6150607572881
2013-09-18,59.5054531453433
2013-09-17,57.8055187829226
2013-09-16,57.7693499667009
2013-09-13,60.0273174936852
2013-09-12,60.1965358838654
2013-09-11,60.0415266714866
2013-09-10,63.2308412161801
2013-09-09,65.036698540393
2013-09-06,63.2889696708222
2013-09-05,63.7656229988869
2013-09-04,64.1066432661203
2013-09-03,62.9531163773348
2013-08-30,62.8433181852332
2013-08-29,63.441395396328
2013-08-28,62.7787310134087
2013-08-27,62.8174833165034
2013-08-26,64.651758996319
2013-08-23,64.5032085011227
2013-08-22,64.3546580059263
2013-08-21,64.7421810368733
2013-08-20,64.6930947862867
2013-08-19,65.1038691990905
2013-08-16,64.4399130727347
2013-08-15,63.1770142671816
2013-08-14,63.7346211564112
2013-08-13,60.4600515449093
2013-08-12,58.9848805404379
2013-08-09,58.5999409963639
2013-08-08,59.1553906740545
2013-08-07,59.2575747806185
2013-08-06,59.3089055944701
2013-08-05,59.3063390537775
2013-08-02,58.6018236336645
2013-08-01,58.165511715926
2013-07-31,57.674019173297
2013-07-30,57.6483537663712
2013-07-29,56.4895606436717
2013-07-26,55.7375642207459
2013-07-25,55.9262049616505
2013-07-24,55.8556250926046
2013-07-23,53.7318126694951
2013-07-22,54.5990467695177
2013-07-19,54.4555771448025
2013-07-18,55.2589043815799
2013-07-17,54.9522027688166
2013-07-16,54.4324782785693
2013-07-15,54.5133243103856
2013-07-12,54.3349497322513
2013-07-11,54.0475100073859
2013-07-10,53.6727822335658
2013-07-09,52.6628484710358
2013-07-08,52.6974967703857
2013-07-05,53.3006338331418
2013-07-04,53.5701206058626
2013-07-03,53.5701206058626
2013-07-02,52.5460708695235
2013-07-01,51.4873728338345
2013-06-28,49.9025339561667
2013-06-27,50.501821207884
2013-06-26,50.7738745212974
2013-06-25,51.1806712210713
2013-06-24,51.0805761340607
2013-06-21,52.3702756647853
2013-06-20,53.2775349669086
2013-06-19,54.2823356480534
2013-06-18,55.2075735677283
2013-06-17,55.2270151134746
2013-06-14,54.9881343385127
2013-06-13,55.02021609717
2013-06-12,55.3731154423996
2013-06-11,55.6066706454244
2013-06-10,56.0532487259332
2013-06-07,55.5360907763784
2013-06-06,55.7003493807035
2013-06-05,56.9399885352193
2013-06-04,57.4122320226539
2013-06-03,56.7821462826257
2013-05-31,57.6830020657211
2013-05-30,57.0426501629225
2013-05-29,56.3868990159685
2013-05-28,56.5729732161805
2013-05-24,56.5100929692123
2013-05-23,55.9236384209579
2013-05-22,56.2354731151063
2013-05-21,55.7195984358979
2013-05-20,55.1934575939191
2013-05-17,55.3102351954314
2013-05-16,53.7561948060746
2013-05-15,54.2002063458909
2013-05-14,56.7397983611981
2013-05-13,57.939656134979
2013-05-10,57.8087625596575
2013-05-09,58.4632304362652
2013-05-08,58.1081240729833
2013-05-07,57.8391344900562
2013-05-06,57.9168992509972
2013-05-03,57.2590858633651
2013-05-02,56.1729288744842
2013-05-01,55.3774336150221
2013-04-30,55.0816725570169
2013-04-29,53.5429501561023
2013-04-26,52.045022383878
2013-04-25,51.8856683655563
2013-04-24,50.0371617530242
2013-04-23,50.8415808375123
2013-04-22,49.8809948150689
2013-04-19,49.0937859645595
2013-04-18,49.6855630469991
2013-04-17,50.7523425872521
2013-04-16,53.615615588457
2013-04-15,53.4855827095065
2013-04-12,54.7017725773379
2013-04-11,54.970762160265
2013-04-10,54.3091242761932
2013-04-09,53.8935289964101
2013-04-08,53.8603833605992
2013-04-05,53.5021555274119
2013-04-04,54.2122370330536
2013-04-03,54.8573020992199
2013-04-02,54.3588427299096
2013-04-01,54.5296702375505
2013-03-29,56.299137256995
2013-03-28,56.299137256995
2013-03-27,57.4605220908452
2013-03-26,58.7098448461662
2013-03-25,58.8691988644879
2013-03-22,57.7639193934084
2013-03-21,57.3801949172896
2013-03-20,57.3151784778143
2013-03-19,57.1762217738378
2013-03-18,56.2455943068389
2013-03-15,55.7420356089422
2013-03-14,54.875149749272
2013-03-13,54.2262601866659
2013-03-12,54.5079980910587
2013-03-11,54.1982138794413
2013-03-08,54.6405806343024
2013-03-07,53.6780823636391
2013-03-06,54.1077007970345
2013-03-05,53.6385625670953
2013-03-04,53.4154669414449
2013-03-01,54.815232638383
2013-02-28,56.2710909497704
2013-02-27,56.1754785387773
2013-02-26,55.7943037269517
2013-02-25,56.4202463109195
2013-02-22,56.9340036659888
2013-02-21,56.4521171145838
2013-02-20,57.214466738235
2013-02-19,57.8582569722548
2013-02-18,58.6320800852252
2013-02-15,58.6320800852252
2013-02-14,59.1547612653204
2013-02-13,59.0527746935945
2013-02-12,59.6295087567046
2013-02-11,60.3314313366081
2013-02-08,59.6940152633212
2013-02-07,57.8926774402123
2013-02-06,57.3620462245529
2013-02-05,56.0489727372438
2013-02-04,56.0210889373202
2013-02-01,56.8259167987501
2013-01-31,57.6662331328099
2013-01-30,57.6053957511585
2013-01-29,57.3037437338037
2013-01-28,55.2428774303629
2013-01-25,55.1338771215708
2013-01-24,57.0667314344535
2013-01-23,63.9768440336904
2013-01-22,62.9451434365189
2013-01-21,62.9159921911443
2013-01-18,62.9159921911443
2013-01-17,63.629563980097
2013-01-16,62.4216884652267
2013-01-15,61.2657782138504
2013-01-14,63.1834231813202
2013-01-11,65.782953801466
2013-01-10,65.3393478935913
2013-01-09,65.3989178297916
2013-01-08,66.0655941370547
2013-01-07,65.298789639157
2013-01-04,66.6459067112819
2013-01-03,68.5687989029191
2013-01-02,68.6486479663366
2012-12-31,64.5129734594932
2012-12-28,64.401438259799
2012-12-27,63.9629021337286
2012-12-26,64.7816718951202
2012-12-24,65.7436629924828
2012-12-21,64.670136695426
2012-12-20,65.765209565151
2012-12-19,66.6042584537597
2012-12-18,65.9388495919476
2012-12-17,63.5281683440114
2012-12-14,64.0795071152271
2012-12-13,66.6422818172918
2012-12-12,67.9693098790172
2012-12-11,68.1087162041805
2012-12-10,66.10741983694
2012-12-07,67.1746089067415
2012-12-06,65.7335234288742
2012-12-05,68.2861585673304
2012-12-04,72.5143565921019
2012-12-03,74.2089311601833
2012-11-30,73.8515115429814
2012-11-29,74.1772450239065
2012-11-28,72.5308333829658
2012-11-27,73.5245106166051
2012-11-26,72.714612973371
2012-11-23,71.3064810772316
2012-11-21,70.5460138065893
2012-11-20,70.289989825473
2012-11-19,68.4268450123992
2012-11-16,64.1010663623498
2012-11-15,66.2392341638514
2012-11-14,67.9578901955031
2012-11-13,67.9807042136224
2012-11-12,68.2709492219175
2012-11-09,67.6460986145397
2012-11-08,67.8450875503578
2012-11-07,70.4382809432482
2012-11-06,73.1889603169978
2012-11-05,72.8748012879001
2012-11-02,72.5152216762821
2012-11-01,74.9654097666752
2012-10-31,74.1491009641601
2012-10-30,74.5654563039282
2012-10-26,74.5654563039282
2012-10-25,76.4012048474513
2012-10-24,77.0434014169724
2012-10-23,77.1771397988374
2012-10-22,77.0585416111458
2012-10-19,76.9147097664987
2012-10-18,79.4860194102788
2012-10-17,81.2523753971739
2012-10-16,79.612187695057
2012-10-15,78.7100844588928
2012-10-12,78.8930284718212
2012-10-11,79.2462996692002
2012-10-10,80.3691974037263
2012-10-09,78.6722339734593
2012-10-08,80.2569076302737
2012-10-05,82.1708805103593
2012-10-04,83.9713019341445
2012-10-03,83.6028905425921
2012-10-02,82.091394490949
2012-10-01,82.8294789569016
2012-09-28,84.1227038758784
2012-09-27,83.3152268532978
2012-09-26,83.4224698953593
2012-09-25,84.9112556557423
2012-09-24,86.1729385035245
2012-09-21,88.2372661285803
2012-09-20,87.5128456878692
2012-09-19,88.2635469822996
2012-09-18,87.8661168852482
2012-09-17,87.6377522897996
2012-09-14,86.78990141609
2012-09-13,85.1345735197997
2012-09-12,82.7663948145125
2012-09-11,82.8294789569016
2012-09-10,83.5360213516597
2012-09-07,85.2607418045779
2012-09-06,84.6336854292302
2012-09-05,84.4822834874963
2012-09-04,83.8388252351274
2012-08-31,82.9241051704853
2012-08-30,83.6310260700977
2012-08-29,84.860788341831
2012-08-28,84.6176620570634
2012-08-27,84.9793865295225
2012-08-24,82.7096190863623
2012-08-23,83.4161614811204
2012-08-22,81.7709270476124
2012-08-21,82.05102063982
2012-08-20,81.9967682773654
2012-08-17,80.5975619991749
2012-08-16,79.5491035526679
2012-08-15,79.2021407695278
2012-08-14,79.5125147500822
2012-08-13,78.6343834880258
2012-08-10,78.0603177922849
2012-08-09,77.9467663359845
2012-08-08,77.5255912969048
2012-08-07,77.6436824584979
2012-08-06,77.2944341295311
2012-08-03,76.8296072168775
2012-08-02,75.4087444109012
2012-08-01,75.7542238730086
2012-07-31,75.7190477823213
2012-07-30,73.8471772421757
2012-07-27,71.8082202712653
2012-07-26,71.6536967300318
2012-07-25,71.6084703277196
2012-07-24,75.1901501330587
2012-07-23,73.8333580636913
2012-07-20,75.8421640997269
2012-07-19,76.131110558944
2012-07-18,75.8245760543832
2012-07-17,75.7730682073054
2012-07-16,76.0079942415384
2012-07-13,75.3773371870732
2012-07-12,74.4577336733909
2012-07-11,75.0280888581065
2012-07-10,76.0444266211788
2012-07-09,75.8936719468047
2012-07-06,75.5758308416659
2012-07-05,75.3333670737141
2012-07-03,74.6235638152025
2012-07-02,73.3170233039599
2012-06-29,72.1423931327947
2012-06-28,71.0569594773008
2012-06-27,71.8496778067182
2012-06-26,71.2730411772371
2012-06-25,71.6549530189849
2012-06-22,72.2893789403095
2012-06-21,72.5431493088393
2012-06-20,72.9652623970869
2012-06-19,73.254208856304
2012-06-18,71.6549530189849
2012-06-15,71.5519373248293
2012-06-14,71.2642471545653
2012-06-13,71.6562093079381
2012-06-12,71.1938949731907
2012-06-11,71.687616531766
2012-06-08,71.4828414324078
2012-06-07,71.6712847753755
2012-06-06,71.0431402988165
2012-06-05,70.142381119431
2012-06-04,68.9074490785161
2012-06-01,70.4175084001638
2012-05-31,71.7918885148748
2012-05-30,71.176306927847
2012-05-29,71.0192708087073
2012-05-25,70.1602204225653
2012-05-24,70.5067049158352
2012-05-23,69.5016737533409
2012-05-22,69.4200149713882
2012-05-21,67.0921115412608
2012-05-18,65.6008965539098
2012-05-17,66.5983899826854
2012-05-16,67.9702575194902
2012-05-15,69.3157429882794
2012-05-14,70.0506720258534
2012-05-11,70.898667069208
2012-05-10,71.4126148799285
2012-05-09,70.4589659356167
2012-05-08,70.1926326775557
2012-05-07,70.5067049158352
2012-05-04,71.0016827633636
2012-05-03,72.902447949431
2012-05-02,72.721542340182
2012-05-01,73.019282822071
2012-04-30,73.2416459667728
2012-04-27,75.4401516347291
2012-04-26,75.6449267340873
2012-04-25,76.131110558944
2012-04-24,69.7240368980427
2012-04-23,69.9275557084478
2012-04-20,71.6612344637505
2012-04-19,73.4326018876467
2012-04-18,75.7177914933682
2012-04-17,71.8484215177651
2012-04-16,72.6449087140418
2012-04-13,75.8182946096176
2012-04-12,77.9527295409649
2012-04-11,78.3097919872201
2012-04-10,78.6436884651797
2012-04-09,78.5557482384615
2012-04-05,78.3170533373691
2012-04-04,77.5130284073736
2012-04-03,78.2052436205416
2012-04-02,75.4250761672917
2012-03-30,75.118541662731
2012-03-29,76.2856341001775
2012-03-28,76.6725710977378
2012-03-27,76.1386482926627
2012-03-26,74.7818562232953
2012-03-23,74.6739410022225
2012-03-22,74.8157760250295
2012-03-21,75.5544739294629
2012-03-20,73.116017071461
2012-03-19,74.0017007834091
2012-03-16,72.6135014902139
2012-03-15,72.6825973826354
2012-03-14,72.2868663624032
2012-03-13,69.8182585695266
2012-03-12,68.7190057355484
2012-03-09,68.2303093327856
2012-03-08,66.849647773309
2012-03-07,65.741600916659
2012-03-06,64.8522739667469
2012-03-05,66.0807989340009
2012-03-02,68.1561882845516
2012-03-01,67.6850799271324
2012-02-29,67.2993992185252
2012-02-28,66.0619545997041
2012-02-27,64.8596860715703
2012-02-24,65.1561702645061
2012-02-23,64.0079221613564
2012-02-22,63.9539017363723
2012-02-21,63.3320387045789
2012-02-17,62.8521363244879
2012-02-16,61.1347893255757
2012-02-15,62.4237417914747
2012-02-14,63.0657054465179
2012-02-13,62.4488675705371
2012-02-10,61.3759968045744
2012-02-09,60.3722219310332
2012-02-08,59.0078921279472
2012-02-07,58.3647978128461
2012-02-06,57.5632854607569
2012-02-03,57.2314995482385
2012-02-02,57.0330058936458
2012-02-01,57.2302432592854
2012-01-31,56.9186835989121
2012-01-30,55.9538536829176
2012-01-27,55.7503348725125
2012-01-26,55.6711886684661
2012-01-25,55.7453097167
2012-01-24,52.707603028061
2012-01-23,53.0530824901684
2012-01-20,52.7327288071233
2012-01-19,53.581980139431
2012-01-18,53.5555980714155
2012-01-17,53.1359975610742
2012-01-13,52.5957933112335
2012-01-12,52.6070999118115
2012-01-11,52.6774520931861
2012-01-10,52.9525793739189
2012-01-09,52.9337350396222
2012-01-06,52.6661454926081
2012-01-05,51.8432762283159
2012-01-04,51.4173942732089
2012-01-03,51.3822181825216
2011-12-30,50.6900029693536
2011-12-29,50.3156288613245
2011-12-28,50.4199008444333
2011-12-27,50.6309573885571
2011-12-23,50.188115532583
2011-12-22,49.7616054329995
2011-12-21,49.2477832511743
2011-12-20,48.6510459984433
2011-12-19,47.7992820882294
2011-12-16,47.6849597934956
2011-12-15,47.5266673854028
2011-12-14,47.4475211813564
2011-12-13,48.6309453751934
2011-12-12,48.9261732791761
2011-12-09,49.1246669337687
2011-12-08,49.0241638175193
2011-12-07,48.5885456230257
2011-12-06,48.9173792565043
2011-12-05,49.0440131829786
2011-12-02,48.8168761402549
2011-12-01,47.8332018899636
2011-11-30,47.5254110964497
2011-11-29,46.5078170444242
2011-11-28,46.5241488008147
2011-11-25,45.6434902446791
2011-11-23,46.090729111989
2011-11-22,46.6007824269549
2011-11-21,45.9688690835366
2011-11-18,47.0957602744834
2011-11-17,47.1736501895767
2011-11-16,48.2816970462266
2011-11-15,47.6698843260582
2011-11-14,47.5128482069185
2011-11-11,47.7716437312608
2011-11-10,48.0090823434001
2011-11-09,49.5266793987665
2011-11-08,50.4475392014019
2011-11-07,49.7653742998589
2011-11-04,50.1460298526536
2011-11-03,49.6686400504688
2011-11-02,49.6372328266408
2011-11-01,49.3997942145016
2011-10-31,50.3834684647929
2011-10-28,50.5668866519481
2011-10-27,50.4889967368548
2011-10-26,49.3911258207251
2011-10-25,49.9224104189986
2011-10-24,49.6736652062813
2011-10-21,49.0894908430814
2011-10-20,49.5241668208602
2011-10-19,49.9751745550296
2011-10-18,52.260364160751
2011-10-17,52.2540827159854
2011-10-14,52.1699113561265
2011-10-13,50.6096004763541
2011-10-12,50.2691461700591
2011-10-11,49.1837125145653
2011-10-10,47.5141044958716
2011-10-07,46.2928660045457
2011-10-06,46.709388606952
2011-10-05,45.2640909808375
2011-10-04,44.502779875248
2011-10-03,46.8810604923955
2011-09-30,47.8872223149476
2011-09-29,48.5191356583659
2011-09-28,49.8131132800773
2011-09-27,50.0078380678106
2011-09-26,49.1585867355029
2011-09-23,50.2327137904187
2011-09-22,49.8369827701866
2011-09-21,51.759104868457
2011-09-20,51.6573454632544
2011-09-19,49.6491047572478
2011-09-16,49.6271825150159
2011-09-15,48.9827062820664
2011-09-14,48.4626026554756
2011-09-13,47.7703874423077
2011-09-12,46.7213861664542
2011-09-09,47.113348319827
2011-09-08,48.0291829666499
2011-09-07,47.9902380091033
2011-09-06,46.0404775538643
2011-09-02,46.7125921437824
2011-09-01,47.8294330231042
2011-08-31,47.9726499637596
2011-08-30,48.5191356583659
2011-08-29,48.744011380974
2011-08-26,46.5832948847275
2011-08-25,45.8545467888029
2011-08-24,46.5580686025489
2011-08-23,44.8495156263086
2011-08-22,44.6095644362631
2011-08-19,44.7238867309968
2011-08-18,45.3985138988211
2011-08-17,47.4877224278561
2011-08-16,47.2440023709513
2011-08-15,47.4990290284342
2011-08-12,47.0141014925307
2011-08-11,45.8193706981156
2011-08-10,45.5404745505234
2011-08-09,44.598257835685
2011-08-08,44.3495126229677
2011-08-05,45.5492685731952
2011-08-04,47.4060636459035
2011-08-03,48.0203889439781
2011-08-02,48.7879814943332
2011-08-01,49.2930096534865
2011-07-29,48.2414957997269
2011-07-28,48.7603431373646
2011-07-27,49.2653712965179
2011-07-26,50.2113568782157
2011-07-25,48.9475301913791
2011-07-22,48.7126041571461
2011-07-21,48.2289329101957
2011-07-20,48.4927535903504
2011-07-19,46.899779197797
2011-07-18,45.8897228794902
2011-07-15,45.1221303291352
2011-07-14,44.7666005554028
2011-07-13,44.7716257112153
2011-07-12,43.7967454835958
2011-07-11,44.3243868439053
2011-07-08,44.246496928812
2011-07-07,44.4726289403732
2011-07-06,43.5567942935503
2011-07-05,43.0278966442876
2011-07-01,41.9851768131998
2011-06-30,41.8143215155758
2011-06-29,41.6937177760764
2011-06-28,41.8896988527628
2011-06-27,41.1120559907829
2011-06-24,40.8406975769094
2011-06-23,39.9650641765862
2011-06-22,40.5002432706144
2011-06-21,39.5982278022758
2011-06-20,39.0077719943104
2011-06-17,40.1208440067728
2011-06-16,39.9914462446017
2011-06-15,40.8143155088939
2011-06-14,41.3708515151251
2011-06-13,40.8381849990032
2011-06-10,40.8934617129403
2011-06-09,41.5517571243741
2011-06-08,41.5391942348429
2011-06-07,41.6962303539827
2011-06-06,42.4386971252753
2011-06-03,42.9663384855849
2011-06-02,43.2540286558489
2011-06-01,43.297998769208
2011-05-31,42.83945330132
2011-05-27,41.9989959916841
2011-05-26,42.0146996035981
2011-05-25,41.8155778045289
2011-05-24,41.6258781726081
2011-05-23,41.3846706936094
2011-05-20,42.0881925073555
2011-05-19,42.5467379752435
2011-05-18,42.211308824761
2011-05-17,41.5492445464679
2011-05-16,41.7841705807009
2011-05-13,42.7577945193673
2011-05-12,42.9990019983659
2011-05-11,43.3721198174419
2011-05-10,43.5505128487847
2011-05-09,43.5338795830454
2011-05-06,43.4939798458944
2011-05-05,43.4738792226445
2011-05-04,43.5781512057533
2011-05-03,43.4198587976604
2011-05-02,43.404783330223
2011-04-29,43.5512666221565
2011-04-28,43.4072959081292
2011-04-27,43.6057895627219
2011-04-26,43.8884545771734
2011-04-25,44.0078020277196
2011-04-22,43.7841825940646
2011-04-21,43.7841825940646
2011-04-20,42.9022677489759
2011-04-19,41.6723608638734
2011-04-18,40.2213471230223
2011-04-15,41.0555229878926
2011-04-14,41.7163309772326
2011-04-13,41.774120269076
2011-04-12,41.4826612319526
2011-04-11,41.4600480307965
2011-04-08,41.9537695893718
2011-04-07,42.2150776916204
2011-04-06,42.3545257654164
2011-04-05,42.211308824761
2011-04-04,42.5128181735093
2011-04-01,43.1283997605371
2011-03-31,43.4751355115976
2011-03-30,43.6485033871279
2011-03-29,43.4751355115976
2011-03-28,44.0253900730632
2011-03-25,43.5957392510969
2011-03-24,42.5706074653527
2011-03-23,42.2050273799954
2011-03-22,42.60578355604
2011-03-21,42.1183434422303
2011-03-18,41.4575354528903
2011-03-17,41.5404002722379
2011-03-16,40.9876833844242
2011-03-15,42.7263872955393
2011-03-14,44.1346872119845
2011-03-11,43.3419688825671
2011-03-10,43.3294059930359
2011-03-09,44.0454906963131
2011-03-08,44.2527783735776
2011-03-07,44.1346872119845
2011-03-04,44.9437372977924
2011-03-03,44.7138364193718
2011-03-02,43.7691071266272
2011-03-01,43.678779950898
2011-02-28,44.1108177218753
2011-02-25,43.3168431035048
2011-02-24,42.5090493066499
2011-02-23,42.5392002415248
2011-02-22,42.4273905246973
2011-02-18,43.9098114893764
2011-02-17,44.7892137565589
2011-02-16,45.2892167598998
2011-02-15,44.9186115187301
2011-02-14,44.8130832466681
2011-02-11,44.4148522114193
2011-02-10,43.7188555685025
2011-02-09,44.5819260792945
2011-02-08,44.2402154840464
2011-02-07,43.6736291661902
2011-02-04,43.1547818285525
2011-02-03,42.5316625078061
2011-02-02,43.159806984365
2011-02-01,42.8369407234137
2011-01-31,41.997739702731
2011-01-28,41.9007541955503
2011-01-27,43.0694798086358
2011-01-26,42.9022677489759
2011-01-25,42.0316595044652
2011-01-24,41.0454726762676
2011-01-21,41.0341660756895
2011-01-20,41.4726109203277
2011-01-19,42.3218622526354
2011-01-18,40.9550198716431
2011-01-14,43.2716167011925
2011-01-13,43.1974956529586
2011-01-12,42.9650821966317
2011-01-11,42.6472410914929
2011-01-10,42.3582946322758
2011-01-07,41.6962303539827
2011-01-06,41.8218592492945
2011-01-05,41.3947210052344
2011-01-04,41.2251219965635
2011-01-03,40.8088506519479
2010-12-31,40.3658203526308
2010-12-30,40.5844146304733
2010-12-29,40.8419538658625
2010-12-28,40.83692871005
2010-12-27,40.3922024206463
2010-12-23,40.5994900979108
2010-12-22,40.6472290781292
2010-12-21,40.4587857351616
2010-12-20,39.9788833550705
2010-12-17,40.2301411456941
2010-12-16,40.2138093893036
2010-12-15,40.0994870945698
2010-12-14,40.0756176044606
2010-12-13,40.3268753950842
2010-12-10,40.0253660463359
2010-12-09,40.0781301823668
2010-12-08,39.8381789923213
2010-12-07,39.9650641765862
2010-12-06,40.0027528451798
2010-12-03,39.7414447429312
2010-12-02,39.5592828447291
2010-12-01,39.5731020232135
2010-11-30,39.0542546855758
2010-11-29,39.1183254221848
2010-11-26,39.3143064988712
2010-11-24,39.1648081134501
2010-11-23,38.5127941467819
2010-11-22,38.4261102090168
2010-11-19,38.3469640049704
2010-11-18,38.2778681125489
2010-11-17,37.4072598680382
2010-11-16,37.6032409447246
2010-11-15,38.4763617671415
2010-11-12,38.1447014835184
2010-11-11,39.4788803517296
2010-11-10,39.3909401250114
2010-11-09,39.5102875755576
2010-11-08,39.7942088789622
2010-11-05,39.7929525900091
2010-11-04,39.5768708900728
2010-11-03,38.7602830705462
2010-11-02,38.5680708607191
2010-11-01,37.9650521632226
2010-10-29,37.7979657324579
2010-10-28,37.8017345993172
2010-10-27,38.3921904072826
2010-10-26,38.3984718520482
2010-10-25,38.7489764699681
2010-10-22,38.4801306340009
2010-10-21,38.5429450816568
2010-10-20,38.5517391043286
2010-10-19,37.6911811714428
2010-10-18,39.4839055075421
2010-10-15,38.3055064695175
2010-10-14,37.7389201516613
2010-10-13,37.6635428144743
2010-10-12,36.7451955897451
2010-10-11,37.010272558853
2010-10-08,36.4323796404187
2010-10-07,36.0441863539053
2010-10-06,35.8368986766408
2010-10-05,35.404798091216
2010-10-04,34.8959382507555
2010-10-01,35.3456896959718
2010-09-30,35.3331268064406
2010-09-29,35.9298640591716
2010-09-28,34.5479462107419
2010-09-27,36.5592648246836
2010-09-24,36.5014755328402
2010-09-23,35.9298640591716
2010-09-22,35.4788563250023
2010-09-21,35.5265953052207
2010-09-20,34.6547307717569
2010-09-17,34.3821160689303
2010-09-16,33.8569872865271
2010-09-15,33.6484433203095
2010-09-14,33.3569842831861
2010-09-13,33.387135218061
2010-09-10,32.8393932345016
2010-09-09,33.0303491553755
2010-09-08,32.5504467752845
2010-09-07,32.1924044236459
2010-09-03,31.9725538568502
2010-09-02,31.2275745076513
2010-09-01,30.9398843373873
2010-08-31,30.1949049881884
2010-08-30,30.2363750865308
2010-08-27,29.593142579645
2010-08-26,30.1858345819469
2010-08-25,29.7991739679563
2010-08-24,29.9813358661584
2010-08-23,30.8104865752162
2010-08-20,31.2815949326354
2010-08-19,31.2413936861356
2010-08-18,31.6057174825398
2010-08-17,31.3067207116977
2010-08-16,30.9825981617933
2010-08-13,31.2929015332135
2010-08-12,30.9197837141374
2010-08-11,31.3833543378379
2010-08-10,32.3557219875512
2010-08-09,32.609492356081
2010-08-06,32.3657722991761
2010-08-05,32.7326086734866
2010-08-04,32.702583367507
2010-08-03,32.5906480217842
2010-08-02,32.6157738008466
2010-07-30,32.0228054149749
2010-07-29,32.1735600893491
2010-07-28,32.694920004893
2010-07-27,32.7012014496586
2010-07-26,32.3758226108011
2010-07-23,32.1961732905052
2010-07-22,32.0743132620528
2010-07-21,31.9097394091943
2010-07-20,30.1521911637824
2010-07-19,30.1006833167046
2010-07-16,31.2074738844014
2010-07-15,31.0680258106054
2010-07-14,31.2815949326354
2010-07-13,30.9587286716841
2010-07-12,32.0177802591625
2010-07-09,32.055468927756
2010-07-08,32.0215491260218
2010-07-07,31.3758166041192
2010-07-06,30.9248088699499
2010-07-02,30.552947339827
2010-07-01,30.5554599177333
2010-06-30,31.4084801169003
2010-06-29,31.9474280777879
2010-06-28,33.2313553878744
2010-06-25,33.3934166628266
2010-06-24,33.6811068330906
2010-06-23,33.6559810540282
2010-06-22,34.1082450771506
2010-06-21,33.760253037137
2010-06-18,34.0981947655257
2010-06-17,33.8569872865271
2010-06-16,32.7426841108906
2010-06-15,32.098182752162
2010-06-14,31.9109956981475
2010-06-11,31.0768198332772
2010-06-10,30.4273184445152
2010-06-09,30.4637508241556
2010-06-08,30.8607381333409
2010-06-07,31.4763197203687
2010-06-04,31.9888856132408
2010-06-03,32.7150206281429
2010-06-02,32.7055984609945
2010-06-01,32.5328587299408
2010-05-28,31.8280806272417
2010-05-27,31.2954141111197
2010-05-26,30.6220432322485
2010-05-25,29.7941488121438
2010-05-24,30.9373717594811
2010-05-21,29.0642449303823
2010-05-20,29.6748013615976
2010-05-19,30.7602350170915
2010-05-18,31.4398873407282
2010-05-17,31.1195336576832
2010-05-14,31.3444093802913
2010-05-13,32.2112487579426
2010-05-12,32.5001952171597
2010-05-11,31.4700382756031
2010-05-10,31.2225493518389
2010-05-07,28.2928835131679
2010-05-06,25.0315573908739
2010-05-05,31.2476751309012
2010-05-04,32.2552188713018
2010-05-03,33.025323999563
2010-04-30,32.7891416763769
2010-04-29,32.9160268606418
2010-04-28,32.2125050468957
2010-04-27,32.7288398066272
2010-04-26,33.6924134336686
2010-04-23,33.5429150482476
2010-04-22,32.1861229788803
2010-04-21,32.1270773980837
2010-04-20,30.5221682604756
2010-04-19,30.3732980195312
2010-04-16,30.7225463484979
2010-04-15,30.8431500879972
2010-04-14,30.6622444787483
2010-04-13,30.2903829486254
2010-04-12,30.3783231753436
2010-04-09,30.2087241666727
2010-04-08,29.9047022400182
2010-04-07,29.982604718001
2010-04-06,29.7740481888939
2010-04-05,29.4938957523486
2010-04-01,29.2401253838188
2010-03-31,29.454950794802
2010-03-30,29.4285687267865
2010-03-29,29.0981647321165
2010-03-26,28.7124840235093
2010-03-25,28.4235375642922
2010-03-24,28.5818299723851
2010-03-23,28.1534354393719
2010-03-22,27.6572013028903
2010-03-19,27.792880509827
2010-03-18,27.9662483853573
2010-03-17,28.0491634562631
2010-03-16,27.9536854958261
2010-03-15,27.6697641924215
2010-03-12,28.3607231166363
2010-03-11,28.0554449010287
2010-03-10,28.0403694335912
2010-03-09,27.3732799994856
2010-03-08,27.4185064017979
2010-03-05,26.9637298007692
2010-03-04,26.2099564288985
2010-03-03,26.1232724911333
2010-03-02,26.098146712071
2010-03-01,25.810456541807
2010-02-26,25.3770368529813
2010-02-25,24.7350731979381
2010-02-24,24.8544206484843
2010-02-23,24.5868311014702
2010-02-22,25.0240196571552
2010-02-19,25.2652271361538
2010-02-18,25.2413576460446
2010-02-17,25.2338199123259
2010-02-16,25.3167349832317
2010-02-12,24.5604490334547
2010-02-11,24.3795434242057
2010-02-10,24.4046692032681
2010-02-09,24.4662273619709
2010-02-08,24.372005690487
2010-02-05,23.9762746702549
2010-02-04,24.0667274748794
2010-02-03,24.424769826518
2010-02-02,24.2941157753937
2010-02-01,24.0328076731452
2010-01-29,23.9008973330678
2010-01-28,24.9624614984524
2010-01-27,25.0668591104565
2010-01-26,25.4499016122622
2010-01-25,25.149648552467
2010-01-22,24.7689929996723
2010-01-21,26.0315633975557
2010-01-20,26.3192535678197
2010-01-19,26.0353322644151
2010-01-18,25.8632206778379
2010-01-15,25.8632206778379
2010-01-14,26.2589516980701
2010-01-13,25.6408575331361
2010-01-12,25.9323165702594
2010-01-11,26.1873432277424
2010-01-08,26.2639768538825
2010-01-07,26.2627205649294
2010-01-06,26.4762896869595
2010-01-05,26.7903619252389
2010-01-04,26.6810647863177
2009-12-31,26.4524201968502
2009-12-30,26.1697551823987
2009-12-29,26.2225193184297
2009-12-28,26.3331983751993
2009-12-24,25.5466358616522
2009-12-23,25.2275384675603
2009-12-22,24.9574363426399
2009-12-21,24.5818059456577
2009-12-18,24.1961252370505
2009-12-17,23.9951190045516
2009-12-16,24.4411015829085
2009-12-15,24.2802965969094
2009-12-14,24.191100081238
2009-12-11,24.3003972201593
2009-12-10,24.638338948548
2009-12-09,23.9084350667865
2009-12-08,23.7061725453345
2009-12-07,23.7036599674283
2009-12-04,23.9046661999272
2009-12-03,24.6571832828448
2009-12-02,24.5918562572826
2009-12-01,24.7275354642194
2009-11-30,24.9712555211242
2009-11-27,24.9210039629995
2009-11-25,25.5981437087301
2009-11-24,25.4901028587619
2009-11-23,25.4963843035275
2009-11-20,24.8443703368593
2009-11-19,25.1006532832954
2009-11-18,25.6282946436049
2009-11-17,25.7539235389167
2009-11-16,25.7551798278698
2009-11-13,25.3858308756531
2009-11-12,25.3054283826536
2009-11-11,25.3556799407783
2009-11-10,25.2526642466227
2009-11-09,24.6559269938917
2009-11-06,24.1709994579882
2009-11-05,24.0981346987073
2009-11-04,23.8983847551616
2009-11-03,23.3569242163678
2009-11-02,23.3129541030086
2009-10-30,23.37535397531
2009-10-29,24.1383359452071
2009-10-28,24.0076818940828
2009-10-27,24.6797964840009
2009-10-26,25.1383419518889
2009-10-23,25.5315603942148
2009-10-22,25.4411075895903
2009-10-21,25.0290448129677
2009-10-20,24.8556769374374
2009-10-19,23.3104415251024
2009-10-16,23.5981316953664
2009-10-15,23.8104445284433
2009-10-14,23.8983847551616
2009-10-13,23.8318014406463
2009-10-12,23.8242637069276
2009-10-09,23.6961222337096
2009-10-08,23.7300420354438
2009-10-07,23.747881338578
2009-10-06,23.530292091898
2009-10-05,23.1496491019928
2009-10-02,22.7828001647929
2009-10-01,22.7011413828402
2009-09-30,22.9414317709031
2009-09-29,23.1546616949158
2009-09-28,23.0315453775102
2009-09-25,22.7941067653709
2009-09-24,22.9611931961356
2009-09-23,23.2451144995403
2009-09-22,22.9712435077606
2009-09-21,22.8167199665271
2009-09-18,23.2111946978061
2009-09-17,22.8606900798862
2009-09-16,22.346867898061
2009-09-15,21.8079199371734
2009-09-14,21.388319426832
2009-09-11,21.4662093419253
2009-09-10,21.4586716082066
2009-09-09,21.3192235344105
2009-09-08,21.6081699936277
2009-09-04,20.9913321176468
2009-09-03,20.7287677264451
2009-09-02,20.6169580096176
2009-09-01,20.7212299927264
2009-08-31,20.9172110694128
2009-08-28,21.1722377268958
2009-08-27,20.7074108142421
2009-08-26,20.9498745821939
2009-08-25,21.2476150640828
2009-08-24,21.1395742141147
2009-08-21,20.9548997380064
2009-08-20,20.6797724572735
2009-08-19,20.4084140434001
2009-08-18,20.2777599922758
2009-08-17,20.0277584906054
2009-08-14,20.7953510409604
2009-08-13,20.9172110694128
2009-08-12,20.4096703323532
2009-08-11,20.3368055730724
2009-08-10,20.5604250067273
2009-08-07,20.7036419473828
2009-08-06,20.4888165363996
2009-08-05,20.6295208991488
2009-08-04,20.6295208991488
2009-08-03,20.7124359700546
2009-07-31,20.4662033352435
2009-07-30,20.2890665928539
2009-07-29,19.8807726830906
2009-07-28,19.7991139011379
2009-07-27,19.7564000767319
2009-07-24,19.6609221162949
2009-07-23,19.5428309547019
2009-07-22,19.6119268471233
2009-07-21,18.8129270729404
2009-07-20,18.9561440135958
2009-07-17,18.6722227101912
2009-07-16,18.2877982905371
2009-07-15,18.1307621713973
2009-07-14,17.7339004911074
2009-07-13,17.2777419722303
2009-07-10,17.125731008903
2009-07-09,17.0767357397314
2009-07-08,16.8870361078106
2009-07-07,16.9825140682476
2009-07-06,17.1169369862312
2009-07-03,17.5616632756349
2009-07-02,17.5616632756349
2009-07-01,17.9046301598361
2009-06-30,17.8141773552116
2009-06-29,17.7815138424306
2009-06-26,17.5553818308694
2009-06-25,16.986282935107
2009-06-24,16.9423128217478
2009-06-23,16.6935676090305
2009-06-22,17.1269872978562
2009-06-19,17.1985957681839
2009-06-18,17.0340219153254
2009-06-17,16.9008552862949
2009-06-16,17.0980926519344
2009-06-15,16.9460816886072
2009-06-12,17.0905549182157
2009-06-11,17.4058834454483
2009-06-10,17.3744762216204
2009-06-09,17.6571412360719
2009-06-08,17.5164368733227
2009-06-05,17.9913140976013
2009-06-04,17.5930704994629
2009-06-03,17.4712104710105
2009-06-02,17.380757666386
2009-06-01,17.0855297624033
2009-05-29,16.8154276374829
2009-05-28,16.5867830480155
2009-05-27,16.4460786852663
2009-05-26,15.6470789110833
2009-05-22,15.2953180042103
2009-05-21,15.4385349448657
2009-05-20,15.7413005825671
2009-05-19,15.7965772965043
2009-05-18,15.2727048030542
2009-05-15,15.2777299588666
2009-05-14,15.0377787688211
2009-05-13,14.9975775223213
2009-05-12,15.483761347178
2009-05-11,15.9699451720346
2009-05-08,15.8619043220664
2009-05-07,16.0679357103778
2009-05-06,16.3593947475011
2009-05-05,16.4724607532817
2009-05-04,16.0402973534092
2009-05-01,15.804115030223
2009-04-30,15.6935616023486
2009-04-29,15.5566261064588
2009-04-28,15.4850176361311
2009-04-27,15.409640298944
2009-04-24,15.4485852564907
2009-04-23,15.516424859959
2009-04-22,15.2262221117888
2009-04-21,14.8995869839781
2009-04-20,14.9699391653527
2009-04-17,15.1068746612426
2009-04-16,14.9234564740874
2009-04-15,14.5428009212927
2009-04-14,14.7299879753072
2009-04-13,14.9498385421029
2009-04-09,14.8191844909786
2009-04-08,14.3945588248248
2009-04-07,14.3455635556532
2009-04-06,14.2312412609194
2009-04-03,14.2613921957943
2009-04-02,13.7915401273282
2009-04-01,13.0515859339417
2009-03-31,13.1910340077378
2009-03-30,12.8907809479426
2009-03-27,13.3669144611743
2009-03-26,13.5151565576422
2009-03-25,13.0478170670824
2009-03-24,13.2396775160025
2009-03-23,12.7827400979745
2009-03-20,12.6344980015066
2009-03-19,12.5942967550068
2009-03-18,12.5277134404916
2009-03-17,11.9435390772918
2009-03-16,11.8317293604643
2009-03-13,11.936001343573
2009-03-12,11.5578583686846
2009-03-11,11.25383644203
2009-03-10,10.5980536085025
2009-03-09,10.3731778858944
2009-03-06,10.3430269510196
2009-03-05,11.1118757903277
2009-03-04,11.2375046856395
2009-03-03,11.04026732
2009-03-02,11.0138852519845
2009-02-27,11.0138852519845
2009-02-26,11.1759465269367
2009-02-25,11.2123789065771
2009-02-24,10.9297138921256
2009-02-23,10.8681557334228
2009-02-20,11.1809716827492
2009-02-19,11.3204197565453
2009-02-18,11.6483111733091
2009-02-17,11.8442922499954
2009-02-13,12.3267072079927
2009-02-12,12.0390170377287
2009-02-11,12.03147930401
2009-02-10,12.1935405789622
2009-02-09,12.500075083523
2009-02-06,12.1860028452435
2009-02-05,11.6357482837779
2009-02-04,11.6960501535275
2009-02-03,11.3417766687483
2009-02-02,11.168408793218
2009-01-30,11.3078568670141
2009-01-29,11.6332357058716
2009-01-28,11.4950439210287
2009-01-27,11.2739370652799
2009-01-26,11.0930314560309
2009-01-23,10.8668994444697
2009-01-22,10.7814717956577
2009-01-21,9.96362768717796
2009-01-20,9.82417961338188
2009-01-19,10.1005631830678
2009-01-16,10.1005631830678
2009-01-15,10.0565930697087
2009-01-14,10.6432800108147
2009-01-13,10.848055110173
2009-01-12,10.9988097845471
2009-01-09,11.3241886234046
2009-01-08,11.3116257338735
2009-01-07,11.3392640908421
2009-01-06,11.6068536378562
2009-01-05,11.6470548843559
2009-01-02,10.6985567247519
2008-12-31,10.7211699259081
2008-12-30,10.6432800108147
2008-12-29,10.6872501241739
2008-12-26,10.7086070363769
2008-12-24,10.6219230986117
2008-12-23,10.7915221072827
2008-12-22,10.6395111439554
2008-12-19,11.1558459036868
2008-12-18,11.1106195013746
2008-12-17,11.0578553653436
2008-12-16,11.6520800401684
2008-12-15,11.6834872639964
2008-12-12,11.6244416831998
2008-12-11,11.9133881424169
2008-12-10,12.1231883975876
2008-12-09,12.212384913259
2008-12-08,12.0352481708694
2008-12-05,11.1633836374055
2008-12-04,11.1885094164679
2008-12-03,11.1558459036868
2008-12-02,10.8668994444697
2008-12-01,11.1712982578102
2008-11-28,11.5402703233409
2008-11-26,11.2877562437642
2008-11-25,11.0754434106873
2008-11-24,10.6583554782522
2008-11-21,9.94227077497496
2008-11-20,10.0503116249431
2008-11-19,10.8304670648293
2008-11-18,10.912125846782
2008-11-17,10.9623774049067
2008-11-14,11.306600578061
2008-11-13,10.8065975747201
2008-11-12,11.3078568670141
2008-11-11,11.5905218814656
2008-11-10,11.871930606964
2008-11-07,12.0251978592444
2008-11-06,12.3116317405553
2008-11-05,12.9385199281611
2008-11-04,13.4008342629085
2008-11-03,13.1734459623942
2008-10-31,13.2086220530815
2008-10-30,13.5189254245016
2008-10-29,12.5553517974602
2008-10-28,11.6043410599499
2008-10-27,11.5402703233409
2008-10-24,11.3204197565453
2008-10-23,11.5452954791534
2008-10-22,11.6746932413245
2008-10-21,11.4523300966227
2008-10-20,11.7638897569959
2008-10-17,10.789637673853
2008-10-16,11.5251948559035
2008-10-15,12.297812562071
2008-10-14,12.9573642624579
2008-10-13,12.6910310043969
2008-10-10,10.678456101502
2008-10-09,10.8794623340009
2008-10-08,10.7638837503141
2008-10-07,11.1746902379836
2008-10-06,10.997553495594
2008-10-03,11.8907749412608
2008-10-02,12.5628895311789
2008-10-01,13.491287067533
2008-09-30,13.3543515716431
2008-09-29,12.6370105794128
2008-09-26,15.45235412335
2008-09-25,16.1458256254711
2008-09-24,15.7224562482704
2008-09-23,15.9121558801912
2008-09-22,16.4146714614383
2008-09-19,17.1244747199499
2008-09-18,15.1608950862267
2008-09-17,16.059141687706
2008-09-16,16.6018585154529
2008-09-15,17.6332717459627
2008-09-12,18.404633163177
2008-09-11,18.3418187155212
2008-09-10,18.6935796223942
2008-09-09,18.8179522287528
2008-09-08,19.0275640405806
2008-09-05,19.8053953459035
2008-09-04,20.2023826550887
2008-09-03,20.6031388311334
2008-09-02,20.7287677264451
2008-08-29,21.2363210263943
2008-08-28,21.7023916651115
2008-08-27,21.6321525497427
2008-08-26,21.6848161826574
2008-08-25,21.5654561692217
2008-08-22,22.0566651498907
2008-08-21,21.5943508151434
2008-08-20,21.8104325150796
2008-08-19,21.5843005035184
2008-08-18,21.8368145830951
2008-08-15,21.9913381243286
2008-08-14,22.3418427422485
2008-08-13,22.0981226853436
2008-08-12,21.7978696255485
2008-08-11,21.3154546675512
2008-08-08,20.5717316073054
2008-08-07,20.2890665928539
2008-08-06,19.8493654592626
2008-08-05,19.4498655721711
2008-08-04,19.2099143821256
2008-08-01,19.5667004448111
2008-07-31,19.7212239860446
2008-07-30,19.608157980264
2008-07-29,19.3028797646563
2008-07-28,19.3493624559217
2008-07-25,19.9310242412153
2008-07-24,19.9058984621529
2008-07-23,20.2966043265726
2008-07-22,18.4084020300364
2008-07-21,20.2413276126354
2008-07-18,20.7287677264451
2008-07-17,21.5315363674875
2008-07-16,21.1810317495676
2008-07-15,20.9033918909285
2008-07-14,21.7438492005644
2008-07-11,21.4825410983159
2008-07-10,21.5290237895812
2008-07-09,21.8770158295949
2008-07-08,21.7011479390479
2008-07-07,21.5956071040965
2008-07-03,20.822989397929
2008-07-02,21.1281168588623
2008-07-01,20.6031388311334
2008-06-30,20.9322865368502
2008-06-27,20.6219831654301
2008-06-26,21.1069107013336
2008-06-25,21.8443523168138
2008-06-24,21.5616873023623
2008-06-23,21.5528932796905
2008-06-20,21.985056679563
2008-06-19,22.2111886911242
2008-06-18,22.2802845835457
2008-06-17,22.2878223172644
2008-06-16,21.2400773303641
2008-06-13,20.7677126839918
2008-06-12,21.5076668773782
2008-06-11,22.5616933090441
2008-06-10,22.4900848387164
2008-06-09,22.0792783510469
2008-06-06,23.3104415251024
2008-06-05,23.3292858593992
2008-06-04,23.018982487979
2008-06-03,22.9065948782331
2008-06-02,23.1823000518844
2008-05-30,23.540342403523
2008-05-29,23.3041600803368
2008-05-28,23.0805406466818
2008-05-27,22.8443583234957
2008-05-23,22.336817586436
2008-05-22,21.6081699936277
2008-05-21,22.1420927987028
2008-05-20,22.6282766235594
2008-05-19,22.7765187200273
2008-05-16,23.4926034233045
2008-05-15,23.1408425164315
2008-05-14,23.3129541030086
2008-05-13,23.6006442732726
2008-05-12,22.9712435077606
2008-05-09,22.7853127426991
2008-05-08,22.9988818647292
2008-05-07,22.6810407595903
2008-05-06,22.8870721479017
2008-05-05,22.7451114961993
2008-05-02,22.4310392579199
2008-05-01,21.9674686342194
2008-04-30,21.7237485773145
2008-04-29,21.388319426832
2008-04-28,21.2476150640828
2008-04-25,20.9071607577879
2008-04-24,19.9993663602649
2008-04-23,20.2363024568229
2008-04-22,19.8606720598407
2008-04-21,20.3217301056349
2008-04-18,19.8971044394811
2008-04-17,19.2651910960628
2008-04-16,18.9222242118616
2008-04-15,18.3066426248339
2008-04-14,18.1584005283659
2008-04-11,18.3920702736459
2008-04-10,18.9197116339554
2008-04-09,18.9021235886117
2008-04-08,19.1357933338917
2008-04-07,19.4862979518116
2008-04-04,18.9385559682521
2008-04-03,18.4674476108329
2008-04-02,18.3229743812244
2008-04-01,18.041565655726
2008-03-31,17.9046301598361
2008-03-28,17.7890515761493
2008-03-27,17.5867890546973
2008-03-26,17.66844783665
2008-03-25,17.2526161931679
2008-03-24,16.7890455694674
2008-03-20,16.2287406963769
2008-03-19,16.2902988550796
2008-03-18,16.1646699597679
2008-03-17,15.3958211204597
2008-03-14,15.6031087977242
2008-03-13,15.45235412335
2008-03-12,15.7249688261766
2008-03-11,15.3267252280382
2008-03-10,14.9963212333682
2008-03-07,14.9561199868684
2008-03-06,15.1772268426172
2008-03-05,15.3581324518662
2008-03-04,15.1257189955394
2008-03-03,14.8242096467911
2008-02-29,15.6784861349112
2008-02-28,15.8003461633637
2008-02-27,14.8355162473691
2008-02-26,14.5025996747929
2008-02-25,14.6563694426545
2008-02-22,14.556620099777
2008-02-21,15.1835082873828
2008-02-20,15.2865239815385
2008-02-19,15.2563730466636
2008-02-15,15.5855207523805
2008-02-14,15.9561259935503
2008-02-13,15.78275811802
2008-02-12,15.5302440384433
2008-02-11,15.9799954836595
2008-02-08,15.2764736699135
2008-02-07,14.7325005532135
2008-02-06,15.2978305821165
2008-02-05,16.1935646056896
2008-02-04,16.5101494218753
2008-02-01,16.6056273823122
2008-01-31,16.2563790533455
2008-01-30,16.3317563905325
2008-01-29,16.2124089399863
2008-01-28,15.8857738121757
2008-01-25,16.2827611213609
2008-01-24,16.5842704701092
2008-01-23,15.846828854629
2008-01-22,18.3418187155212
2008-01-18,20.0516279807146
2008-01-17,19.9021295952936
2008-01-16,19.6860478953573
2008-01-15,20.6860539020391
2008-01-14,22.006413591766
2008-01-11,21.3569122030041
2008-01-10,22.0365645266409
2008-01-09,21.143343080974
2008-01-08,21.4574153192535
2008-01-07,21.3858068489258
2008-01-04,22.4737530823259
2008-01-03,24.2074318376286
2008-01-02,24.1898437922849
