Date,AdjustedOpenPrice
2019-03-29,189.83
2019-03-28,188.95
2019-03-27,188.75
2019-03-26,191.664
2019-03-25,191.51
2019-03-22,195.34
2019-03-21,190.02
2019-03-20,186.23
2019-03-19,188.35
2019-03-18,185.8
2019-03-15,184.85
2019-03-14,183.9
2019-03-13,182.25
2019-03-12,180.0
2019-03-11,175.49
2019-03-08,170.32
2019-03-07,173.87
2019-03-06,174.67
2019-03-05,175.94
2019-03-04,175.69
2019-03-01,174.28
2019-02-28,174.32
2019-02-27,173.21
2019-02-26,173.71
2019-02-25,174.16
2019-02-22,171.58
2019-02-21,171.8
2019-02-20,171.19
2019-02-19,169.71
2019-02-15,171.25
2019-02-14,169.71
2019-02-13,171.39
2019-02-12,170.1
2019-02-11,171.05
2019-02-08,168.99
2019-02-07,171.663765063765
2019-02-06,173.904156429156
2019-02-05,172.121800631801
2019-02-04,166.695074880075
2019-02-01,166.246996606997
2019-01-31,165.400626535627
2019-01-30,162.55284017784
2019-01-29,155.582733707734
2019-01-28,155.124698139698
2019-01-25,154.816021996022
2019-01-24,153.451872586873
2019-01-23,153.491701766702
2019-01-22,155.74205042705
2019-01-18,156.827395577396
2019-01-17,153.541488241488
2019-01-16,152.426271206271
2019-01-15,149.628271323271
2019-01-14,150.205794430794
2019-01-11,152.227125307125
2019-01-10,151.848748098748
2019-01-09,150.643915408915
2019-01-08,148.921303381303
2019-01-07,148.064976014976
2019-01-04,143.912784017784
2019-01-03,143.365132795133
2019-01-02,154.228541593542
2018-12-31,157.852996957997
2018-12-28,156.827395577396
2018-12-27,155.174484614485
2018-12-26,147.666684216684
2018-12-24,147.517324792325
2018-12-21,156.190128700129
2018-12-20,159.715011115011
2018-12-19,165.291096291096
2018-12-18,164.673744003744
2018-12-17,164.743445068445
2018-12-14,168.278284778285
2018-12-13,169.761921726922
2018-12-12,169.672306072306
2018-12-11,170.926925236925
2018-12-10,164.295366795367
2018-12-07,172.74911021411
2018-12-06,171.026498186498
2018-12-04,180.177252252252
2018-12-03,183.672262782263
2018-11-30,179.520070785071
2018-11-29,181.87994968995
2018-11-28,175.975273780274
2018-11-27,170.777565812566
2018-11-26,173.495907335907
2018-11-23,174.192917982918
2018-11-21,178.962462267462
2018-11-20,177.60827015327
2018-11-19,189.188604188604
2018-11-16,189.686468936469
2018-11-15,187.58547970048
2018-11-14,193.071949221949
2018-11-13,190.811643266643
2018-11-12,198.15016965017
2018-11-09,204.672197847198
2018-11-08,209.08327951328
2018-11-07,204.377301138992
2018-11-06,200.358618468637
2018-11-05,202.720214704549
2018-11-02,207.92961816612
2018-11-01,217.356157763248
2018-10-31,215.202937665799
2018-10-30,209.517245887741
2018-10-29,217.49507518889
2018-10-26,214.230515686305
2018-10-25,216.02651954639
2018-10-24,220.878706770595
2018-10-23,214.161056973484
2018-10-22,218.090435584498
2018-10-19,216.373813110494
2018-10-18,216.175359645292
2018-10-17,220.581026572791
2018-10-16,217.237085684126
2018-10-15,219.449841821136
2018-10-12,218.715563999886
2018-10-11,212.861186776407
2018-10-10,223.716591322994
2018-10-09,221.910664789649
2018-10-08,220.49172251345
2018-10-05,226.197259638028
2018-10-04,228.995453497386
2018-10-03,228.271098349396
2018-10-02,225.492749836558
2018-10-01,226.187336964767
2018-09-28,223.051772214565
2018-09-27,222.089272908332
2018-09-26,219.291079048974
2018-09-25,218.050744891457
2018-09-24,215.143401626238
2018-09-21,219.072780237251
2018-09-20,218.536955881204
2018-09-19,216.81041073394
2018-09-18,216.105900932471
2018-09-17,220.432186473889
2018-09-14,224.004348847538
2018-09-13,221.791592710528
2018-09-12,223.200612313467
2018-09-11,216.324199744194
2018-09-10,219.241465682673
2018-09-07,220.134506276085
2018-09-06,224.480637164024
2018-09-05,227.219294983821
2018-09-04,226.643779934734
2018-08-31,224.758472015308
2018-08-30,221.523680532504
2018-08-29,218.447651821863
2018-08-28,217.316467070207
2018-08-27,215.470849843822
2018-08-24,214.925102814515
2018-08-23,212.990181528788
2018-08-22,212.444434499481
2018-08-21,215.123556279717
2018-08-20,216.413503803535
2018-08-17,211.789538064312
2018-08-16,210.112606283349
2018-08-15,207.602169948535
2018-08-14,208.529939898358
2018-08-13,206.093923612995
2018-08-10,205.75655272215
2018-08-09,204.958364676383
2018-08-08,203.742141265769
2018-08-07,206.975515698863
2018-08-06,205.670300331376
2018-08-03,204.711164796177
2018-08-02,198.333407886862
2018-08-01,196.899648581668
2018-07-31,188.168548812792
2018-07-30,189.750628046111
2018-07-27,192.806018565457
2018-07-26,192.430274747544
2018-07-25,190.897833250171
2018-07-24,190.294467782564
2018-07-23,188.544292630706
2018-07-20,189.631972103612
2018-07-19,187.56538110509
2018-07-18,189.631972103612
2018-07-17,187.624709076339
2018-07-16,189.374884228198
2018-07-13,188.939812439035
2018-07-12,187.407173181758
2018-07-11,186.388709675309
2018-07-10,188.57395661633
2018-07-09,187.377509196133
2018-07-06,183.343207151172
2018-07-05,183.18499922784
2018-07-03,185.686662015524
2018-07-02,181.761127917853
2018-06-29,184.203462734289
2018-06-28,182.037991783684
2018-06-27,183.153159883269
2018-06-26,180.94042431557
2018-06-25,181.345832119107
2018-06-22,184.035366815748
2018-06-21,185.152710274279
2018-06-20,184.262790705538
2018-06-19,183.066343285341
2018-06-18,185.775653972399
2018-06-15,187.90157294217
2018-06-14,189.404548213822
2018-06-13,190.264803796939
2018-06-12,189.241396292886
2018-06-11,189.206788309658
2018-06-08,189.028804395909
2018-06-07,191.965538972756
2018-06-06,191.461251217136
2018-06-05,190.902579487871
2018-06-04,189.488596173092
2018-06-01,185.885608479114
2018-05-31,185.123046288655
2018-05-30,185.617446049067
2018-05-29,185.498790106568
2018-05-25,186.121733804687
2018-05-24,186.655685545932
2018-05-23,184.262790705538
2018-05-22,186.265109735206
2018-05-21,185.894309914897
2018-05-18,185.09338230303
2018-05-17,185.894309914897
2018-05-16,183.985926839707
2018-05-15,184.687974499492
2018-05-14,186.89299743093
2018-05-11,187.367621200925
2018-05-10,184.924134415358
2018-05-09,183.751982929503
2018-05-08,182.215380981661
2018-05-07,182.402531218898
2018-05-04,175.576472565982
2018-05-03,173.24201960676
2018-05-02,172.596843788916
2018-05-01,163.914254782607
2018-04-30,159.698449438526
2018-04-27,161.54020477319
2018-04-26,161.658404923024
2018-04-25,160.180903050098
2018-04-24,163.18515685838
2018-04-23,164.332486312769
2018-04-20,168.036288007819
2018-04-19,172.325968445546
2018-04-18,175.143072016591
2018-04-17,173.842870368416
2018-04-16,172.40486704556
2018-04-13,172.158518233281
2018-04-12,170.809066522676
2018-04-11,169.646765049308
2018-04-10,170.405216010743
2018-04-09,167.332012115058
2018-04-06,168.40566347605
2018-04-05,169.991515486324
2018-04-04,162.407005871973
2018-04-03,165.125609318156
2018-04-02,165.362009617824
2018-03-29,165.288134524178
2018-03-28,164.741458831195
2018-03-27,171.075016859803
2018-03-26,165.549159855061
2018-03-23,165.864360254619
2018-03-22,167.450212264892
2018-03-21,172.414618557922
2018-03-20,172.611618807645
2018-03-19,174.660421404768
2018-03-16,175.970473065429
2018-03-15,175.822722878137
2018-03-14,177.615425150619
2018-03-13,179.85137798498
2018-03-12,177.585875113161
2018-03-09,175.290822203883
2018-03-08,172.848019107313
2018-03-07,172.31611843306
2018-03-06,175.241572141452
2018-03-05,172.582068770187
2018-03-02,170.20821576102
2018-03-01,175.862122928081
2018-02-28,176.571323827085
2018-02-27,176.413723627307
2018-02-26,173.70497019361
2018-02-23,171.065166847316
2018-02-22,169.223214512403
2018-02-21,170.237765798478
2018-02-20,169.469464824557
2018-02-16,169.774815211628
2018-02-15,167.243362002682
2018-02-14,160.599528580761
2018-02-13,159.520952213525
2018-02-12,156.122697905796
2018-02-09,154.714146120274
2018-02-08,157.244740984593
2018-02-07,159.986640361048
2018-02-06,151.88847243524
2018-02-05,156.077349121273
2018-02-02,162.846259925401
2018-02-01,163.989126749576
2018-01-31,163.69973128766
2018-01-30,162.380284181638
2018-01-29,166.927226439194
2018-01-26,168.732269320295
2018-01-25,171.189678242663
2018-01-24,173.882527540827
2018-01-23,173.931577619118
2018-01-22,173.931577619118
2018-01-19,175.216689670336
2018-01-18,175.962250860356
2018-01-17,172.80342581843
2018-01-16,174.520178558607
2018-01-12,172.832855865404
2018-01-11,171.273063375757
2018-01-10,169.870231136641
2018-01-09,171.233823313125
2018-01-08,171.037622999961
2018-01-05,170.144911575069
2018-01-04,169.262010165835
2018-01-03,169.252200150177
2018-01-02,166.927226439194
2017-12-29,167.280387002887
2017-12-28,167.751267754479
2017-12-27,166.868366345245
2017-12-26,167.555067441316
2017-12-22,171.361353516681
2017-12-21,170.861042718115
2017-12-20,171.547743814186
2017-12-19,171.704704064716
2017-12-18,171.557553829844
2017-12-15,170.331301872574
2017-12-14,169.124669946621
2017-12-13,169.222770103202
2017-12-12,168.879419555167
2017-12-11,165.985464936011
2017-12-08,167.250956955913
2017-12-07,165.818694669822
2017-12-06,164.317762274124
2017-12-05,165.848124716797
2017-12-04,169.203150071886
2017-12-01,166.721216110372
2017-11-30,167.192096861964
2017-11-29,169.350300306758
2017-11-28,170.988572921671
2017-11-27,171.724324096032
2017-11-24,171.773374174323
2017-11-22,170.066431449804
2017-11-21,167.53544741
2017-11-20,167.05475664275
2017-11-17,167.790507817112
2017-11-16,167.927848036326
2017-11-15,166.740836141689
2017-11-14,169.752510948743
2017-11-13,170.203771669018
2017-11-10,171.783184189981
2017-11-09,171.1678589339
2017-11-08,170.727989500285
2017-11-07,169.994873777594
2017-11-06,168.48465538885
2017-11-03,170.082847664317
2017-11-02,163.866026335897
2017-11-01,166.045823751365
2017-10-31,164.120173119763
2017-10-30,160.200447722442
2017-10-27,155.70400462327
2017-10-26,153.690380104946
2017-10-25,153.377584063264
2017-10-24,152.771541732506
2017-10-23,153.358034310659
2017-10-20,153.084337774188
2017-10-19,153.221186042423
2017-10-18,156.808565645458
2017-10-17,156.182973562095
2017-10-16,154.345296817216
2017-10-13,153.201636289818
2017-10-12,152.830190990321
2017-10-11,152.458745690825
2017-10-10,152.541832139396
2017-10-09,152.302347669984
2017-10-06,151.48125806057
2017-10-05,150.709042832669
2017-10-04,150.171424636029
2017-10-03,150.542869935525
2017-10-02,150.787241843089
2017-09-29,149.760879831322
2017-09-28,150.425571419895
2017-09-27,150.337597533172
2017-09-26,148.363072520057
2017-09-25,146.613369661902
2017-09-22,148.597669551319
2017-09-21,152.292572793681
2017-09-20,154.345296817216
2017-09-19,155.919051901926
2017-09-18,156.505544480079
2017-09-15,154.902464766461
2017-09-14,155.410758334194
2017-09-13,156.270947448818
2017-09-12,158.949263555716
2017-09-11,156.886764655878
2017-09-08,157.23866020277
2017-09-07,158.440969987983
2017-09-06,159.047012318741
2017-09-05,160.063599454206
2017-09-01,161.089961465974
2017-08-31,159.956075814878
2017-08-30,160.112473835719
2017-08-29,156.495769603777
2017-08-28,156.534869108987
2017-08-25,156.055900170162
2017-08-24,156.818340521761
2017-08-23,155.488957344614
2017-08-22,154.6678677352
2017-08-21,153.954301765114
2017-08-18,154.306197312006
2017-08-17,156.906314408483
2017-08-16,158.294346843445
2017-08-15,157.043162676719
2017-08-14,155.733329252178
2017-08-11,153.074562897885
2017-08-10,156.300272077726
2017-08-09,155.065745135326
2017-08-08,154.423126826967
2017-08-07,152.923684107461
2017-08-04,151.959756644922
2017-08-03,152.913947466426
2017-08-02,155.085218417397
2017-08-01,145.173317843006
2017-07-31,145.952249125866
2017-07-28,145.94251248483
2017-07-27,149.700855924629
2017-07-26,149.311390283199
2017-07-25,147.802210922658
2017-07-24,146.614340716296
2017-07-21,146.039878895187
2017-07-20,147.510111691585
2017-07-19,146.516974305939
2017-07-18,145.270684253363
2017-07-17,144.900691894005
2017-07-14,144.073077405966
2017-07-13,141.668127070136
2017-07-12,142.028382788459
2017-07-11,140.918405710384
2017-07-10,140.314733966167
2017-07-07,139.136600400842
2017-07-06,139.253440093271
2017-07-05,139.905795042666
2017-07-03,141.060755402326
2017-06-30,140.645779761383
2017-06-29,140.898932428312
2017-06-28,140.684726325526
2017-06-27,141.191031659385
2017-06-26,143.294146123106
2017-06-23,141.307871351814
2017-06-22,141.931016378102
2017-06-21,141.687600352208
2017-06-20,143.002046892034
2017-06-19,139.876585119559
2017-06-16,139.993424811988
2017-06-15,139.545539324343
2017-06-14,143.615455277286
2017-06-13,143.284409482071
2017-06-12,141.901806454994
2017-06-09,151.102932233776
2017-06-08,151.161352079991
2017-06-07,150.937409336169
2017-06-06,149.846905540165
2017-06-05,150.275317745738
2017-06-02,149.535333027021
2017-06-01,149.136130744555
2017-05-31,149.915062027415
2017-05-30,149.379546770449
2017-05-26,149.944271950522
2017-05-25,149.681382642557
2017-05-24,149.78848569395
2017-05-23,150.82056964374
2017-05-22,149.944271950522
2017-05-19,149.340600206306
2017-05-18,147.286168947763
2017-05-17,149.554806309092
2017-05-16,151.833180311458
2017-05-15,151.901336798708
2017-05-12,150.625836823025
2017-05-11,148.435092589981
2017-05-10,148.969126957593
2017-05-09,149.201845765572
2017-05-08,144.508683137994
2017-05-05,142.307551079192
2017-05-04,142.074832271213
2017-05-03,141.173046890294
2017-05-02,143.063887205124
2017-05-01,140.697912657337
2017-04-28,139.718554340425
2017-04-27,139.55613600569
2017-04-26,140.087025786392
2017-04-25,139.544015234441
2017-04-24,139.146453937477
2017-04-21,138.118612535569
2017-04-20,136.935625261676
2017-04-19,137.575601983618
2017-04-18,137.119860984659
2017-04-17,137.187737303653
2017-04-13,137.604691834615
2017-04-12,137.304096707642
2017-04-11,138.603443385526
2017-04-10,139.243420107468
2017-04-07,139.369476128457
2017-04-06,139.912486680408
2017-04-05,139.844610361414
2017-04-04,138.904038512498
2017-04-03,139.350082894458
2017-03-31,139.359779511457
2017-03-30,139.815520510416
2017-03-29,139.320993043461
2017-03-28,136.635030134703
2017-03-27,135.161144350835
2017-03-24,137.207130537651
2017-03-23,136.974411729672
2017-03-22,135.602340424296
2017-03-21,137.798624174598
2017-03-20,136.140502667747
2017-03-17,136.722299687695
2017-03-16,136.450794411719
2017-03-15,135.180537584834
2017-03-14,135.073874797843
2017-03-13,134.637527032882
2017-03-10,135.025391712848
2017-03-09,134.530864245892
2017-03-08,134.734493202874
2017-03-07,134.841155989864
2017-03-06,135.136902808338
2017-03-03,134.569650713889
2017-03-02,135.752637987782
2017-03-01,133.706651800966
2017-02-28,132.921225824037
2017-02-27,132.979405526032
2017-02-24,131.786721635139
2017-02-23,133.212124334011
2017-02-22,132.290945719094
2017-02-21,132.097013379111
2017-02-17,131.00129565821
2017-02-16,131.55400282716
2017-02-15,131.408553572173
2017-02-14,129.420747087352
2017-02-13,129.042579024386
2017-02-10,128.44138877044
2017-02-09,127.655962793511
2017-02-08,126.815245390462
2017-02-07,126.033209998256
2017-02-06,124.671889130342
2017-02-03,123.880198980207
2017-02-02,123.556764589603
2017-02-01,122.644389965363
2017-01-31,116.967392303422
2017-01-30,116.754987628996
2017-01-27,117.923213338341
2017-01-26,117.469439715702
2017-01-25,116.262594974644
2017-01-24,115.422631034867
2017-01-23,115.857095141648
2017-01-20,116.291559248429
2017-01-19,115.27780966594
2017-01-18,115.857095141648
2017-01-17,114.254405325522
2017-01-13,114.997821686014
2017-01-12,114.790244390552
2017-01-11,114.640595642661
2017-01-10,114.669559916446
2017-01-09,113.877869766311
2017-01-06,112.74826308868
2017-01-05,111.917953906832
2017-01-04,111.850370601333
2017-01-03,111.80209681169
2016-12-30,112.62275123561
2016-12-29,112.429656077041
2016-12-28,113.462715175387
2016-12-27,112.49723938254
2016-12-23,111.599346895192
2016-12-22,112.333108497756
2016-12-21,112.767572604537
2016-12-20,112.709644056966
2016-12-19,111.80209681169
2016-12-16,112.448965592898
2016-12-15,111.396596978694
2016-12-14,111.068335209126
2016-12-13,109.90976425771
2016-12-12,109.378752571644
2016-12-09,108.432586294654
2016-12-08,107.032646395026
2016-12-07,105.48788512647
2016-12-06,105.719599316754
2016-12-05,106.202337213177
2016-12-02,105.400992305114
2016-12-01,106.554735877566
2016-11-30,107.747098481732
2016-11-29,106.955408331598
2016-11-28,107.582967596949
2016-11-25,107.293324859094
2016-11-23,107.515384291449
2016-11-22,108.085015009229
2016-11-21,106.318194308319
2016-11-18,105.93200399118
2016-11-17,106.018896812536
2016-11-16,103.016267096782
2016-11-15,102.890755243712
2016-11-14,103.991397647557
2016-11-11,103.421766929778
2016-11-10,107.254705827381
2016-11-09,106.086480118036
2016-11-08,106.50163470896
2016-11-07,106.279575276605
2016-11-04,104.783087797692
2016-11-03,107.148503490167
2016-11-02,107.004619131979
2016-11-01,108.983340096179
2016-10-31,109.165843486081
2016-10-28,109.377163200705
2016-10-27,110.83719031992
2016-10-26,109.799802629951
2016-10-25,113.296183362809
2016-10-24,112.479720829038
2016-10-21,112.201163023398
2016-10-20,112.249190231267
2016-10-19,112.623802452644
2016-10-18,113.517108519006
2016-10-17,112.700645985235
2016-10-14,113.228945271793
2016-10-13,112.18195214025
2016-10-12,112.719856868382
2016-10-11,113.056047323465
2016-10-10,110.48178898169
2016-10-07,109.799802629951
2016-10-06,109.21387069395
2016-10-05,108.925707446737
2016-10-04,108.599122433228
2016-10-03,108.262931978145
2016-09-30,108.022795938801
2016-09-29,108.695176848966
2016-09-28,109.204265252376
2016-09-27,108.541489783785
2016-09-26,107.23514972975
2016-09-23,109.905462487263
2016-09-22,109.838224396246
2016-09-21,109.357952317557
2016-09-20,108.589516991654
2016-09-19,110.645081488444
2016-09-16,110.577843397428
2016-09-15,109.367557759131
2016-09-14,104.439966231778
2016-09-13,103.268102359776
2016-09-12,98.5998577549163
2016-09-09,100.5113406281
2016-09-08,103.018360878858
2016-09-07,103.575476490138
2016-09-06,103.642714581154
2016-09-02,103.450605749678
2016-09-01,101.952156864168
2016-08-31,101.491095668626
2016-08-30,101.625571850659
2016-08-29,102.413218059709
2016-08-26,103.172047944039
2016-08-25,103.152837060891
2016-08-24,104.281476445811
2016-08-23,104.305490049745
2016-08-22,104.564836972238
2016-08-19,104.478387998074
2016-08-18,104.920238310468
2016-08-17,104.795367570008
2016-08-16,105.304455973419
2016-08-15,103.873245178925
2016-08-12,103.527449282269
2016-08-11,104.238251958729
2016-08-10,104.420755348631
2016-08-09,103.959694153089
2016-08-08,103.27770780135
2016-08-05,102.077027604627
2016-08-04,101.414252136036
2016-08-03,100.132194899795
2016-08-02,101.316852104983
2016-08-01,99.7500474142509
2016-07-29,99.5398662972014
2016-07-28,98.2405648463501
2016-07-27,99.611518950741
2016-07-26,92.4987988760441
2016-07-25,93.8649761368657
2016-07-22,94.8298985378655
2016-07-21,95.3744587047664
2016-07-20,95.5368713861228
2016-07-19,95.1165091520239
2016-07-18,94.2948920581033
2016-07-15,94.5050731751527
2016-07-14,93.043359042945
2016-07-13,93.0624664172223
2016-07-12,92.8331779258956
2016-07-11,92.4319230660738
2016-07-08,92.1835272004699
2016-07-07,91.4287859165196
2016-07-06,90.3778803312722
2016-07-05,91.1326216152226
2016-07-01,91.2281584866087
2016-06-30,90.2250213370544
2016-06-29,89.7759980415396
2016-06-28,88.7537535177081
2016-06-27,88.8492903890943
2016-06-24,88.7633072048467
2016-06-23,91.6580744078463
2016-06-22,91.9542387091432
2016-06-21,90.702705693985
2016-06-20,91.7153965306779
2016-06-17,92.3077251332719
2016-06-16,92.1453124519155
2016-06-15,93.4541675899054
2016-06-14,92.9764832329747
2016-06-13,94.2853383709646
2016-06-10,94.1324793767468
2016-06-09,94.103818315331
2016-06-08,94.6006100465388
2016-06-07,94.8203448507269
2016-06-06,93.6165802712618
2016-06-03,93.4255065284895
2016-06-02,93.2439864728559
2016-06-01,94.6006100465388
2016-05-31,95.1547239005783
2016-05-27,95.0018649063606
2016-05-26,95.2311533976873
2016-05-25,94.2662309966874
2016-05-24,92.8809463615886
2016-05-23,91.591198597876
2016-05-20,90.4160950798267
2016-05-19,90.4160950798267
2016-05-18,89.9575180971733
2016-05-17,90.3301118955792
2016-05-16,88.2665154736389
2016-05-13,85.9831842475106
2016-05-12,88.5817871492131
2016-05-11,89.3078673717476
2016-05-10,89.1645620646684
2016-05-09,88.8492903890943
2016-05-06,89.2027768132229
2016-05-05,89.8046591029555
2016-05-04,90.400702070376
2016-05-03,89.4511148637544
2016-05-02,89.2279618701984
2016-04-29,89.2517015503639
2016-04-28,92.6892072383341
2016-04-27,91.1603718356733
2016-04-26,98.6716066400501
2016-04-25,99.7066566952677
2016-04-22,99.7161525673339
2016-04-21,101.539360004047
2016-04-20,101.263979714127
2016-04-19,102.441467850338
2016-04-18,103.400550929026
2016-04-15,106.458221734347
2016-04-14,105.992924003103
2016-04-13,105.214262493673
2016-04-12,103.827865172005
2016-04-11,103.476517905555
2016-04-08,103.419542673158
2016-04-07,104.407113368045
2016-04-06,104.672997785899
2016-04-05,103.989294997131
2016-04-04,104.853419355157
2016-04-01,103.296096336297
2016-03-31,104.188708310522
2016-03-30,103.172649999437
2016-03-29,99.6022021025393
2016-03-28,100.656243901889
2016-03-24,100.15296268238
2016-03-23,101.112045761068
2016-03-22,99.9440534969231
2016-03-21,100.589772797426
2016-03-18,100.979103552141
2016-03-17,100.200442042711
2016-03-16,99.3363176846853
2016-03-15,98.7190860003812
2016-03-14,96.7724322268069
2016-03-11,97.0857960049921
2016-03-10,96.2976386234961
2016-03-09,96.202679902834
2016-03-08,95.6993986833245
2016-03-07,97.2282340859853
2016-03-04,97.2092423418529
2016-03-03,95.5094812420002
2016-03-02,95.4430101375367
2016-03-01,92.7271907265989
2016-02-29,91.9770168333679
2016-02-26,92.2998764836192
2016-02-25,91.2078511960044
2016-02-24,89.2422056782977
2016-02-23,91.5402067183219
2016-02-22,91.454743869726
2016-02-19,91.1603718356733
2016-02-18,93.8571995024786
2016-02-17,91.7965952641098
2016-02-16,90.2297763731841
2016-02-12,89.4416189916882
2016-02-11,89.0617841090396
2016-02-10,91.0844048591436
2016-02-09,89.5365777123504
2016-02-08,88.4350565526693
2016-02-05,91.6541571831165
2016-02-04,91.0274296267463
2016-02-03,89.7239179138768
2016-02-02,90.1205920772855
2016-02-01,91.1122774858073
2016-01-29,89.5255808321724
2016-01-28,88.5811185383421
2016-01-27,90.7061586994603
2016-01-26,94.3801170224601
2016-01-25,95.8818120696502
2016-01-22,93.1523160404807
2016-01-21,91.6695102391672
2016-01-20,89.8183641432598
2016-01-19,92.944534335838
2016-01-15,90.8572726664731
2016-01-14,92.5195263036144
2016-01-13,94.7484573170539
2016-01-12,94.9656836446348
2016-01-11,93.473433220383
2016-01-08,93.0767590569743
2016-01-07,93.1995391551722
2016-01-06,94.9751282675731
2016-01-05,99.8768875725523
2016-01-04,96.9112759699252
2015-12-31,101.066910062778
2015-12-30,102.549715864092
2015-12-29,101.019686948087
2015-12-28,101.6146981932
2015-12-24,102.946390027501
2015-12-23,101.312470259174
2015-12-22,101.435250357372
2015-12-21,101.321914882113
2015-12-18,102.861388421056
2015-12-17,105.798666154868
2015-12-16,104.901426975729
2015-12-15,105.723109171362
2015-12-14,105.949780121881
2015-12-11,108.79261162631
2015-12-10,109.595404576066
2015-12-09,111.106544246194
2015-12-08,110.993208770935
2015-12-07,112.372123719927
2015-12-04,108.887057855693
2015-12-03,110.077080345919
2015-12-02,110.549311492834
2015-12-01,112.154897392346
2015-11-30,111.437106049035
2015-11-27,111.720444737184
2015-11-25,112.589350047508
2015-11-24,110.813760935107
2015-11-23,112.646017785138
2015-11-20,112.57990542457
2015-11-19,111.106544246194
2015-11-18,109.330955133793
2015-11-17,108.537606806976
2015-11-16,105.194210286817
2015-11-13,108.802056249248
2015-11-12,109.803186280709
2015-11-11,109.90707713303
2015-11-10,110.40764214876
2015-11-09,114.242159061711
2015-11-06,114.383828405785
2015-11-05,115.08273050322
2015-11-04,115.795972944532
2015-11-03,113.595351027126
2015-11-02,112.730149247633
2015-10-30,113.783438370494
2015-10-29,111.62983828893
2015-10-28,109.965265300123
2015-10-27,108.526397123357
2015-10-26,111.046767524489
2015-10-23,109.74896485525
2015-10-22,107.520129836338
2015-10-21,107.209785719781
2015-10-20,104.708224052986
2015-10-19,104.200388225893
2015-10-16,105.122016208396
2015-10-15,104.322644999082
2015-10-14,104.661202217144
2015-10-13,104.219196960229
2015-10-12,106.015431089394
2015-10-09,103.44803885242
2015-10-08,103.62672182862
2015-10-07,105.084398739722
2015-10-06,104.04051398403
2015-10-05,103.3351864464
2015-10-02,101.576569785908
2015-10-01,102.573432705759
2015-09-30,103.607913094283
2015-09-29,106.109474761078
2015-09-28,107.068720212255
2015-09-25,109.504451308871
2015-09-24,106.504458182151
2015-09-23,106.86182413455
2015-09-22,106.62671495534
2015-09-21,106.899441603224
2015-09-18,105.526403996637
2015-09-17,108.770910669736
2015-09-16,109.325768332672
2015-09-15,109.024828583283
2015-09-14,109.636112449229
2015-09-11,105.131420575564
2015-09-10,103.701956765967
2015-09-09,106.98408090774
2015-09-08,104.999759435207
2015-09-04,102.479389034075
2015-09-03,105.789726277352
2015-09-02,103.664339297294
2015-09-01,103.589104359946
2015-08-31,105.357125387606
2015-08-28,105.488786527964
2015-08-27,105.545212730974
2015-08-26,100.706665822831
2015-08-25,104.491923608113
2015-08-24,89.2192313266284
2015-08-21,103.852426640662
2015-08-20,107.285020657128
2015-08-19,109.184702825146
2015-08-18,109.495046941703
2015-08-17,109.128276622135
2015-08-14,107.51072546917
2015-08-13,109.128276622135
2015-08-12,105.827343746026
2015-08-11,110.792849610942
2015-08-10,109.589090613387
2015-08-07,107.755239015548
2015-08-06,109.062446051956
2015-08-05,105.743682365306
2015-08-04,109.92849210566
2015-08-03,113.74818421766
2015-07-31,114.778003169425
2015-07-30,114.515867436248
2015-07-29,115.292912645307
2015-07-28,115.508238426131
2015-07-27,115.236740702484
2015-07-24,117.324464577425
2015-07-23,118.148319738837
2015-07-22,114.206921750719
2015-07-21,124.374043401779
2015-07-20,122.613989193308
2015-07-17,120.844572994367
2015-07-16,119.590066271308
2015-07-15,117.698944196249
2015-07-14,117.998527891308
2015-07-13,117.052966853778
2015-07-10,114.160111798366
2015-07-09,115.948251978248
2015-07-08,116.538057377896
2015-07-07,117.858098034249
2015-07-06,116.968708939543
2015-07-02,118.36364551966
2015-07-01,118.803659071778
2015-06-30,117.55851433919
2015-06-29,117.455532444013
2015-06-26,119.524532338014
2015-06-25,120.638609204014
2015-06-24,119.093880776366
2015-06-23,119.346654519072
2015-06-22,119.356016509543
2015-06-19,119.561980299896
2015-06-18,119.112604757308
2015-06-17,119.571342290366
2015-06-16,118.925364947896
2015-06-15,118.054699834131
2015-06-12,120.006674847249
2015-06-11,120.938192899073
2015-06-10,119.758582099778
2015-06-09,118.616419262366
2015-06-08,120.676057165896
2015-06-05,121.237776594131
2015-06-04,121.312672517896
2015-06-03,122.32376748872
2015-06-02,121.574808251073
2015-06-01,122.829314974132
2015-05-29,122.857400945543
2015-05-28,123.44720634519
2015-05-27,122.024183793661
2015-05-26,124.139993640014
2015-05-22,123.203794592955
2015-05-21,121.771410050955
2015-05-20,121.705876117661
2015-05-19,122.351853460132
2015-05-18,120.189233661425
2015-05-15,120.835211003896
2015-05-14,119.281120585778
2015-05-13,118.101509786484
2015-05-12,117.586600310602
2015-05-11,119.262396604837
2015-05-08,118.597695281425
2015-05-07,116.809555101543
2015-05-06,117.992491762742
2015-05-05,119.474856347941
2015-05-04,120.733467788204
2015-05-01,117.563631568282
2015-04-30,118.868858247074
2015-04-29,121.348788936777
2015-04-28,125.353037926355
2015-04-27,123.353244193493
2015-04-24,121.656449511064
2015-04-23,119.614702063526
2015-04-22,118.393382814085
2015-04-21,119.428241109413
2015-04-20,117.069510039883
2015-04-17,117.050863944471
2015-04-16,117.731446426984
2015-04-15,117.852646047158
2015-04-14,118.402705861791
2015-04-13,119.679963397465
2015-04-10,117.423785852698
2015-04-09,117.330555375641
2015-04-08,117.330555375641
2015-04-07,118.999380914953
2015-04-06,116.043974792261
2015-04-02,116.566065463777
2015-04-01,116.370281461959
2015-03-31,117.554308520577
2015-03-30,115.652406788623
2015-03-27,116.137205269317
2015-03-26,114.449733634594
2015-03-25,117.973845667331
2015-03-24,118.617135959021
2015-03-23,118.514582434259
2015-03-20,119.568086824998
2015-03-19,120.03423921028
2015-03-18,118.402705861791
2015-03-17,117.377170614169
2015-03-16,115.493914977627
2015-03-13,115.978713458321
2015-03-12,114.03019648784
2015-03-11,116.305020128019
2015-03-10,117.852646047158
2015-03-09,119.297718441534
2015-03-06,119.707932540582
2015-03-05,119.875747399284
2015-03-04,120.360545879978
2015-03-03,120.230023212099
2015-03-02,120.500391595563
2015-02-27,121.199620173487
2015-02-26,120.06686987725
2015-02-25,122.654015615569
2015-02-24,123.940596198949
2015-02-23,121.218266268898
2015-02-20,119.913039590107
2015-02-19,119.782516922228
2015-02-18,118.985396343394
2015-02-17,118.859535199368
2015-02-13,118.663751197549
2015-02-12,117.52633937746
2015-02-11,114.4590566823
2015-02-10,112.03506427883
2015-02-09,110.524730550514
2015-02-06,111.895218563245
2015-02-05,111.895218563245
2015-02-04,110.043816932958
2015-02-03,110.043816932958
2015-02-02,109.625929020554
2015-01-30,109.950952952424
2015-01-29,108.019382157313
2015-01-28,109.231257103284
2015-01-27,104.397686916482
2015-01-26,105.623491459533
2015-01-23,104.286250139841
2015-01-22,102.391824936945
2015-01-21,101.175306791947
2015-01-20,100.144516608018
2015-01-16,99.3923183656917
2015-01-15,102.150378587556
2015-01-14,101.258884374428
2015-01-13,103.478333509194
2015-01-12,104.564842081443
2015-01-09,104.629846867817
2015-01-08,101.435325937443
2015-01-07,99.5501871325998
2015-01-06,98.9372848610744
2015-01-05,100.562404520422
2015-01-02,103.44118791698
2014-12-31,104.769142838619
2014-12-30,105.530627478998
2014-12-29,105.6699234498
2014-12-26,104.100522178773
2014-12-24,104.546269285337
2014-12-23,105.149885158809
2014-12-22,104.156240567093
2014-12-19,104.249104547627
2014-12-18,103.886935023544
2014-12-17,99.4758959481725
2014-12-16,98.7794160941664
2014-12-15,102.800426451295
2014-12-12,102.577552898013
2014-12-11,104.249104547627
2014-12-10,106.245680129111
2014-12-09,102.326820150571
2014-12-08,105.957801789456
2014-12-05,107.712931021551
2014-12-04,107.508630264376
2014-12-03,107.490057468269
2014-12-02,105.400617906251
2014-12-01,110.331695272614
2014-11-28,110.758869583071
2014-11-26,109.523778641967
2014-11-25,110.573141622002
2014-11-24,108.511561254144
2014-11-21,109.12446352567
2014-11-20,106.710000031782
2014-11-19,107.202179128613
2014-11-18,105.809219420601
2014-11-17,106.115670556364
2014-11-14,105.075593974381
2014-11-13,103.82193023717
2014-11-12,101.574621908244
2014-11-11,100.943146840612
2014-11-10,101.240311578321
2014-11-07,100.989578830879
2014-11-06,100.850282860078
2014-11-05,100.877179803916
2014-11-04,101.117583715456
2014-11-03,100.063505026396
2014-10-31,99.8693326363059
2014-10-30,98.8975460554267
2014-10-29,98.6118352528657
2014-10-28,97.4560472166155
2014-10-27,96.9475004806654
2014-10-24,97.2526285222355
2014-10-23,96.2355350503353
2014-10-22,95.0889933183751
2014-10-21,95.2554267955951
2014-10-20,90.9050406271494
2014-10-17,90.1514668275143
2014-10-16,88.348437490964
2014-10-15,90.5860431291444
2014-10-14,92.8236487673248
2014-10-13,93.6928013705849
2014-10-10,93.1010378960248
2014-10-09,93.8869737606749
2014-10-08,91.3165011680545
2014-10-07,91.9360035554846
2014-10-06,92.4168113785647
2014-10-03,91.9452498597746
2014-10-02,91.7880626868446
2014-10-01,93.0085748531248
2014-09-30,93.2119935475048
2014-09-29,91.2147918208645
2014-09-26,91.1038361693845
2014-09-25,92.9346044188048
2014-09-24,94.460244626655
2014-09-23,93.0178211574148
2014-09-22,94.127377672215
2014-09-19,94.580446582425
2014-09-18,94.247579627985
2014-09-17,93.6373235448449
2014-09-16,92.2781168142147
2014-09-15,95.0612544055051
2014-09-12,93.5818457191049
2014-09-11,92.8421413759048
2014-09-10,90.6230283463044
2014-09-09,91.6123829053346
2014-09-08,91.8158015997146
2014-09-05,91.3534863852145
2014-09-04,91.3997179066645
2014-09-03,95.3293972299152
2014-09-02,95.2924120127552
2014-09-01,95.2924120127552
2014-08-29,95.1074859269551
2014-08-28,93.9332052821249
2014-08-27,93.4061659375948
2014-08-26,93.7760181091949
2014-08-25,94.118131367925
2014-08-22,92.7311857244247
2014-08-21,92.9900822445448
2014-08-20,92.9900822445448
2014-08-19,91.9175109469046
2014-08-18,91.0668509522245
2014-08-15,90.5213189991144
2014-08-14,89.9942796545843
2014-08-13,88.9032157483641
2014-08-12,88.8015064011741
2014-08-11,88.089540970844
2014-08-08,87.1556642375539
2014-08-07,87.775166624984
2014-08-06,87.1751178931362
2014-08-05,87.7363508421052
2014-08-04,88.6656053969555
2014-08-01,87.3131259953417
2014-07-31,89.3924480685711
2014-07-30,90.5701172073913
2014-07-29,91.3889652804772
2014-07-28,89.9996837182753
2014-07-25,89.1072313240131
2014-07-24,89.2774413167332
2014-07-23,87.7915540829874
2014-07-22,87.110714112107
2014-07-21,87.395930856665
2014-07-18,86.1354568565215
2014-07-17,87.4327330172531
2014-07-16,89.2176378057775
2014-07-15,89.0612286232779
2014-07-14,88.1963778494568
2014-07-11,87.7547519223993
2014-07-10,86.2550638784329
2014-07-09,87.8191557034285
2014-07-08,88.509196214456
2014-07-07,86.6230854843142
2014-07-03,86.1998606375507
2014-07-02,86.3470692799032
2014-07-01,86.0802536156393
2014-06-30,84.7921779950547
2014-06-27,83.5961077759404
2014-06-26,83.200484549618
2014-06-25,83.0348748269714
2014-06-24,83.4949018343231
2014-06-23,84.028533162851
2014-06-20,84.5713650315259
2014-06-19,84.884183396525
2014-06-18,84.884183396525
2014-06-17,85.0129909585835
2014-06-16,84.2585466665268
2014-06-13,84.8105790753488
2014-06-12,86.5218795426969
2014-06-11,86.6046844040202
2014-06-10,87.0739119515188
2014-06-09,85.2890071629945
2014-06-06,85.4335870795908
2014-06-05,84.9407010002854
2014-06-04,83.7617174985871
2014-06-03,82.6037638029391
2014-06-02,83.3306064745547
2014-05-30,83.8537229000574
2014-05-29,82.5419887476662
2014-05-28,82.29094543794
2014-05-27,80.9502953022295
2014-05-23,79.81468577551
2014-05-22,79.7292521884304
2014-05-21,79.387517840112
2014-05-20,79.4545503468976
2014-05-19,78.550268686732
2014-05-16,77.3910006282059
2014-05-15,78.1651603634348
2014-05-14,77.8667999900953
2014-05-13,77.810282386335
2014-05-12,77.2122472767778
2014-05-09,76.8389682193839
2014-05-08,77.3173963070296
2014-05-07,77.7832872771384
2014-05-06,78.6354920041539
2014-05-05,77.1336772321588
2014-05-02,77.4944264724291
2014-05-01,77.3780979130666
2014-04-30,77.4617499108104
2014-04-29,77.6094479693269
2014-04-28,74.8384755440617
2014-04-25,73.7313936364204
2014-04-24,74.2882022464029
2014-04-23,69.1488326350148
2014-04-22,69.0508029501587
2014-04-21,68.6573771482696
2014-04-17,67.9672481668828
2014-04-16,67.738512235552
2014-04-15,67.9620199170238
2014-04-14,68.2012123480727
2014-04-11,67.8600690447735
2014-04-10,69.3658050041629
2014-04-09,68.3332256570122
2014-04-08,68.6299288365099
2014-04-07,69.0442676378349
2014-04-04,70.5813730963783
2014-04-03,70.7996525279912
2014-04-02,70.8924539629883
2014-04-01,70.3068899787813
2014-03-31,70.4807292865927
2014-03-28,70.2820557919511
2014-03-27,70.5500035972244
2014-03-26,71.510694508814
2014-03-25,70.743448842007
2014-03-24,70.3526371650474
2014-03-21,69.7553096186577
2014-03-20,69.2743106316306
2014-03-19,69.5697067486635
2014-03-18,68.7201161465775
2014-03-17,68.9148684538249
2014-03-14,69.0468817627644
2014-03-13,70.2467651054029
2014-03-12,69.8428828037958
2014-03-11,69.9409124886519
2014-03-10,69.0599523874119
2014-03-07,69.4559923142305
2014-03-06,69.6376739968304
2014-03-05,69.3854109411341
2014-03-04,69.427236940006
2014-03-03,68.3855081556021
2014-02-28,69.1540608848738
2014-02-27,67.5934283019649
2014-02-26,68.4390977166567
2014-02-25,69.1540608848738
2014-02-24,68.3645951561661
2014-02-21,69.6298316220419
2014-02-20,69.6350598719009
2014-02-19,71.1695512055148
2014-02-18,71.365610575227
2014-02-14,70.904217525171
2014-02-13,69.883401740203
2014-02-12,70.178797857236
2014-02-11,69.3540414419802
2014-02-10,67.7921017966066
2014-02-07,68.1306309749763
2014-02-06,66.7346882626257
2014-02-05,65.8334825519864
2014-02-04,65.732138305227
2014-02-03,65.2773884800243
2014-01-31,64.3276109879581
2014-01-30,65.2864834765283
2014-01-29,65.4839748291878
2014-01-28,66.1193252992567
2014-01-27,71.5594324938958
2014-01-24,71.980400903512
2014-01-23,71.4411975393431
2014-01-22,71.5750239164741
2014-01-21,70.2913301241877
2014-01-17,71.652981029366
2014-01-16,72.1103294249985
2014-01-15,71.9180352131985
2014-01-14,69.9080409858026
2014-01-13,68.8621163878364
2014-01-10,70.1393137540485
2014-01-09,71.0449155488093
2014-01-08,70.0067866621323
2014-01-07,70.7226928155228
2014-01-06,69.8352810137701
2014-01-03,71.8504723820255
2014-01-02,72.1986808196093
2013-12-31,72.0024887521647
2013-12-30,72.4299535878552
2013-12-27,73.2562989845092
2013-12-26,73.8123930564714
2013-12-24,74.0449651099322
2013-12-23,73.7838087817444
2013-12-20,70.8617163335133
2013-12-19,71.3788318490296
2013-12-18,71.4217082611201
2013-12-17,72.2155715274025
2013-12-16,72.1129279954282
2013-12-13,73.0743990544282
2013-12-12,73.0484133501309
2013-12-11,73.6551795454727
2013-12-10,73.2225175689228
2013-12-09,72.8899005539174
2013-12-06,73.5122581718376
2013-12-05,74.4321521039619
2013-12-04,73.4875717527552
2013-12-03,72.5001149894579
2013-12-02,72.5001149894579
2013-11-29,71.4217082611201
2013-11-27,69.6741696471269
2013-11-26,68.0916402554215
2013-11-25,67.6953582648877
2013-11-22,67.5108597643769
2013-11-21,67.251002721404
2013-11-20,67.4393990775594
2013-11-19,67.4368005071296
2013-11-18,68.1916852169661
2013-11-15,68.413862988708
2013-11-14,67.9604124487202
2013-11-13,67.3029741299986
2013-11-12,67.1730456085121
2013-11-11,67.5615318877567
2013-11-08,66.8599178717296
2013-11-07,67.5082611939472
2013-11-06,68.1020345371404
2013-11-05,67.7441927832758
2013-11-04,67.3217926795436
2013-11-01,67.7390258095298
2013-10-31,67.8165304157192
2013-10-30,67.1176972165782
2013-10-29,69.2736170120798
2013-10-28,68.3681048631004
2013-10-25,68.6303287807079
2013-10-24,67.8165304157192
2013-10-23,67.0414843538253
2013-10-22,67.9599139371696
2013-10-21,66.0752602633309
2013-10-18,65.3751353207533
2013-10-17,64.5871718244945
2013-10-16,64.6775938650488
2013-10-15,64.3146139593951
2013-10-14,63.2360081899261
2013-10-11,62.9066136136212
2013-10-10,63.496940364097
2013-10-09,62.603053906046
2013-10-08,63.2450503939815
2013-10-07,62.8368594680507
2013-10-04,62.4557951542862
2013-10-03,63.3613073032656
2013-10-02,62.742562197187
2013-10-01,61.8034647188588
2013-09-30,61.5954940255839
2013-09-27,62.4919639705079
2013-09-26,62.7787310134087
2013-09-25,63.1610870706097
2013-09-24,63.9413001062496
2013-09-23,64.0704744498986
2013-09-20,61.8099234360413
2013-09-19,60.82044796369
2013-09-18,59.8684330509969
2013-09-17,57.8055187829226
2013-09-16,59.5493724221839
2013-09-13,60.7119415150248
2013-09-12,60.5052625651865
2013-09-11,60.3334606881333
2013-09-10,65.4113041369751
2013-09-09,65.2330435427395
2013-09-06,64.4192451777508
2013-09-05,64.6582177135015
2013-09-04,64.5871718244945
2013-09-03,63.6829514189516
2013-08-30,63.5537770753026
2013-08-29,63.5227752328268
2013-08-28,62.7787310134087
2013-08-27,64.3288231371965
2013-08-26,64.6840525822313
2013-08-23,64.9436930129657
2013-08-22,65.231751799303
2013-08-21,64.9979462372983
2013-08-20,65.8052858851045
2013-08-19,65.1555389365501
2013-08-16,64.5871718244945
2013-08-15,64.1931900763651
2013-08-14,64.3171974462681
2013-08-13,60.8449910889833
2013-08-12,59.0145906394771
2013-08-09,59.2445209711723
2013-08-08,59.9394789400039
2013-08-07,59.498829605721
2013-08-06,60.0621852877421
2013-08-05,59.6207402886185
2013-08-02,58.7750651304136
2013-08-01,58.4260155962228
2013-07-31,58.3875174858341
2013-07-30,57.7471655830355
2013-07-29,56.5126595099049
2013-07-26,55.8607581739897
2013-07-25,56.5293420244066
2013-07-24,56.3265853096929
2013-07-23,54.6673167519403
2013-07-22,55.1228777248732
2013-07-19,55.6811003255092
2013-07-18,55.6053873750781
2013-07-17,55.0997788586399
2013-07-16,54.7224973768308
2013-07-15,54.5402729876576
2013-07-12,54.900871954965
2013-07-11,54.2810523777071
2013-07-10,53.8460237303149
2013-07-09,53.1094265515447
2013-07-08,53.9024876255517
2013-07-05,53.9397024655941
2013-07-04,54.019265227064
2013-07-03,54.019265227064
2013-07-02,52.6140841978768
2013-07-01,51.7029622520112
2013-06-28,50.2156519206614
2013-06-27,51.2037700873045
2013-06-26,51.7915079059051
2013-06-25,52.0648444896649
2013-06-24,52.2804339078415
2013-06-21,53.7561948060746
2013-06-20,53.8408906489298
2013-06-19,55.3192180878555
2013-06-18,55.3808150644774
2013-06-17,55.3538663872053
2013-06-14,55.8735908774526
2013-06-13,55.4744937997565
2013-06-12,56.3997317194314
2013-06-11,55.95058709823
2013-06-10,57.0785817326186
2013-06-07,55.9865186679261
2013-06-06,57.1196463836999
2013-06-05,57.1889429823995
2013-06-04,58.1578120938482
2013-06-03,57.8061960189649
2013-05-31,58.0615668178765
2013-05-30,57.1889429823995
2013-05-29,56.4895606436717
2013-05-28,57.7471655830355
2013-05-24,56.5344751057918
2013-05-23,55.9518703685763
2013-05-22,56.9502546979897
2013-05-21,56.194408464025
2013-05-20,55.4064804714032
2013-05-17,56.3355682021169
2013-05-16,54.2605200521665
2013-05-15,56.3548172573112
2013-05-14,58.2476410180885
2013-05-13,57.9435059460179
2013-05-10,58.7737818600673
2013-05-09,59.016319955516
2013-05-08,58.5555901564307
2013-05-07,59.3102907872025
2013-05-06,58.1323458837682
2013-05-03,57.5344496070251
2013-05-02,56.3475808785648
2013-05-01,56.6662889152083
2013-04-30,55.4692215295754
2013-04-29,53.6130659241639
2013-04-26,52.2438961987435
2013-04-25,52.4657169922474
2013-04-24,50.1773932891473
2013-04-23,51.5032187215841
2013-04-22,50.1009033603529
2013-04-19,49.4622124549194
2013-04-18,51.6307019362415
2013-04-17,53.5760957919132
2013-04-16,53.7354498102349
2013-04-15,54.4162101765054
2013-04-12,55.3468376435043
2013-04-11,55.263973553977
2013-04-10,54.6227329842504
2013-04-09,54.3562930656164
2013-04-08,54.1535947543112
2013-04-05,54.133197439966
2013-04-04,55.2703477147099
2013-04-03,55.0294044390074
2013-04-02,54.4735776231012
2013-04-01,56.3475808785648
2013-03-29,57.3674465958239
2013-03-28,57.3674465958239
2013-03-27,58.2343324554941
2013-03-26,59.3345125979874
2013-03-25,59.2541981727532
2013-03-22,57.9538693832479
2013-03-21,57.3954929030485
2013-03-20,58.3235707057543
2013-03-19,58.5785371350691
2013-03-18,56.2774651105032
2013-03-15,55.8223500341764
2013-03-14,55.1849339608894
2013-03-13,54.6176336556641
2013-03-12,55.5584597798356
2013-03-11,54.7795373382789
2013-03-08,54.8177823026762
2013-03-07,54.1115252934742
2013-03-06,55.4258772365919
2013-03-05,53.6921055172514
2013-03-04,54.5245709089642
2013-03-01,55.8376480199352
2013-02-28,56.6025473078796
2013-02-27,57.2361388847268
2013-02-26,56.6025473078796
2013-02-25,57.851882811522
2013-02-22,57.2718341848308
2013-02-21,56.8065204513314
2013-02-20,58.3235707057543
2013-02-19,58.7825102785209
2013-02-18,59.7985514993402
2013-02-15,59.7985514993402
2013-02-14,59.2185028726491
2013-02-13,59.5652572165172
2013-02-12,61.1294762603634
2013-02-11,60.7457517842446
2013-02-08,60.4206695868683
2013-02-07,59.0565991900343
2013-02-06,57.8525476141172
2013-02-05,56.3126013910665
2013-02-04,57.4862558787579
2013-02-01,58.2175719040256
2013-01-31,57.8969082049047
2013-01-30,57.9400013502411
2013-01-29,58.0958971407228
2013-01-28,55.4634129388492
2013-01-25,57.2644529248205
2013-01-24,58.3024907492473
2013-01-23,64.4888919959229
2013-01-22,63.9489602337668
2013-01-21,63.163144054103
2013-01-18,63.163144054103
2013-01-17,64.6942181589963
2013-01-16,62.7017939099133
2013-01-15,63.1238532451199
2013-01-14,63.7525061888509
2013-01-11,66.0516522370929
2013-01-10,66.9844920890809
2013-01-09,66.250641172911
2013-01-08,67.0313875707705
2013-01-07,66.1669897731403
2013-01-04,68.0808324042569
2013-01-03,69.4496734914132
2013-01-02,70.2164779893109
2012-12-31,64.6511250136599
2012-12-28,64.6688692499749
2012-12-27,65.0883936942793
2012-12-26,65.7373257652274
2012-12-24,65.9261751374369
2012-12-21,64.9806608309383
2012-12-20,67.1936205885075
2012-12-19,67.3482489335381
2012-12-18,66.5751072083851
2012-12-17,64.5028338958847
2012-12-14,65.2734407301356
2012-12-13,67.3203651336146
2012-12-12,69.4382664823536
2012-12-11,68.4040309942799
2012-12-10,66.5408861812062
2012-12-07,70.1493033804042
2012-12-06,67.0351899071237
2012-12-05,72.1049717114061
2012-12-04,73.7387088978361
2012-12-03,75.2482364300612
2012-11-30,74.348350159801
2012-11-29,74.8135026403439
2012-11-28,73.1620212175989
2012-11-27,74.7285837951222
2012-11-26,72.9921835271555
2012-11-23,71.9135874482944
2012-11-21,71.5156095766582
2012-11-20,72.4421122013909
2012-11-19,68.5206359757784
2012-11-16,66.556095526619
2012-11-15,68.1289953313976
2012-11-14,69.1391493559009
2012-11-13,68.3267168217646
2012-11-12,70.2646409164516
2012-11-09,68.4433218032631
2012-11-08,71.0593292142728
2012-11-07,72.7450316641967
2012-11-06,74.4708300903445
2012-11-05,73.5926988282881
2012-11-02,75.2076528734493
2012-11-01,75.4801763685703
2012-10-31,75.0057836178042
2012-10-30,76.8907377923908
2012-10-26,76.8907377923908
2012-10-25,78.2243365624966
2012-10-24,78.4060188925772
2012-10-23,79.6311129377738
2012-10-22,77.2679809638777
2012-10-19,79.6689634232072
2012-10-18,80.747702258061
2012-10-17,81.9198056236507
2012-10-16,80.1963468535802
2012-10-15,79.7762064652687
2012-10-12,79.4759259474965
2012-10-11,81.599338180314
2012-10-10,80.7174218697142
2012-10-09,80.5761133907626
2012-10-08,81.6308802515085
2012-10-05,83.9019093775165
2012-10-04,84.6904611573804
2012-10-03,83.9195729373855
2012-10-02,83.5435914487464
2012-10-01,84.7220032285749
2012-09-28,85.636723293217
2012-09-27,83.812329895324
2012-09-26,84.3599002512615
2012-09-25,86.8037799274156
2012-09-24,86.6662564970073
2012-09-21,88.6407901537865
2012-09-20,88.2130796683883
2012-09-19,88.3745750729044
2012-09-18,88.3051825162764
2012-09-17,88.2332665939528
2012-09-14,87.0523314484287
2012-09-13,85.4613493773753
2012-09-12,84.1353207043562
2012-09-11,83.9359748144066
2012-09-10,85.85120937734
2012-09-07,85.5484054938723
2012-09-06,84.9528911897191
2012-09-05,85.21405953921
2012-09-04,84.0015823224913
2012-08-31,84.1883113839631
2012-08-30,84.6134985036657
2012-08-29,85.1951342964933
2012-08-28,85.1383585683431
2012-08-27,85.793171966342
2012-08-24,83.2420492481264
2012-08-23,84.0444795393159
2012-08-22,82.5796657530408
2012-08-21,84.6387321606213
2012-08-20,82.010646788691
2012-08-17,80.747702258061
2012-08-16,79.6285895720782
2012-08-15,79.6500381804905
2012-08-14,79.7383559798352
2012-08-13,78.6381685365692
2012-08-10,78.0615794751327
2012-08-09,77.9530747502234
2012-08-08,77.7705676427628
2012-08-07,78.2039873315885
2012-08-06,77.5268475858579
2012-08-03,77.1361417214383
2012-08-02,75.7542238730086
2012-08-01,77.3660425998589
2012-07-31,75.7592490288211
2012-07-30,74.2466771292671
2012-07-27,72.2642531612471
2012-07-26,72.8421460796813
2012-07-25,72.2227956257942
2012-07-24,76.3195539019116
2012-07-23,74.7491927105143
2012-07-20,77.1311165656258
2012-07-19,76.7944311261902
2012-07-18,76.2265885193809
2012-07-17,76.7466921459717
2012-07-16,76.0306074426945
2012-07-13,75.7529675840555
2012-07-12,75.4187947225261
2012-07-11,76.1474423153345
2012-07-10,77.6386573026854
2012-07-09,76.0507080659444
2012-07-06,76.2881466780837
2012-07-05,75.4074881219481
2012-07-03,74.7491927105143
2012-07-02,73.4589839556622
2012-06-29,72.6135014902139
2012-06-28,71.8408837840464
2012-06-27,72.2366148042785
2012-06-26,71.7755567584843
2012-06-25,72.5255612634956
2012-06-22,72.731592651807
2012-06-21,73.5858691399271
2012-06-20,73.8710467322849
2012-06-19,73.2944101028038
2012-06-18,71.7290740672189
2012-06-15,71.7340992230314
2012-06-14,71.7642501579062
2012-06-13,72.1738003566226
2012-06-12,72.2001824246381
2012-06-11,73.8245640410195
2012-06-08,71.7491746904688
2012-06-07,72.5243049745425
2012-06-06,71.3433933586117
2012-06-05,70.4752976920072
2012-06-04,70.5406247175694
2012-06-01,71.4828414324078
2012-05-31,72.9903881761493
2012-05-30,71.5079672114701
2012-05-29,71.7215363335002
2012-05-25,70.931330581989
2012-05-24,72.3622436995903
2012-05-23,70.0167522241192
2012-05-22,71.5959074381884
2012-05-21,67.1813080569321
2012-05-18,67.0720109180109
2012-05-17,68.5066929024715
2012-05-16,69.6046894474965
2012-05-15,70.5318306948975
2012-05-14,70.6901231029904
2012-05-11,71.0029390523167
2012-05-10,72.2604842943878
2012-05-09,70.8182645762084
2012-05-08,71.6009325940009
2012-05-07,70.5406247175694
2012-05-04,72.4928977507146
2012-05-03,74.212757327533
2012-05-02,72.9250611505871
2012-05-01,73.4803408678652
2012-04-30,75.118541662731
2012-04-27,76.0054816636322
2012-04-26,77.1989561690942
2012-04-25,77.3861432231087
2012-04-24,70.717761459959
2012-04-23,71.708973443969
2012-04-20,74.3496928234228
2012-04-19,75.3974378103231
2012-04-18,77.1210662540009
2012-04-17,72.7341052297132
2012-04-16,76.6336261401911
2012-04-13,78.4049935640873
2012-04-12,78.5469542157897
2012-04-11,79.8999774182976
2012-04-10,80.4024929995448
2012-04-09,78.667557955289
2012-04-05,78.7806239610696
2012-04-04,78.4816271902275
2012-04-03,78.8070060290851
2012-04-02,75.619800955025
2012-03-30,76.4954343553482
2012-03-29,76.9476983784706
2012-03-28,77.7203160846381
2012-03-27,76.185130983928
2012-03-26,75.3760808981201
2012-03-23,75.438895345776
2012-03-22,75.1336171301684
2012-03-21,75.7466861392899
2012-03-20,75.2919095382612
2012-03-19,75.1964315778243
2012-03-16,73.4363707545061
2012-03-15,75.3773371870732
2012-03-14,72.6273206686982
2012-03-13,70.0431342921347
2012-03-12,68.970263526172
2012-03-09,68.3923706077378
2012-03-08,67.1938709464633
2012-03-07,67.4325658475557
2012-03-06,65.7855710300182
2012-03-05,68.55443188269
2012-03-02,68.3999083414565
2012-03-01,68.8659915430632
2012-02-29,68.0343282560992
2012-02-28,66.3295441467182
2012-02-27,65.4915994149886
2012-02-24,65.2968746272553
2012-02-23,64.7089313971961
2012-02-22,64.4551610286663
2012-02-21,63.7139505463268
2012-02-17,63.2290230104233
2012-02-16,61.7227325556349
2012-02-15,64.6322977710559
2012-02-14,63.4049034638598
2012-02-13,62.7817841431133
2012-02-10,61.7051445102913
2012-02-09,60.4212172002048
2012-02-08,59.1284958674465
2012-02-07,58.4752256118252
2012-02-06,57.5857730330177
2012-02-03,57.450093826081
2012-02-02,57.2880325511288
2012-02-01,57.599592211502
2012-01-31,57.2666756389258
2012-01-30,56.0091303968548
2012-01-27,55.8219433428402
2012-01-26,56.3382781025716
2012-01-25,57.0681819843331
2012-01-24,53.3922805075102
2012-01-23,53.1372538500273
2012-01-20,53.7050964568366
2012-01-19,54.0241938509285
2012-01-18,53.6422820091807
2012-01-17,53.2917773912608
2012-01-13,52.7050904501547
2012-01-12,53.0669016686527
2012-01-11,53.0643890907464
2012-01-10,53.517909402822
2012-01-09,53.4576075330723
2012-01-06,52.7352413850296
2012-01-05,52.1297101096267
2012-01-04,51.5329728568957
2012-01-03,51.4450326301775
2011-12-30,50.6925155472599
2011-12-29,50.6598520344788
2011-12-28,51.1183975023668
2011-12-27,50.6485454339007
2011-12-23,50.2126131671688
2011-12-22,49.8746714387801
2011-12-21,49.8143695690305
2011-12-20,48.6811969333181
2011-12-19,48.0492835898998
2011-12-16,47.8620965358853
2011-12-15,48.157324439868
2011-12-14,48.5806938170687
2011-12-13,49.372155857533
2011-12-12,49.2038131378152
2011-12-09,49.3344671889394
2011-12-08,49.1811999366591
2011-12-07,48.9575805030041
2011-12-06,49.3143665656895
2011-12-05,49.4073319482203
2011-12-02,48.9952691715976
2011-12-01,48.0467710119936
2011-11-30,47.8671216916977
2011-11-29,47.2163640139827
2011-11-28,46.7929946367819
2011-11-25,46.2565592538006
2011-11-23,47.0731470733272
2011-11-22,46.6573154298452
2011-11-21,46.5115859112835
2011-11-18,47.5995321446836
2011-11-17,48.2188825985707
2011-11-16,48.924916990223
2011-11-15,47.8394833347291
2011-11-14,48.2879784909922
2011-11-11,48.5869752618343
2011-11-10,49.8884906172644
2011-11-09,49.8746714387801
2011-11-08,50.5291979833545
2011-11-07,50.2402515241374
2011-11-04,50.5028159153391
2011-11-03,50.1347232520755
2011-11-02,50.2515581247155
2011-11-01,49.8746714387801
2011-10-31,50.5166350938234
2011-10-28,50.6284448106509
2011-10-27,51.2189006186163
2011-10-26,50.5028159153391
2011-10-25,50.8834714681338
2011-10-24,49.7716557446245
2011-10-21,50.0392452916386
2011-10-20,50.2515581247155
2011-10-19,50.4337200229176
2011-10-18,52.963885974497
2011-10-17,52.9437853512471
2011-10-14,52.3872493450159
2011-10-13,50.8847277570869
2011-10-12,51.1824682389759
2011-10-11,49.319391721502
2011-10-10,47.6359645243241
2011-10-07,47.2075699913108
2011-10-06,46.8733971297815
2011-10-05,46.2138454293946
2011-10-04,47.0982728523896
2011-10-03,47.784206620792
2011-09-30,48.6334579530997
2011-09-29,50.4927656037141
2011-09-28,50.2603521473873
2011-09-27,51.3771930267091
2011-09-26,50.2515581247155
2011-09-23,50.2829653485434
2011-09-22,50.3771870200273
2011-09-21,52.7277036513108
2011-09-20,52.1799616677514
2011-09-19,49.8621085492489
2011-09-16,49.7490425434683
2011-09-15,49.1925065372371
2011-09-14,48.6208950635685
2011-09-13,48.0078260544469
2011-09-12,46.8620905292034
2011-09-09,48.2352143549613
2011-09-08,48.040489567228
2011-09-07,48.4387331653664
2011-09-06,46.1158548910514
2011-09-02,47.1032980082021
2011-09-01,48.4902410124442
2011-08-31,49.1033100215657
2011-08-30,48.775418604802
2011-08-29,48.765368293177
2011-08-26,46.6296770728766
2011-08-25,45.8545467888029
2011-08-24,46.9173672431406
2011-08-23,45.2640909808375
2011-08-22,45.8093203864906
2011-08-19,45.4437403011333
2011-08-18,46.5706314920801
2011-08-17,48.0354644114155
2011-08-16,47.9274235614474
2011-08-15,47.7264173289485
2011-08-12,47.539230274934
2011-08-11,46.5505308688302
2011-08-10,46.6271644949704
2011-08-09,45.451278034852
2011-08-08,45.3520312075557
2011-08-05,47.7276736179017
2011-08-04,48.9387361687073
2011-08-03,49.1296920895812
2011-08-02,49.980199710842
2011-08-01,50.0003003340919
2011-07-29,48.6837095112244
2011-07-28,49.2000442709558
2011-07-27,50.2917593712153
2011-07-26,50.2515581247155
2011-07-25,49.0178823727537
2011-07-22,48.7842126274738
2011-07-21,48.6208950635685
2011-07-20,49.7553239882339
2011-07-19,47.4776721162312
2011-07-18,45.908567213787
2011-07-15,45.3507749186026
2011-07-14,45.3457497627901
2011-07-13,45.0166020570732
2011-07-12,44.4098144927173
2011-07-11,44.7653442664497
2011-07-08,44.4123270706235
2011-07-07,44.5630817449977
2011-07-06,43.8444844638143
2011-07-05,43.0869422250842
2011-07-01,42.2050273799954
2011-06-30,42.0479912608557
2011-06-29,42.2213591363859
2011-06-28,41.9072868981065
2011-06-27,41.1585386820482
2011-06-24,41.645978795858
2011-06-23,40.069336159695
2011-06-22,40.8319035542376
2011-06-21,39.7653142330405
2011-06-20,39.8620484824306
2011-06-17,41.3407005802503
2011-06-16,41.0542666989394
2011-06-15,41.4072838947656
2011-06-14,41.4600480307965
2011-06-13,41.1057745460173
2011-06-10,41.5391942348429
2011-06-09,41.8683419405598
2011-06-08,41.7087932435139
2011-06-07,42.4839235275876
2011-06-06,43.4299091092854
2011-06-03,43.0944799588029
2011-06-02,43.5366936703004
2011-06-01,43.8583036422986
2011-05-31,42.8570413466636
2011-05-27,42.0605541503869
2011-05-26,42.1761327340737
2011-05-25,41.8884425638097
2011-05-24,42.1208560201365
2011-05-23,41.4575354528903
2011-05-20,42.6824171821802
2011-05-19,42.9751325082567
2011-05-18,42.2741232724169
2011-05-17,41.7087932435139
2011-05-16,42.6196027345243
2011-05-13,43.4412157098634
2011-05-12,43.5241307807692
2011-05-11,43.863328798111
2011-05-10,43.83066528533
2011-05-09,43.6962423673464
2011-05-06,43.9512690248293
2011-05-05,43.7691071266272
2011-05-04,43.7590568150022
2011-05-03,43.7075489679244
2011-05-02,43.9387061352981
2011-04-29,43.5982518290032
2011-04-28,43.4927235569413
2011-04-27,44.2565472404369
2011-04-26,44.4261462491078
2011-04-25,44.0417218294538
2011-04-22,44.5266493653573
2011-04-21,44.5266493653573
2011-04-20,43.1836764744743
2011-04-19,41.8658293626536
2011-04-18,40.975120494893
2011-04-15,41.912312053919
2011-04-14,42.0417098160901
2011-04-13,42.0856799294492
2011-04-12,41.5140684557806
2011-04-11,41.9851768131998
2011-04-08,42.7138244060082
2011-04-07,42.4675917711971
2011-04-06,42.8959863042103
2011-04-05,42.2766358503231
2011-04-04,43.2866921686299
2011-04-01,44.1095614329221
2011-03-31,43.5052864464724
2011-03-30,44.0593098747974
2011-03-29,43.6673477214246
2011-03-28,44.3696132462175
2011-03-25,43.735187324893
2011-03-24,42.946237862335
2011-03-23,42.6196027345243
2011-03-22,43.0429721117251
2011-03-21,42.2276405811515
2011-03-18,42.2866861619481
2011-03-17,42.3293999863541
2011-03-16,42.9650821966317
2011-03-15,42.93618755071
2011-03-14,44.3470000450614
2011-03-11,43.3444814604733
2011-03-10,43.9399624242512
2011-03-09,44.5593128781383
2011-03-08,44.5718757676695
2011-03-07,45.4274085447428
2011-03-04,45.2264023122439
2011-03-03,44.9047923402458
2011-03-02,43.9625756254073
2011-03-01,44.6321776374192
2011-02-28,44.1170991666408
2011-02-25,43.3746323953482
2011-02-24,43.2201088541147
2011-02-23,42.5442253973373
2011-02-22,42.9839265309285
2011-02-18,45.0128331902139
2011-02-17,44.8696162495585
2011-02-16,45.2917293378061
2011-02-15,45.1271554849476
2011-02-14,44.8231335582931
2011-02-11,44.5781572124351
2011-02-10,44.9525313204642
2011-02-09,44.6221273257942
2011-02-08,44.4123270706235
2011-02-07,43.7188555685025
2011-02-04,43.1861890523805
2011-02-03,43.191214208193
2011-02-02,43.2728729901456
2011-02-01,42.9072929047883
2011-01-31,42.1861830456987
2011-01-28,43.2577975227082
2011-01-27,43.2037770977241
2011-01-26,43.0781482024124
2011-01-25,42.2628166718388
2011-01-24,41.0881865006736
2011-01-21,41.9311563882157
2011-01-20,42.2339220259171
2011-01-19,43.7917203277833
2011-01-18,41.0869302117205
2011-01-14,43.4600600441602
2011-01-13,43.3809138401138
2011-01-12,43.1447315169276
2011-01-11,43.3356874378015
2011-01-10,42.5668385984934
2011-01-07,41.9751265015748
2011-01-06,42.0856799294492
2011-01-05,41.40100245
2011-01-04,41.7716076911697
2011-01-03,40.9424569821119
2010-12-31,40.5781331857078
2010-12-30,40.879642534456
2010-12-29,40.9927085402367
2010-12-28,40.9550198716431
2010-12-27,40.602002675817
2010-12-23,40.8293909763313
2010-12-22,40.751501061238
2010-12-21,40.5894397862858
2010-12-20,40.4022527322713
2010-12-17,40.3746143753027
2010-12-16,40.3381819956622
2010-12-15,40.2012464997724
2010-12-14,40.4512480014428
2010-12-13,40.7477321943787
2010-12-10,40.1572763864133
2010-12-09,40.4713486246927
2010-12-08,40.1723518538507
2010-12-07,40.6886866135821
2010-12-06,40.0178283126172
2010-12-03,39.8168220801183
2010-12-02,39.8871742614929
2010-12-01,39.6673236946973
2010-11-30,39.3896838360582
2010-11-29,39.727625564447
2010-11-26,39.4248599267455
2010-11-24,39.1962153372781
2010-11-23,38.982646215248
2010-11-22,38.5291259031725
2010-11-19,38.6936997560309
2010-11-18,38.3758586508921
2010-11-17,37.8243478004733
2010-11-16,38.3921904072826
2010-11-15,38.7540016257806
2010-11-12,39.6359164708693
2010-11-11,39.5731020232135
2010-11-10,39.7791334115248
2010-11-09,40.3268753950842
2010-11-08,39.8180783690714
2010-11-05,39.9487324201957
2010-11-04,39.5869212016977
2010-11-03,39.1170691332317
2010-11-02,38.5680708607191
2010-11-01,38.0190725882066
2010-10-29,38.2188225317524
2010-10-28,38.6874183112653
2010-10-27,38.6497296426718
2010-10-26,38.566814571766
2010-10-25,38.8344041187801
2010-10-22,38.8281226740145
2010-10-21,39.2351602948247
2010-10-20,38.8193286513427
2010-10-19,38.1271134381748
2010-10-18,40.0128031568047
2010-10-15,38.6233475746563
2010-10-14,37.9009814266135
2010-10-13,37.692437460396
2010-10-12,37.1120319640555
2010-10-11,37.031629471056
2010-10-08,36.669818252558
2010-10-07,36.4876563543559
2010-10-06,36.3833843712471
2010-10-05,35.4776000360491
2010-10-04,35.3871472314246
2010-10-01,35.9801156172963
2010-09-30,36.3067507451069
2010-09-29,36.0755935777333
2010-09-28,36.6459487624488
2010-09-27,36.9323826437597
2010-09-24,36.6962003205735
2010-09-23,35.9863970620619
2010-09-22,35.5165449935958
2010-09-21,35.6597619342512
2010-09-20,34.6861379955849
2010-09-17,34.8846316501775
2010-09-16,33.9537215359171
2010-09-15,33.6685439435594
2010-09-14,33.4386430651388
2010-09-13,33.4110047081702
2010-09-10,33.0655252460628
2010-09-09,33.2929135465771
2010-09-08,32.6358744240965
2010-09-07,32.2250679364269
2010-09-03,32.0265742818343
2010-09-02,31.5793354145243
2010-09-01,31.0931515896677
2010-08-31,30.3871171980155
2010-08-30,30.2464128352663
2010-08-27,30.3431470846563
2010-08-26,30.8393812211379
2010-08-25,29.8984207952526
2010-08-24,30.5278215607647
2010-08-23,31.6270743947428
2010-08-20,31.3293339128539
2010-08-19,31.7652661795858
2010-08-18,31.703708020883
2010-08-17,31.4197867174784
2010-08-16,31.1207899466363
2010-08-13,31.5366215901183
2010-08-12,30.9876233176058
2010-08-11,32.0529563498498
2010-08-10,32.6496936025808
2010-08-09,32.8506998350796
2010-08-06,32.6258241124715
2010-08-05,32.8494435461265
2010-08-04,32.9939167757351
2010-08-03,32.7891416763769
2010-08-02,32.7187894950023
2010-07-30,32.1609971998179
2010-07-29,32.7527092967364
2010-07-28,33.1245708268593
2010-07-27,32.7489404298771
2010-07-26,32.6610002031588
2010-07-23,32.2979326957078
2010-07-22,32.3795914776604
2010-07-21,33.291657257624
2010-07-20,30.5265652718115
2010-07-19,31.3758166041192
2010-07-16,31.8004422702731
2010-07-15,31.1898858390578
2010-07-14,31.3431530913382
2010-07-13,32.1873792678334
2010-07-12,32.4788383049567
2010-07-09,32.279088361411
2010-07-08,32.9876353309695
2010-07-07,31.4851137430405
2010-07-06,31.5642599470869
2010-07-02,31.4763197203687
2010-07-01,31.9235585876786
2010-06-30,32.2539625823486
2010-06-29,33.1974355861402
2010-06-28,33.5378898924351
2010-06-25,33.9223143120892
2010-06-24,34.0416617626354
2010-06-23,34.5027198084297
2010-06-22,34.2012104596814
2010-06-21,34.8934256728493
2010-06-18,34.1999541707282
2010-06-17,33.9964353603231
2010-06-16,32.7891416763769
2010-06-15,32.1132582195994
2010-06-14,32.1609971998179
2010-06-11,31.1773229495266
2010-06-10,30.755209861279
2010-06-09,31.6032049046336
2010-06-08,31.831849494101
2010-06-07,32.4587376817069
2010-06-04,32.471300571238
2010-06-03,33.3167830366864
2010-06-02,33.2589937448429
2010-06-01,32.6258241124715
2010-05-28,32.5604970869094
2010-05-27,31.4989329215248
2010-05-26,31.4323496070095
2010-05-25,30.1383719852981
2010-05-24,31.0630006547929
2010-05-21,29.1019335989759
2010-05-20,30.3268153282658
2010-05-19,31.3418968023851
2010-05-18,32.2910231064656
2010-05-17,31.9298400324442
2010-05-14,32.0617503725216
2010-05-13,33.0730629797815
2010-05-12,32.6182863787528
2010-05-11,31.6584816185708
2010-05-10,31.554209635462
2010-05-07,30.6534504560764
2010-05-06,31.9097394091943
2010-05-05,31.7690350464451
2010-05-04,32.9700472856258
2010-05-03,33.2187924983432
2010-04-30,33.8871382214019
2010-04-29,33.046680911766
2010-04-28,33.0403994670004
2010-04-27,33.5429150482476
2010-04-26,34.1685469469003
2010-04-23,33.5441713372007
2010-04-22,32.4348681915976
2010-04-21,32.4449185032226
2010-04-20,31.3117458675102
2010-04-19,30.9738041391215
2010-04-16,31.2803386436823
2010-04-15,30.8984268019344
2010-04-14,30.8004362635912
2010-04-13,30.4310873113746
2010-04-12,30.5152586712335
2010-04-09,30.3343530619845
2010-04-08,30.201186432954
2010-04-07,30.115758784142
2010-04-06,29.934853174893
2010-04-05,29.5215341093172
2010-04-01,29.8582195487528
2010-03-31,29.6295749592854
2010-03-30,29.732590653441
2010-03-29,29.2602260070687
2010-03-26,28.7665044484934
2010-03-25,29.0039430606327
2010-03-24,28.6245437967911
2010-03-23,28.3494165160582
2010-03-22,27.7011714162494
2010-03-19,28.2866020684023
2010-03-18,28.1308222382157
2010-03-17,28.240119377137
2010-03-16,28.1647420399499
2010-03-15,28.3293158928084
2010-03-12,28.5240406805416
2010-03-11,28.123284504497
2010-03-10,28.1044401702003
2010-03-09,27.4059435122667
2010-03-08,27.6358443906873
2010-03-05,27.0102124920346
2010-03-04,26.3054343893354
2010-03-03,26.2765397434137
2010-03-02,26.3782991486163
2010-03-01,25.8481452104005
2010-02-26,25.4335698558716
2010-02-25,24.7966313566409
2010-02-24,24.9373357193901
2010-02-23,25.1144724617797
2010-02-22,25.4323135669185
2010-02-19,25.3581925186846
2010-02-18,25.330554161716
2010-02-17,25.6597018674328
2010-02-16,25.4009063430906
2010-02-12,24.8958781839372
2010-02-11,24.4712525177833
2010-02-10,24.6006502799545
2010-02-09,24.681052772954
2010-02-08,24.5830622346108
2010-02-05,24.2086881265817
2010-02-04,24.7300480421256
2010-02-03,24.5302980985799
2010-02-02,24.6144694584388
2010-02-01,24.1936126591443
2010-01-29,25.2928654931224
2010-01-28,25.7941247854165
2010-01-27,25.981311839431
2010-01-26,25.8619643888848
2010-01-25,25.4813088360901
2010-01-22,25.9775429725717
2010-01-21,26.6697581857396
2010-01-20,26.9989058914565
2010-01-19,26.1798054940237
2010-01-18,26.5579484689121
2010-01-15,26.5579484689121
2010-01-14,26.3870931712881
2010-01-13,26.1458856922895
2010-01-12,26.2966403666636
2010-01-11,26.7551858345516
2010-01-08,26.4323195736003
2010-01-07,26.5931245595994
2010-01-06,26.9323225769413
2010-01-05,26.9838304240191
2010-01-04,26.8217691490669
2009-12-31,26.7727738798953
2009-12-30,26.2250318963359
2009-12-29,26.7149845880519
2009-12-28,26.5265412450842
2009-12-24,25.5566861732772
2009-12-23,25.2752774477788
2009-12-22,25.0993969943423
2009-12-21,24.6232634811106
2009-12-18,24.2589396847064
2009-12-17,24.4813028294083
2009-12-16,24.4976345857988
2009-12-15,24.5931125462358
2009-12-14,24.5566801665953
2009-12-11,24.8431140479062
2009-12-10,25.0868341048111
2009-12-09,24.0265262283796
2009-12-08,23.7488863697405
2009-12-07,24.286578041675
2009-12-04,25.0880903937642
2009-12-03,24.8581895153436
2009-12-02,25.0064316118115
2009-12-01,25.4084440768093
2009-11-30,25.2401013570915
2009-11-27,25.0127130565771
2009-11-25,25.8167379865726
2009-11-24,25.7916122075102
2009-11-23,25.5177412157305
2009-11-20,24.9159788071871
2009-11-19,25.6999031139326
2009-11-18,25.9323165702594
2009-11-17,25.8883464569003
2009-11-16,25.8041750970414
2009-11-13,25.4901028587619
2009-11-12,25.544123283746
2009-11-11,25.7074408476513
2009-11-10,25.2602019803414
2009-11-09,24.7426109316568
2009-11-06,24.2463767951752
2009-11-05,24.2086881265817
2009-11-04,23.9586866249112
2009-11-03,23.6182323186163
2009-11-02,23.8456206191306
2009-10-30,24.6458766822667
2009-10-29,24.4838154073145
2009-10-28,24.7840684671097
2009-10-27,25.3318104506691
2009-10-26,25.565480195949
2009-10-23,25.8418637656349
2009-10-22,25.693621669167
2009-10-21,25.0780400821393
2009-10-20,25.1848246431543
2009-10-19,23.6031568511789
2009-10-16,23.775268437756
2009-10-15,23.8192385511151
2009-10-14,24.1395922341602
2009-10-13,23.9473800243332
2009-10-12,23.9913501376923
2009-10-09,23.7312983243969
2009-10-08,23.9662243586299
2009-10-07,23.8468769080837
2009-10-06,23.5868250947883
2009-10-05,23.3921003070551
2009-10-02,22.7865690316522
2009-10-01,23.3029037913837
2009-09-30,23.3719996838052
2009-09-29,23.4498895988985
2009-09-28,23.0943598251661
2009-09-25,22.8807907031361
2009-09-24,23.5177292023668
2009-09-23,23.2915971908056
2009-09-22,23.2539085222121
2009-09-21,23.1709934513063
2009-09-18,23.3544116384615
2009-09-17,22.8644589467455
2009-09-16,22.3619433654984
2009-09-15,21.8644529400637
2009-09-14,21.4636967640191
2009-09-11,21.728773733127
2009-09-10,21.6157077273464
2009-09-09,21.6986227982521
2009-09-08,21.6621904186117
2009-09-04,21.0051512961311
2009-09-03,20.9096733356941
2009-09-02,20.6659532787892
2009-09-01,21.1169610129586
2009-08-31,21.1169610129586
2009-08-28,21.6157077273464
2009-08-27,21.1822880385207
2009-08-26,21.2237455739736
2009-08-25,21.2853037326764
2009-08-24,21.3569122030041
2009-08-21,21.0817849222713
2009-08-20,20.7149485479608
2009-08-19,20.4423338451343
2009-08-18,20.3204738166818
2009-08-17,20.5516309840555
2009-08-14,21.0817849222713
2009-08-13,20.9335428258034
2009-08-12,20.4134391992126
2009-08-11,20.5541435619618
2009-08-10,20.7765067066636
2009-08-07,20.7928384630541
2009-08-06,20.7978636188666
2009-08-05,20.8531403328038
2009-08-04,20.7325365933045
2009-08-03,20.7476120607419
2009-07-31,20.4775099358216
2009-07-30,20.3053983492444
2009-07-29,19.9674566208557
2009-07-28,19.9699691987619
2009-07-27,20.1006232498862
2009-07-24,19.7161988302321
2009-07-23,19.6621784052481
2009-07-22,19.7865510116067
2009-07-21,19.2752414076877
2009-07-20,19.2388090280473
2009-07-17,18.7400623136595
2009-07-16,18.3279995370369
2009-07-15,18.1998580638188
2009-07-14,17.8493534458989
2009-07-13,17.5264871849476
2009-07-10,17.1370376094811
2009-07-09,17.3116617739645
2009-07-08,17.0754794507783
2009-07-07,17.3970894227765
2009-07-06,17.4247277797451
2009-07-03,17.7526191965089
2009-07-02,17.7526191965089
2009-07-01,18.0302590551479
2009-06-30,17.9222182051798
2009-06-29,18.0214650324761
2009-06-26,17.5553818308694
2009-06-25,17.0604039833409
2009-06-24,17.0139212920755
2009-06-23,17.1307561647155
2009-06-22,17.6659352587437
2009-06-19,17.3455815756987
2009-06-18,17.0855297624033
2009-06-17,17.1747262780746
2009-06-16,17.1646759664497
2009-06-15,17.083017184497
2009-06-12,17.444828402995
2009-06-11,17.5390500744788
2009-06-10,17.839303134274
2009-06-09,18.0666914347883
2009-06-08,18.0779980353664
2009-06-05,18.2790042678653
2009-06-04,17.6018645221347
2009-06-03,17.5993519442285
2009-06-02,17.4611601593855
2009-06-01,17.1320124536686
2009-05-29,17.0101524252162
2009-05-28,16.7714575241238
2009-05-27,16.5553758241875
2009-05-26,15.6809987128175
2009-05-22,15.5892896192399
2009-05-21,15.7036119139736
2009-05-20,16.0516039539872
2009-05-19,15.9347690813473
2009-05-18,15.5578823954119
2009-05-15,15.345569562335
2009-05-14,15.0453165025398
2009-05-13,15.4686858797405
2009-05-12,16.2953240108921
2009-05-11,15.9900457952845
2009-05-08,16.2161778068457
2009-05-07,16.5943207817342
2009-05-06,16.7702012351707
2009-05-05,16.5516069573282
2009-05-04,16.1056243789713
2009-05-01,15.8066276081293
2009-04-30,15.8757235005507
2009-04-29,15.6822550017706
2009-04-28,15.4938116588029
2009-04-27,15.4347660780064
2009-04-24,15.6407974663177
2009-04-23,15.910899591238
2009-04-22,15.4021025652253
2009-04-21,14.9435570973373
2009-04-20,15.2965742931634
2009-04-17,15.2061214885389
2009-04-16,14.9749643211652
2009-04-15,14.6998370404324
2009-04-14,15.0189344345243
2009-04-13,15.0754674374146
2009-04-09,14.8807426496814
2009-04-08,14.4799864736368
2009-04-07,14.6257159921984
2009-04-06,14.439785227137
2009-04-03,14.3103874649659
2009-04-02,13.8267162180155
2009-04-01,13.0716865571916
2009-03-31,13.2538484553937
2009-03-30,13.0779680019572
2009-03-27,13.6307351413291
2009-03-26,13.5566140930951
2009-03-25,13.5051062460173
2009-03-24,13.3618893053618
2009-03-23,12.8995749706145
2009-03-20,12.830479078193
2009-03-19,12.8078658770369
2009-03-18,12.5478140637415
2009-03-17,11.9623834115885
2009-03-16,12.1244446865407
2009-03-13,12.0980626185253
2009-03-12,11.6709243744652
2009-03-11,11.2940376885298
2009-03-10,10.6508177445334
2009-03-09,10.5591086509558
2009-03-06,11.0968003228903
2009-03-05,11.3380078018889
2009-03-04,11.1935345722804
2009-03-03,11.1935345722804
2009-03-02,11.0540864984843
2009-02-27,11.0553427874374
2009-02-26,11.5716775471689
2009-02-25,11.2890125327173
2009-02-24,10.9611211159536
2009-02-23,11.5076068105598
2009-02-20,11.242529841452
2009-02-19,11.7236885104961
2009-02-18,11.9535893889167
2009-02-17,12.1860028452435
2009-02-13,12.4510798143514
2009-02-12,12.0390170377287
2009-02-11,12.1106255080564
2009-02-10,12.7098753386937
2009-02-09,12.5628895311789
2009-02-06,12.1947968679153
2009-02-05,11.6558489070278
2009-02-04,11.7236885104961
2009-02-03,11.5314763006691
2009-02-02,11.1809716827492
2009-01-30,11.6357482837779
2009-01-29,11.6947938645744
2009-01-28,11.5767027029813
2009-01-27,11.3191634675922
2009-01-26,11.1658962153118
2009-01-23,10.92343244736
2009-01-22,11.0553427874374
2009-01-21,9.9874971772872
2009-01-20,10.2978005487073
2009-01-19,10.5867470079244
2009-01-16,10.5867470079244
2009-01-15,10.113126072599
2009-01-14,10.8342359316887
2009-01-13,11.0980566118434
2009-01-12,11.3631335809513
2009-01-09,11.7098693320118
2009-01-08,11.3643898699044
2009-01-07,11.5076068105598
2009-01-06,12.0553487941192
2009-01-05,11.6973064424806
2009-01-02,10.7513208607829
2008-12-31,10.8040849968138
2008-12-30,10.9824780281566
2008-12-29,10.8819749119071
2008-12-26,10.8731808892353
2008-12-24,10.816647886345
2008-12-23,10.9284576031725
2008-12-22,11.306600578061
2008-12-19,11.3053442891079
2008-12-18,11.2437861304051
2008-12-17,11.4322294733728
2008-12-16,11.8091161593081
2008-12-15,12.0578613720255
2008-12-12,11.6696680855121
2008-12-11,12.2048471795403
2008-12-10,12.2902748283523
2008-12-09,12.3066065847428
2008-12-08,12.2035908905872
2008-12-05,11.3442892466545
2008-12-04,11.8543425616204
2008-12-03,11.2261980850614
2008-12-02,11.306600578061
2008-12-01,11.4736870088257
2008-11-28,11.8970563860264
2008-11-26,11.3191634675922
2008-11-25,11.8870060744014
2008-11-24,10.6910189910332
2008-11-21,10.2978005487073
2008-11-20,10.6872501241739
2008-11-19,11.2663993315612
2008-11-18,11.2563490199363
2008-11-17,11.1181572350933
2008-11-14,11.7626334680428
2008-11-13,11.306600578061
2008-11-12,11.6206728163405
2008-11-11,11.9133881424169
2008-11-10,12.6005781997724
2008-11-07,12.4561049701639
2008-11-06,12.6947998712563
2008-11-05,13.693549588985
2008-11-04,13.8179221953436
2008-11-03,13.3053563024715
2008-10-31,13.4887744896268
2008-10-30,13.6181722517979
2008-10-29,12.6558549137096
2008-10-28,11.9812277458853
2008-10-27,11.9435390772918
2008-10-24,11.3342389350296
2008-10-23,12.1294698423532
2008-10-22,12.2199226469777
2008-10-21,12.1822339783842
2008-10-20,12.5490703526946
2008-10-17,12.4912810608512
2008-10-16,12.5352511742103
2008-10-15,13.044048200223
2008-10-14,14.620690836386
2008-10-13,13.1646519397223
2008-10-10,10.7651400392672
2008-10-09,11.7463017116522
2008-10-08,10.8028287078607
2008-10-07,12.6257039788348
2008-10-06,11.5578583686846
2008-10-03,13.065405112426
2008-10-02,13.576714716345
2008-10-01,14.0553608074829
2008-09-30,13.6056093622667
2008-09-29,15.0126529897588
2008-09-26,15.7036119139736
2008-09-25,16.336781546345
2008-09-24,16.0051212627219
2008-09-23,16.5315063340783
2008-09-22,17.5805076099317
2008-09-19,17.6872921709467
2008-09-18,16.3995959940009
2008-09-17,17.380757666386
2008-09-16,16.7865329915612
2008-09-15,17.839303134274
2008-09-12,18.9410685461584
2008-09-11,18.5930765061447
2008-09-10,19.1558939571415
2008-09-09,19.7061485186072
2008-09-08,20.7149485479608
2008-09-05,19.8933355726217
2008-09-04,20.8217331089759
2008-09-03,20.9800255170687
2008-09-02,21.6772658860491
2008-08-29,21.7136982656896
2008-08-28,22.0214890592034
2008-08-27,21.7538995121893
2008-08-26,21.6910850645334
2008-08-25,22.1006352632499
2008-08-22,22.1069167080155
2008-08-21,21.9322925435321
2008-08-20,21.9599309005007
2008-08-19,21.899629030751
2008-08-18,22.0302830818753
2008-08-15,22.496366283482
2008-08-14,22.3820439887483
2008-08-13,22.368224810264
2008-08-12,21.7978696255485
2008-08-11,21.3719876704415
2008-08-08,20.5905759416022
2008-08-07,20.4636907573373
2008-08-06,20.0968543830268
2008-08-05,19.5352932209831
2008-08-04,19.6709724279199
2008-08-01,20.0930855161675
2008-07-31,19.8116767906691
2008-07-30,19.8129330796222
2008-07-29,19.5038859971552
2008-07-28,20.3744942416659
2008-07-25,20.1471059411516
2008-07-24,20.6408274997269
2008-07-23,20.7476120607419
2008-07-22,18.7061425119253
2008-07-21,20.9674626275375
2008-07-18,21.132036480396
2008-07-17,21.8707343848293
2008-07-16,21.366962514629
2008-07-15,21.6458586622212
2008-07-14,22.517723195685
2008-07-11,22.0315393708284
2008-07-10,21.973750078985
2008-07-09,22.6446083799499
2008-07-08,22.0353082376877
2008-07-07,21.7337988889395
2008-07-03,21.3054043559262
2008-07-02,21.9913381243286
2008-07-01,20.6094202758989
2008-06-30,21.3619373588166
2008-06-27,20.9096733356941
2008-06-26,21.8770158295949
2008-06-25,21.9222422319071
2008-06-24,21.6157077273464
2008-06-23,21.9574183225944
2008-06-20,22.4925974166227
2008-06-19,22.422245235248
2008-06-18,22.7388300514338
2008-06-17,22.3833002777014
2008-06-16,21.5139483221438
2008-06-13,21.5453555459718
2008-06-12,22.7953630543241
2008-06-11,23.1584305617751
2008-06-10,22.6546586915749
2008-06-09,23.231295321056
2008-06-06,23.6182323186163
2008-06-05,23.3983817518207
2008-06-04,23.1157167373691
2008-06-03,23.4800405337733
2008-06-02,23.6810467662722
2008-05-30,23.5554178709604
2008-05-29,23.4838094006327
2008-05-28,23.5541615820073
2008-05-27,22.964962062995
2008-05-23,22.7074228276058
2008-05-22,22.5101854619663
2008-05-21,23.3179792588211
2008-05-20,22.8431020345425
2008-05-19,23.6056694290851
2008-05-16,23.9071787778334
2008-05-15,23.4649650663359
2008-05-14,24.0315513841921
2008-05-13,23.6936096558034
2008-05-12,23.2564211001183
2008-05-09,23.0127010432135
2008-05-08,23.0843095135412
2008-05-07,23.3833062843832
2008-05-06,23.1860689187437
2008-05-05,22.8405894566363
2008-05-02,22.6521461136686
2008-05-01,21.9863129685161
2008-04-30,22.1433490876559
2008-04-29,21.4963602768002
2008-04-28,21.324248690223
2008-04-25,21.4322895401912
2008-04-24,20.7677126839918
2008-04-23,20.6094202758989
2008-04-22,21.0315333641466
2008-04-21,20.3958511538689
2008-04-18,19.9800195103869
2008-04-17,19.3694630791716
2008-04-16,19.0654411525171
2008-04-15,18.7689569595812
2008-04-14,18.4247337864269
2008-04-11,19.1860448920164
2008-04-10,18.9862949484706
2008-04-09,19.2651910960628
2008-04-08,19.2815228524533
2008-04-07,19.6144394250296
2008-04-04,19.1207178664542
2008-04-03,18.4800105003641
2008-04-02,18.7187054014565
2008-04-01,18.3795073841147
2008-03-31,17.9900578086481
2008-03-28,17.8166899331179
2008-03-27,18.2011143527719
2008-03-26,17.6973424825717
2008-03-25,17.5830201878379
2008-03-24,16.8355282607328
2008-03-20,16.4724607532817
2008-03-19,16.719949677046
2008-03-18,16.2287406963769
2008-03-17,15.3983336983659
2008-03-14,16.3305001015794
2008-03-13,15.5704452849431
2008-03-12,15.9548697045972
2008-03-11,15.590545908193
2008-03-10,15.345569562335
2008-03-07,15.1382818850705
2008-03-06,15.6910490244424
2008-03-05,15.5277314605371
2008-03-04,15.324212650132
2008-03-03,15.633259732599
2008-02-29,16.2425598748612
2008-02-28,15.9799954836595
2008-02-27,14.8543605816659
2008-02-26,14.7789832444788
2008-02-25,14.898330695025
2008-02-22,15.3870270977879
2008-02-21,15.8418036988166
2008-02-20,15.3543635850068
2008-02-19,15.835522254051
2008-02-15,15.8631606110196
2008-02-14,16.2639167870642
2008-02-13,15.9222061918161
2008-02-12,16.4259780620164
2008-02-11,16.0880363336277
2008-02-08,15.3367755396632
2008-02-07,15.0716985705553
2008-02-06,16.4360283736413
2008-02-05,16.3820079486573
2008-02-04,16.8606540397952
2008-02-01,17.1244747199499
2008-01-31,16.2928114329859
2008-01-30,16.5201997335002
2008-01-29,16.4837673538598
2008-01-28,16.0817548888621
2008-01-25,17.466185315198
2008-01-24,17.5880453436504
2008-01-23,17.1081429635594
2008-01-22,18.5817699055667
2008-01-18,20.3154486608694
2008-01-17,20.2790162812289
2008-01-16,20.7425869049294
2008-01-15,22.336817586436
2008-01-14,22.3116918073737
2008-01-11,22.1106855748748
2008-01-10,22.3167169631861
2008-01-09,21.5453555459718
2008-01-08,22.6232514677469
2008-01-07,22.7702372752617
2008-01-04,24.0516520074419
2008-01-03,24.5591927445016
2008-01-02,25.0617083257487
