Date,AdjustedHighPrice
2019-03-29,190.08
2019-03-28,189.559
2019-03-27,189.76
2019-03-26,192.88
2019-03-25,191.98
2019-03-22,197.69
2019-03-21,196.33
2019-03-20,189.49
2019-03-19,188.99
2019-03-18,188.39
2019-03-15,187.33
2019-03-14,184.1
2019-03-13,183.3
2019-03-12,182.67
2019-03-11,179.12
2019-03-08,173.07
2019-03-07,174.44
2019-03-06,175.49
2019-03-05,176.0
2019-03-04,177.75
2019-03-01,175.15
2019-02-28,174.91
2019-02-27,175.0
2019-02-26,175.3
2019-02-25,175.87
2019-02-22,173.0
2019-02-21,172.37
2019-02-20,173.32
2019-02-19,171.44
2019-02-15,171.7
2019-02-14,171.2615
2019-02-13,172.48
2019-02-12,171.0
2019-02-11,171.21
2019-02-08,170.66
2019-02-07,173.197188487189
2019-02-06,174.820227565228
2019-02-05,174.33232011232
2019-02-04,170.921946589447
2019-02-01,168.25837018837
2019-01-31,168.278284778285
2019-01-30,165.440455715456
2019-01-29,157.454705159705
2019-01-28,155.662392067392
2019-01-25,157.454705159705
2019-01-24,153.820292500293
2019-01-23,154.477473967474
2019-01-22,156.060683865684
2019-01-18,157.205772785773
2019-01-17,156.986712296712
2019-01-16,155.214313794314
2019-01-15,152.734947349947
2019-01-14,150.624000819001
2019-01-11,153.043623493624
2019-01-10,153.31247045747
2019-01-09,153.870078975079
2019-01-08,151.171652041652
2019-01-07,148.194420849421
2019-01-04,147.915517017667
2019-01-03,145.097702117702
2019-01-02,158.17163039663
2018-12-31,158.679452439452
2018-12-28,157.84303966304
2018-12-27,156.100513045513
2018-12-26,156.558548613549
2018-12-24,150.902805077805
2018-12-21,157.484577044577
2018-12-20,161.417708552709
2018-12-19,166.734904059904
2018-12-18,166.814562419562
2018-12-17,167.631060606061
2018-12-14,168.357943137943
2018-12-13,171.833039078039
2018-12-12,171.185814905815
2018-12-11,171.05637007137
2018-12-10,169.36362992863
2018-12-07,173.74483970984
2018-12-06,174.033601263601
2018-12-04,181.611003153153
2018-12-03,184.150212940213
2018-11-30,179.5598999649
2018-11-29,182.019351819352
2018-11-28,180.5158002808
2018-11-27,174.023643968644
2018-11-26,174.202875277875
2018-11-23,175.84085029835
2018-11-21,179.500156195156
2018-11-20,180.695031590032
2018-11-19,189.885614835615
2018-11-16,194.136881917632
2018-11-15,191.150191295191
2018-11-14,193.649472329472
2018-11-13,196.337941967942
2018-11-12,198.99653972154
2018-11-09,205.130233415233
2018-11-08,209.222681642682
2018-11-07,208.435674502387
2018-11-06,203.136966981475
2018-11-05,202.80951876389
2018-11-02,211.997914202775
2018-11-01,220.640562612352
2018-10-31,218.745332019667
2018-10-30,213.516083211576
2018-10-29,217.991208851896
2018-10-26,218.487342514903
2018-10-25,219.668140632859
2018-10-24,222.496102511997
2018-10-23,221.523680532504
2018-10-22,221.632829938366
2018-10-19,219.549068553737
2018-10-18,218.040822218197
2018-10-17,220.918397463636
2018-10-16,221.265691027741
2018-10-15,220.114660929565
2018-10-12,221.156541621879
2018-10-11,217.802678059954
2018-10-10,224.599709243146
2018-10-09,225.512595183078
2018-10-08,223.061694887825
2018-10-05,226.643779934734
2018-10-04,230.553313199227
2018-10-03,231.664652604362
2018-10-02,228.221484983095
2018-10-01,227.645969934007
2018-09-28,224.093652906879
2018-09-27,224.689013302487
2018-09-26,222.019814195511
2018-09-25,221.097005582318
2018-09-24,219.549068553737
2018-09-21,219.648295286339
2018-09-20,220.561181226271
2018-09-19,217.921750139075
2018-09-18,220.134506276085
2018-09-17,221.2260003347
2018-09-14,225.085920232893
2018-09-13,226.584243895173
2018-09-12,223.260148353028
2018-09-11,222.564568957492
2018-09-10,220.134506276085
2018-09-07,223.627287263653
2018-09-06,225.591976569159
2018-09-05,227.894036765511
2018-09-04,227.407825775764
2018-08-31,227.1002229047
2018-08-30,226.494939835832
2018-08-29,221.761824690747
2018-08-28,218.834636079008
2018-08-27,217.048554892184
2018-08-24,215.222783012319
2018-08-23,215.371623111221
2018-08-22,214.686958656272
2018-08-21,215.510540536863
2018-08-20,217.485152515629
2018-08-17,216.264663704633
2018-08-16,212.158760736322
2018-08-15,209.110416284076
2018-08-14,208.931808165393
2018-08-13,209.320776957191
2018-08-10,207.483097869414
2018-08-09,207.430363478442
2018-08-08,205.482428422419
2018-08-07,207.153499612612
2018-08-06,206.906299732406
2018-08-03,206.402011976786
2018-08-02,206.046044149289
2018-08-01,199.500191321435
2018-07-31,189.987939931108
2018-07-30,190.047267902358
2018-07-27,193.003778469621
2018-07-26,193.765154100656
2018-07-25,192.667586632541
2018-07-24,191.491014082713
2018-07-23,189.80995601736
2018-07-20,190.274691792147
2018-07-19,190.393347734646
2018-07-18,189.651748094028
2018-07-17,189.720964060486
2018-07-16,190.492227686729
2018-07-13,189.691300074861
2018-07-12,189.266116280907
2018-07-11,187.654274182012
2018-07-10,189.1375723432
2018-07-09,188.544292630706
2018-07-06,186.323448906935
2018-07-05,184.322118676787
2018-07-03,185.844869938856
2018-07-02,185.202150250321
2018-06-29,185.09338230303
2018-06-28,184.124358772623
2018-06-27,185.182374259904
2018-06-26,184.440774619286
2018-06-25,182.84880739076
2018-06-22,184.065030801373
2018-06-21,186.240389747186
2018-06-20,185.103270298238
2018-06-19,184.243014715121
2018-06-18,187.100645330303
2018-06-15,188.030116879877
2018-06-14,189.424324204239
2018-06-13,190.719651576518
2018-06-12,190.453664505417
2018-06-11,189.819844012568
2018-06-08,189.849507998193
2018-06-07,192.024866944006
2018-06-06,191.906211001507
2018-06-05,191.767779068592
2018-06-04,191.253603317763
2018-06-01,188.128996831959
2018-05-31,186.121733804687
2018-05-30,185.894309914897
2018-05-29,186.635909555515
2018-05-25,187.525829124257
2018-05-24,186.72490151239
2018-05-23,186.388709675309
2018-05-22,186.764453493222
2018-05-21,187.150085306344
2018-05-18,185.706635765845
2018-05-17,186.794117478847
2018-05-16,186.349157694476
2018-05-15,184.974726360531
2018-05-14,187.407173181758
2018-05-11,187.931236927795
2018-05-10,187.51468769922
2018-05-09,184.589233990828
2018-05-08,183.42693251746
2018-05-07,184.855184327955
2018-05-04,181.486480057684
2018-05-03,174.83772162952
2018-05-02,175.083971941674
2018-05-01,166.662211265998
2018-04-30,164.751308843681
2018-04-27,161.865255185233
2018-04-26,163.244256933297
2018-04-25,162.938906546226
2018-04-24,163.835257682467
2018-04-23,164.416408419152
2018-04-20,168.650337786207
2018-04-19,172.759368994938
2018-04-18,176.137923277694
2018-04-17,176.252675923158
2018-04-16,173.547369993831
2018-04-13,173.202619556815
2018-04-12,172.375218507977
2018-04-11,171.314569163466
2018-04-10,171.39021725936
2018-04-09,170.493866123118
2018-04-06,169.893015361462
2018-04-05,171.617161547041
2018-04-04,169.430064774612
2018-04-03,166.214528198502
2018-04-02,166.406110941358
2018-03-29,169.173964449972
2018-03-28,167.469912289864
2018-03-27,172.52296869527
2018-03-26,170.503716135605
2018-03-23,167.371412165003
2018-03-22,170.090015611186
2018-03-21,172.463868620353
2018-03-20,174.148220755488
2018-03-19,174.808171592061
2018-03-16,176.433423652279
2018-03-15,177.53662505073
2018-03-14,177.812425400343
2018-03-13,180.747729121222
2018-03-12,179.654377735257
2018-03-09,177.300224751062
2018-03-08,174.463421155045
2018-03-07,173.212469569301
2018-03-06,175.576472565982
2018-03-05,175.074121929188
2018-03-02,173.655720131179
2018-03-01,177.078599470123
2018-02-28,177.906000518962
2018-02-27,177.773025350398
2018-02-26,176.699373989406
2018-02-23,173.015469319578
2018-02-22,171.340967196929
2018-02-21,171.508417409194
2018-02-20,171.646317584
2018-02-16,172.197918283226
2018-02-15,170.493866123118
2018-02-14,165.027109193294
2018-02-13,162.278955709653
2018-02-12,161.431854635842
2018-02-09,155.52184714414
2018-02-08,157.941252096322
2018-02-07,160.29565585428
2018-02-06,160.609576355341
2018-02-05,160.766536605871
2018-02-02,163.631061178053
2018-02-01,165.416484027838
2018-01-31,165.241571448653
2018-01-30,164.190232070568
2018-01-29,166.927226439194
2018-01-26,168.732269320295
2018-01-25,171.626223939451
2018-01-24,173.931577619118
2018-01-23,176.030920969963
2018-01-22,174.402458370709
2018-01-19,176.168261189177
2018-01-18,176.678382003402
2018-01-17,175.844530672458
2018-01-16,175.981870891672
2018-01-12,173.990437713067
2018-01-11,172.154591382799
2018-01-10,170.988572921671
2018-01-09,171.734134111691
2018-01-08,172.273684972889
2018-01-05,172.038244597093
2018-01-04,170.174341622044
2018-01-03,171.233823313125
2018-01-02,169.026569790039
2017-12-29,167.349057112495
2017-12-28,168.585119085422
2017-12-27,167.53544741
2017-12-26,168.212338490412
2017-12-22,172.091218681647
2017-12-21,172.675895614874
2017-12-20,172.087294675384
2017-12-19,172.05786462841
2017-12-18,173.833477462536
2017-12-15,170.861042718115
2017-12-14,169.840801089666
2017-12-13,170.243011731651
2017-12-12,169.114859930963
2017-12-11,169.605360713871
2017-12-08,167.751267754479
2017-12-07,167.201906877622
2017-12-06,166.971077209186
2017-12-05,168.261388568703
2017-12-04,169.3404902911
2017-12-01,168.408538803575
2017-11-30,168.869609539509
2017-11-29,169.634790760845
2017-11-28,171.547743814186
2017-11-27,171.753754143007
2017-11-24,172.165774800649
2017-11-22,171.675274017742
2017-11-21,170.399971982181
2017-11-20,167.31962706552
2017-11-17,168.133858365147
2017-11-16,168.604739116739
2017-11-15,167.083892389255
2017-11-14,170.184151637702
2017-11-13,171.184773234834
2017-11-10,172.048054612752
2017-11-09,172.1306842497
2017-11-08,172.272419956087
2017-11-07,171.304707202135
2017-11-06,171.050560418269
2017-11-03,170.336994448183
2017-11-02,164.706665697916
2017-11-01,166.114247885483
2017-10-31,165.830678723946
2017-10-30,164.286346016906
2017-10-27,159.916976309668
2017-10-26,154.276383939283
2017-10-25,154.003176146627
2017-10-24,153.876102754694
2017-10-23,154.140024414863
2017-10-20,154.198673672678
2017-10-19,153.543756960407
2017-10-18,157.092037058232
2017-10-17,157.248435079073
2017-10-16,156.398020840751
2017-10-13,153.739254486458
2017-10-12,153.827228373181
2017-10-11,153.446008197382
2017-10-10,154.443045580242
2017-10-09,153.201636289818
2017-10-06,151.989551628302
2017-10-05,151.94067724679
2017-10-04,150.396246790987
2017-10-03,151.598556576201
2017-10-02,150.972964492837
2017-09-29,150.660168451156
2017-09-28,150.806791595694
2017-09-27,151.235810916613
2017-09-26,150.454896048803
2017-09-25,148.41194690157
2017-09-22,148.842041458882
2017-09-21,152.292572793681
2017-09-20,154.697192364108
2017-09-19,156.173198685792
2017-09-18,156.886764655878
2017-09-15,157.346183842098
2017-09-14,155.811528262598
2017-09-13,156.358921335541
2017-09-12,160.26887185656
2017-09-11,158.401870482773
2017-09-08,157.522131615544
2017-09-07,158.587593132522
2017-09-06,159.320708855213
2017-09-05,160.552343269334
2017-09-01,161.226809734209
2017-08-31,160.816264929502
2017-08-30,160.200447722442
2017-08-29,159.447782247146
2017-08-28,158.35299610126
2017-08-25,156.945413913694
2017-08-24,157.12136168714
2017-08-23,156.857440026971
2017-08-22,156.398020840751
2017-08-21,154.335521940914
2017-08-18,155.909277025624
2017-08-17,157.092037058232
2017-08-16,158.85151479269
2017-08-15,158.54360618916
2017-08-14,156.603293243105
2017-08-11,155.002950494852
2017-08-10,156.398020840751
2017-08-09,157.022809983511
2017-08-08,157.568061881513
2017-08-07,154.73469934011
2017-08-04,153.254729902677
2017-08-03,153.069733722998
2017-08-02,155.542840546078
2017-08-01,146.26382163901
2017-07-31,146.370924690403
2017-07-28,146.273558280045
2017-07-27,149.934535309487
2017-07-26,149.876115463272
2017-07-25,149.78848569395
2017-07-24,148.425355948946
2017-07-21,146.478027741796
2017-07-20,147.743791076443
2017-07-19,147.432218563299
2017-07-18,146.176191869688
2017-07-17,146.92591322944
2017-07-14,145.397260586828
2017-07-13,144.579382739825
2017-07-12,142.330218660567
2017-07-11,142.008909506388
2017-07-10,142.106275916745
2017-07-07,140.937878992455
2017-07-06,139.720798862987
2017-07-05,140.976825556598
2017-07-03,141.477483638656
2017-06-30,141.142348454206
2017-06-29,141.307871351814
2017-06-28,142.262062173317
2017-06-27,142.310745378496
2017-06-26,144.374913278074
2017-06-23,143.284409482071
2017-06-22,142.836523994426
2017-06-21,142.222434044302
2017-06-20,143.002046892034
2017-06-19,142.875470558569
2017-06-16,140.694462966562
2017-06-15,140.674794951669
2017-06-14,143.615455277286
2017-06-13,143.566772072107
2017-06-12,142.242588891246
2017-06-09,151.102932233776
2017-06-08,151.443714670028
2017-06-07,151.8721268756
2017-06-06,151.706603977993
2017-06-05,150.382420797131
2017-06-02,151.356084900706
2017-06-01,149.291917001127
2017-05-31,150.10979484813
2017-05-30,150.36294751506
2017-05-26,150.17795133538
2017-05-25,150.285054386774
2017-05-24,150.10979484813
2017-05-23,150.82056964374
2017-05-22,150.508997130596
2017-05-19,149.924798668451
2017-05-18,149.301653642163
2017-05-17,150.49926048956
2017-05-16,151.950020003886
2017-05-15,152.524481824996
2017-05-12,152.300539081173
2017-05-11,150.012428437773
2017-05-10,149.269722084566
2017-05-09,150.181204082484
2017-05-08,149.037003276586
2017-05-05,144.460200052998
2017-05-04,142.676022525159
2017-05-03,143.015404120128
2017-05-02,143.597201140076
2017-05-01,142.734202227154
2017-04-28,139.922183297407
2017-04-27,139.786430659419
2017-04-26,140.213081807381
2017-04-25,140.503980317354
2017-04-24,139.582801702437
2017-04-21,138.351331343548
2017-04-20,138.584050151527
2017-04-19,137.691961387608
2017-04-18,137.730747855604
2017-04-17,137.575601983618
2017-04-13,138.060432833574
2017-04-12,137.837410642594
2017-04-11,139.00100468249
2017-04-10,139.514149654084
2017-04-07,139.805823893417
2017-04-06,140.135508871388
2017-04-05,141.046990869306
2017-04-04,140.494283700355
2017-04-03,139.747644191423
2017-03-31,139.893093446409
2017-03-30,140.116115637389
2017-03-29,140.10641902039
2017-03-28,139.67007125543
2017-03-27,136.935625261676
2017-03-24,137.43984934563
2017-03-23,137.288969985124
2017-03-22,137.304096707642
2017-03-21,138.467690747538
2017-03-20,137.207130537651
2017-03-17,136.722299687695
2017-03-16,136.741692921693
2017-03-15,136.479981228887
2017-03-14,135.413256392813
2017-03-13,135.199930818832
2017-03-10,135.129242480908
2017-03-09,134.579347330888
2017-03-08,135.5587056478
2017-03-07,135.733244753784
2017-03-06,135.529615796802
2017-03-03,135.587795498797
2017-03-02,136.022785737378
2017-03-01,135.898087242769
2017-02-28,133.265455727506
2017-02-27,133.265455727506
2017-02-24,132.513967910074
2017-02-23,133.309090504002
2017-02-22,132.960012292033
2017-02-21,132.601237463066
2017-02-17,131.709148699146
2017-02-16,131.77702501814
2017-02-15,132.135799847108
2017-02-14,130.991599041211
2017-02-13,129.760128682321
2017-02-10,128.906826386398
2017-02-09,128.426843844941
2017-02-08,127.655209330239
2017-02-07,127.529697477169
2017-02-06,125.994590966542
2017-02-03,124.729817677912
2017-02-02,124.922912836482
2017-02-01,125.984936208614
2017-01-31,117.199106493705
2017-01-30,117.430820683989
2017-01-27,118.125963254838
2017-01-26,118.212856076195
2017-01-25,117.884594306627
2017-01-24,115.953642720933
2017-01-23,116.639130533854
2017-01-20,116.291559248429
2017-01-19,115.943987963004
2017-01-18,116.339833038071
2017-01-17,116.088809331931
2017-01-13,115.490214340366
2017-01-12,115.181262086655
2017-01-11,115.789511836149
2017-01-10,115.258500150083
2017-01-09,115.306773939725
2017-01-06,114.080619682809
2017-01-05,112.829556150438
2017-01-04,112.487584624612
2017-01-03,112.313798981899
2016-12-30,113.153762921676
2016-12-29,113.066387362423
2016-12-28,113.942170454115
2016-12-27,113.733048397384
2016-12-23,112.49723938254
2016-12-22,112.487584624612
2016-12-21,113.346858080245
2016-12-20,113.44340565953
2016-12-19,113.327548564389
2016-12-16,112.477929866683
2016-12-15,112.699989299038
2016-12-14,112.188287128829
2016-12-13,111.917953906832
2016-12-12,111.029716177413
2016-12-09,110.740073439558
2016-12-08,108.548443389796
2016-12-07,107.351253406665
2016-12-06,106.549908498602
2016-12-05,106.231301486963
2016-12-02,106.289230034533
2016-12-01,107.109884458453
2016-11-30,108.326383957441
2016-11-29,108.162253072657
2016-11-28,108.582235042545
2016-11-25,108.007776945801
2016-11-23,107.660205660376
2016-11-22,108.538788631867
2016-11-21,108.123634040943
2016-11-18,106.723694141315
2016-11-17,106.540253740674
2016-11-16,106.424396645532
2016-11-15,103.962433373772
2016-11-14,104.086979751049
2016-11-11,105.11134956726
2016-11-10,107.254705827381
2016-11-09,107.476765259735
2016-11-08,107.862955576874
2016-11-07,106.694729867529
2016-11-04,106.443706161389
2016-11-03,107.611931870734
2016-11-02,107.917136081489
2016-11-01,109.281108784967
2016-10-31,109.722959097361
2016-10-28,110.664292371592
2016-10-27,111.288646073888
2016-10-26,111.134959008707
2016-10-25,113.690006467335
2016-10-24,113.09446908976
2016-10-21,112.297217439136
2016-10-20,112.748673193104
2016-10-19,113.113679972907
2016-10-18,113.545924843728
2016-10-17,113.190523505498
2016-10-14,113.507503077433
2016-10-13,112.806305842546
2016-10-12,113.324999687531
2016-10-11,114.00698603927
2016-10-10,112.143530373955
2016-10-07,110.039938669296
2016-10-06,109.828618954672
2016-10-05,109.175448927655
2016-10-04,109.799802629951
2016-10-03,108.589516991654
2016-09-30,108.896891122015
2016-09-29,109.309925109688
2016-09-28,110.116782201886
2016-09-27,108.714387732113
2016-09-26,108.916102005163
2016-09-23,110.260863825493
2016-09-22,110.4049454491
2016-09-21,109.491467955433
2016-09-20,109.617299240049
2016-09-19,111.596020204249
2016-09-16,111.54799299638
2016-09-15,111.163775333429
2016-09-14,108.570306108506
2016-09-13,104.497598881221
2016-09-12,101.548728318069
2016-09-09,101.548728318069
2016-09-08,103.037571762006
2016-09-07,104.4687825565
2016-09-06,104.026932244106
2016-09-02,103.738768996892
2016-09-01,102.586116008038
2016-08-31,102.365094797425
2016-08-30,102.297952760824
2016-08-29,103.20086426876
2016-08-26,103.690741789023
2016-08-25,103.623503698007
2016-08-24,104.459177114926
2016-08-23,105.006687284632
2016-08-22,104.795367570008
2016-08-19,105.362088622862
2016-08-18,105.275639648698
2016-08-17,105.054714492501
2016-08-16,105.880782467846
2016-08-15,105.218006999255
2016-08-12,104.161408426139
2016-08-11,104.632075063254
2016-08-10,104.603258738533
2016-08-09,104.641680504828
2016-08-08,104.094170335122
2016-08-05,103.402578541809
2016-08-04,101.817680682135
2016-08-03,101.116224675072
2016-08-02,101.33595947926
2016-08-01,101.412388976369
2016-07-29,99.8837990341914
2016-07-28,99.7882621628053
2016-07-27,99.6927252914192
2016-07-26,93.5974728969846
2016-07-25,94.4286436780438
2016-07-22,94.86811328642
2016-07-21,96.4922400999841
2016-07-20,95.976340994499
2016-07-19,95.5368713861228
2016-07-18,95.6610693189248
2016-07-15,94.86811328642
2016-07-14,94.571948985123
2016-07-13,93.3108622828262
2016-07-12,93.339523344242
2016-07-11,93.291754908549
2016-07-08,92.5656746860144
2016-07-07,92.1930808876085
2016-07-06,91.3905711679651
2016-07-05,91.1421753023612
2016-07-01,92.1596429826234
2016-06-30,91.4956617264898
2016-06-29,90.3301118955792
2016-06-28,89.4798337402427
2016-06-27,88.8970588247873
2016-06-24,90.4304256105346
2016-06-23,91.9924534576977
2016-06-22,92.5656746860144
2016-06-21,92.0497755805294
2016-06-20,92.2599566975788
2016-06-17,92.3363861946877
2016-06-16,93.3872917799351
2016-06-15,94.0178351310835
2016-06-14,94.0799340974845
2016-06-13,94.696146917925
2016-06-10,94.9117736366434
2016-06-09,95.5273176989842
2016-06-08,95.1165091520239
2016-06-07,95.4126734533209
2016-06-06,97.3425182553206
2016-06-03,93.8840835111429
2016-06-02,93.4732749641826
2016-06-01,95.0974017777467
2016-05-31,95.9190188716673
2016-05-27,95.9858946816376
2016-05-26,96.2342905472415
2016-05-25,95.2884755205189
2016-05-24,93.7121171426479
2016-05-23,92.8522853001728
2016-05-20,91.170836363777
2016-05-19,90.4160950798267
2016-05-18,90.9606552467276
2016-05-17,90.4734172026583
2016-05-16,90.1772529013614
2016-05-13,87.5786499996588
2016-05-12,88.6391092720448
2016-05-11,89.3938505559951
2016-05-10,89.3938505559951
2016-05-09,89.5849242987674
2016-05-06,89.2792063103318
2016-05-05,89.8715349129258
2016-05-04,91.0654131150112
2016-05-03,90.9134791619517
2016-05-02,89.3371643989598
2016-04-29,89.9449002111977
2016-04-28,92.9455957841219
2016-04-27,93.7337531656178
2016-04-26,99.9915328572542
2016-04-25,100.323888379572
2016-04-22,101.112045761068
2016-04-21,101.539360004047
2016-04-20,102.640881163728
2016-04-19,102.555418315132
2016-04-18,103.457526161423
2016-04-15,106.638643303605
2016-04-14,106.724106152201
2016-04-13,106.67662679187
2016-04-12,104.929386331686
2016-04-11,105.033840924415
2016-04-08,104.236187670853
2016-04-07,104.853419355157
2016-04-06,105.385188190865
2016-04-05,105.147791389209
2016-04-04,106.534188710877
2016-04-01,104.454592728376
2016-03-31,104.359634007714
2016-03-30,104.853419355157
2016-03-29,102.356005001742
2016-03-28,100.836665471147
2016-03-24,100.893640703545
2016-03-23,101.672302212974
2016-03-22,101.881211398431
2016-03-21,102.223062792815
2016-03-18,101.1310375052
2016-03-17,101.102549889001
2016-03-16,100.950615935942
2016-03-15,99.8775823924596
2016-03-14,97.7220194334285
2016-03-11,97.1237794932569
2016-03-10,97.0857960049921
2016-03-09,96.4590684486218
2016-03-08,96.6299941458137
2016-03-07,97.6460524568988
2016-03-04,98.5196726869907
2016-03-03,96.582419826762
2016-03-02,95.8038532760529
2016-03-01,95.6899028112583
2016-02-29,93.2779513064395
2016-02-26,93.0820514657134
2016-02-25,91.8820581127057
2016-02-24,91.5212149741895
2016-02-23,91.6351654389841
2016-02-22,92.0150003216327
2016-02-19,91.8819631539851
2016-02-18,93.9046788628097
2016-02-17,93.258959562307
2016-02-16,91.9675209613017
2016-02-12,89.7359910257409
2016-02-11,89.9449002111977
2016-02-10,91.4927273579909
2016-02-09,91.103396603276
2016-02-08,90.8754956736868
2016-02-05,92.0339920657652
2016-02-04,92.42332282048
2016-02-03,91.4617285345245
2016-02-02,90.7061586994603
2016-02-01,91.3389484363265
2016-01-29,91.9339596814396
2016-01-28,89.2705760128382
2016-01-27,91.2623525442969
2016-01-26,95.2773562015988
2016-01-25,95.8912566925885
2016-01-22,95.8251443320204
2016-01-21,92.443969320108
2016-01-20,92.7364692925072
2016-01-19,93.1712052863573
2016-01-15,92.2834107301568
2016-01-14,94.8995712840667
2016-01-13,95.5701395126862
2016-01-12,95.0979083657711
2016-01-11,93.5584348268277
2016-01-08,93.6056579415192
2016-01-07,94.5690094812261
2016-01-06,96.684605019406
2016-01-05,99.9713338019353
2016-01-04,99.5161029763091
2015-12-31,101.085799308655
2015-12-30,102.663051339352
2015-12-29,103.352508813848
2015-12-28,101.709144422583
2015-12-24,102.946390027501
2015-12-23,102.804720683426
2015-12-22,101.737478291398
2015-12-21,101.406916488557
2015-12-18,103.437510420292
2015-12-17,106.015892482449
2015-12-16,105.770332286053
2015-12-15,106.535346744056
2015-12-14,106.422011268796
2015-12-11,108.981504085076
2015-12-10,110.445420640513
2015-12-09,111.153767360886
2015-12-08,112.013228048271
2015-12-07,113.203250538498
2015-12-04,112.627128539261
2015-12-03,110.303751296439
2015-12-02,111.550441524295
2015-12-01,112.211565129976
2015-11-30,112.778242506274
2015-11-27,111.833780212444
2015-11-25,112.608239293385
2015-11-24,112.721574768644
2015-11-23,113.0804704403
2015-11-20,113.259918276127
2015-11-19,113.099359686176
2015-11-18,110.96487490212
2015-11-17,108.660386905174
2015-11-16,107.895372447171
2015-11-13,109.151507297966
2015-11-12,110.332085165254
2015-11-11,110.898762541552
2015-11-10,111.512663032541
2015-11-09,115.044952011467
2015-11-06,115.044952011467
2015-11-05,115.876078830037
2015-11-04,116.444874279152
2015-11-03,116.134530162595
2015-11-02,114.131399955725
2015-10-30,113.999738815367
2015-10-29,113.501307355442
2015-10-28,112.194100319034
2015-10-27,109.598494980555
2015-10-26,111.093789360331
2015-10-23,112.126388875422
2015-10-22,108.620440795041
2015-10-21,108.695675732389
2015-10-20,107.369659961644
2015-10-19,105.093803106891
2015-10-16,105.328912286101
2015-10-15,105.422955957785
2015-10-14,104.877502662018
2015-10-13,105.752108808679
2015-10-12,106.034239823731
2015-10-09,105.592234566816
2015-10-08,103.62672182862
2015-10-07,105.112611841228
2015-10-06,105.084398739722
2015-10-05,104.736249067148
2015-10-02,104.40126550861
2015-10-01,103.090672900021
2015-09-30,104.896311396354
2015-09-29,106.748971728529
2015-09-28,107.74583464838
2015-09-25,109.739560488081
2015-09-24,108.620440795041
2015-09-23,107.886900155906
2015-09-22,107.379064328812
2015-09-21,108.498184021852
2015-09-18,107.491916734833
2015-09-17,109.551473144713
2015-09-16,109.598494980555
2015-09-15,109.589090613387
2015-09-14,109.927647831449
2015-09-11,107.407277430318
2015-09-10,106.535022375448
2015-09-09,107.228594454118
2015-09-08,105.855556847531
2015-09-04,103.871235374999
2015-09-03,106.062452925236
2015-09-02,105.648660769826
2015-09-01,105.21605988008
2015-08-31,107.708217179706
2015-08-28,106.560884385161
2015-08-27,106.495053814983
2015-08-26,103.344590813568
2015-08-25,104.491923608113
2015-08-24,102.319514792212
2015-08-21,105.234868614417
2015-08-20,107.538938570675
2015-08-19,109.579686246218
2015-08-18,110.444888025711
2015-08-17,110.642379736248
2015-08-14,109.382194535682
2015-08-13,109.466833840198
2015-08-12,108.545205857694
2015-08-11,111.140811196173
2015-08-10,112.843001653654
2015-08-07,109.325768332672
2015-08-06,109.560877511882
2015-08-05,109.947216086601
2015-08-04,110.190627838836
2015-08-03,114.749917198013
2015-07-31,114.817791628925
2015-07-30,114.749823578108
2015-07-29,115.620582311778
2015-07-28,116.004423921072
2015-07-27,115.723564206954
2015-07-24,117.71766817719
2015-07-23,118.981536890719
2015-07-22,117.492980405896
2015-07-21,124.439577335073
2015-07-20,124.486387287426
2015-07-17,121.350120479778
2015-07-16,120.367111480367
2015-07-15,119.037708833543
2015-07-14,118.307473576837
2015-07-13,117.731711162896
2015-07-10,115.948251978248
2015-07-09,116.144853778131
2015-07-08,116.687849225425
2015-07-07,118.101509786484
2015-07-06,118.176405710249
2015-07-02,118.607057271896
2015-07-01,118.841107033661
2015-06-30,118.073423815072
2015-06-29,118.401093481543
2015-06-26,119.824116033072
2015-06-25,120.956916880014
2015-06-24,121.518636308249
2015-06-23,119.46836039519
2015-06-22,119.889649966367
2015-06-19,119.664962195072
2015-06-18,120.123699728131
2015-06-17,119.721134137896
2015-06-16,119.693048166484
2015-06-15,119.121966747778
2015-06-12,120.142423709072
2015-06-11,121.874391946131
2015-06-10,121.087984746602
2015-06-09,119.908373947308
2015-06-08,120.966278870484
2015-06-05,121.415654413073
2015-06-04,122.248871564955
2015-06-03,122.585903221896
2015-06-02,122.319086493484
2015-06-01,123.007192793073
2015-05-29,123.063364735896
2015-05-28,123.531464259426
2015-05-27,123.821685964014
2015-05-26,124.430215344602
2015-05-22,124.486387287426
2015-05-21,123.231880564367
2015-05-20,122.623351183779
2015-05-19,122.529731279073
2015-05-18,122.379939431543
2015-05-15,121.228414603661
2015-05-14,120.722867118249
2015-05-13,119.075156795425
2015-05-12,118.784935090837
2015-05-11,119.421550442837
2015-05-08,119.477722385661
2015-05-07,118.03597585319
2015-05-06,118.16962966915
2015-05-05,119.754361318157
2015-05-04,121.731033892709
2015-05-01,121.32081979366
2015-04-30,119.223134059889
2015-04-29,122.681984758686
2015-04-28,125.432283831853
2015-04-27,124.117734105356
2015-04-24,121.786972178943
2015-04-23,121.591188177124
2015-04-22,120.146115782748
2015-04-21,119.521471586469
2015-04-20,119.446887204824
2015-04-17,117.600923759105
2015-04-16,118.495936338848
2015-04-15,118.523905481965
2015-04-14,118.673074245255
2015-04-13,119.866424351579
2015-04-10,118.59848986361
2015-04-09,118.011137858154
2015-04-08,117.843322999452
2015-04-07,119.448565353411
2015-04-06,118.878181294779
2015-04-02,117.060186992177
2015-04-01,116.649972893128
2015-03-31,117.927230428803
2015-03-30,117.843322999452
2015-03-27,116.258404889491
2015-03-26,116.426219748193
2015-03-25,118.234891003089
2015-03-24,119.372302823179
2015-03-23,119.195164916772
2015-03-20,119.707932540582
2015-03-19,120.495823302187
2015-03-18,120.416484166212
2015-03-17,118.701043388372
2015-03-16,116.491481082132
2015-03-13,116.906449935511
2015-03-12,116.444865843604
2015-03-11,116.32366622343
2015-03-10,118.607812911315
2015-03-09,120.798729122144
2015-03-06,120.612268168031
2015-03-05,120.03423921028
2015-03-04,120.789406074438
2015-03-03,120.752113883616
2015-03-02,121.460665509245
2015-02-27,121.731033892709
2015-02-26,122.010725323879
2015-02-25,122.691307806391
2015-02-24,124.555917347522
2015-02-23,123.996534485183
2015-02-20,120.733467788204
2015-02-19,120.295284546039
2015-02-18,120.062208353397
2015-02-17,120.155438830454
2015-02-13,118.663751197549
2015-02-12,118.850212151662
2015-02-11,116.463511939015
2015-02-10,113.881027724549
2015-02-09,111.727403704544
2015-02-06,112.109648660475
2015-02-05,112.091002565064
2015-02-04,111.910382941694
2015-02-03,110.591714418109
2015-02-02,110.666005602537
2015-01-30,111.43677664097
2015-01-29,110.684578398643
2015-01-28,109.690933806928
2015-01-27,104.453405304802
2015-01-26,106.201662602338
2015-01-23,105.632777857586
2015-01-22,104.444118906749
2015-01-21,103.134736781218
2015-01-20,101.190815076696
2015-01-16,99.9030702586295
2015-01-15,102.206096975876
2015-01-14,102.605412092173
2015-01-13,104.750570042512
2015-01-12,104.592701275604
2015-01-09,105.168457954915
2015-01-08,104.14695416904
2015-01-07,100.478826937941
2015-01-06,99.7637742878283
2015-01-05,100.896714850345
2015-01-02,103.487619907247
2014-12-31,105.057021178274
2014-12-30,105.790646624494
2014-12-29,106.579990459034
2014-12-26,106.347830507699
2014-12-24,104.666992460031
2014-12-23,105.242749139343
2014-12-22,105.391331508197
2014-12-19,105.159171556862
2014-12-18,104.61127407171
2014-12-17,102.001796218701
2014-12-16,102.29896095641
2014-12-15,103.636202276102
2014-12-12,103.886935023544
2014-12-11,105.679209847853
2014-12-10,106.654281643462
2014-12-09,106.143529750524
2014-12-08,106.466696402783
2014-12-05,107.796508604032
2014-12-04,108.836585186014
2014-12-03,108.047241351474
2014-12-02,107.490057468269
2014-12-01,110.740296786964
2014-11-28,110.879592757765
2014-11-26,110.601000816163
2014-11-25,111.204616689635
2014-11-24,110.2945496804
2014-11-21,109.18018191399
2014-11-20,108.520847652198
2014-11-19,107.480771070215
2014-11-18,107.434339079948
2014-11-17,108.910876370441
2014-11-14,106.041379371936
2014-11-13,105.354185915984
2014-11-12,103.478333509194
2014-11-11,101.91821863622
2014-11-10,101.528189917977
2014-11-07,101.518903519924
2014-11-06,101.026724423093
2014-11-05,101.062105889716
2014-11-04,101.237785671226
2014-11-03,101.986736318716
2014-10-31,99.8970715491759
2014-10-30,99.2590765531658
2014-10-29,99.2775691617458
2014-10-28,98.6950519914757
2014-10-27,97.5300176509355
2014-10-24,97.5392639552255
2014-10-23,97.1333511968945
2014-10-22,96.2632739632053
2014-10-21,95.2554267955951
2014-10-20,92.4260576828547
2014-10-17,91.5384124710146
2014-10-16,90.3548855218944
2014-10-15,91.6771070353646
2014-10-14,92.9438507230948
2014-10-13,94.108885063635
2014-10-10,94.340042670885
2014-10-09,94.663663321035
2014-10-08,93.4893826762049
2014-10-07,92.5739985514947
2014-10-06,93.0640526788648
2014-10-03,92.6572152901047
2014-10-02,92.6664615943947
2014-10-01,93.1010378960248
2014-09-30,93.8869737606749
2014-09-29,92.8652571366298
2014-09-26,93.1565157217648
2014-09-25,93.1195305046048
2014-09-24,95.0982396226651
2014-09-23,95.1814563612751
2014-09-22,94.441752018075
2014-09-19,94.635924408165
2014-09-18,94.635924408165
2014-09-17,94.127377672215
2014-09-16,93.6280772405549
2014-09-15,95.2831657084651
2014-09-12,94.487983539525
2014-09-11,93.7945107177749
2014-09-10,93.4893826762049
2014-09-09,95.3109046213352
2014-09-08,91.8250479040046
2014-09-05,91.8990183383246
2014-09-04,92.5462596386247
2014-09-03,95.4218602728152
2014-09-02,95.9211607044752
2014-09-01,95.9211607044752
2014-08-29,95.1444711441151
2014-08-28,95.0335154926351
2014-08-27,94.8393431025451
2014-08-26,93.8499885435149
2014-08-25,94.469490930945
2014-08-22,93.8222496306449
2014-08-21,93.3321955032748
2014-08-20,93.3321955032748
2014-08-19,93.0917915917348
2014-08-18,91.8805257297446
2014-08-15,90.7894618235244
2014-08-14,90.2161909575443
2014-08-13,89.9110629159743
2014-08-12,89.5781959615342
2014-08-11,88.8384916183341
2014-08-08,87.6734572777939
2014-08-07,88.7182896625641
2014-08-06,87.8467573238696
2014-08-05,88.0307681268103
2014-08-04,88.8588167400432
2014-08-01,88.8956189006313
2014-07-31,89.6592637328351
2014-07-30,90.8093312512142
2014-07-29,91.4901712220946
2014-07-28,91.3061604191539
2014-07-25,90.0180847985693
2014-07-24,89.5396567109236
2014-07-23,90.0548869591575
2014-07-22,87.3039254551947
2014-07-21,87.405131396812
2014-07-18,87.1659173529892
2014-07-17,87.6618264669142
2014-07-16,89.3372448276889
2014-07-15,89.1072313240131
2014-07-14,89.1440334846012
2014-07-11,88.2239794698979
2014-07-10,87.9111611048988
2014-07-09,88.2791827107801
2014-07-08,89.0612286232779
2014-07-07,88.3159848713683
2014-07-03,86.5770827835791
2014-07-02,86.5402806229909
2014-07-01,86.549481163138
2014-06-30,86.2320625280653
2014-06-27,84.6449693527022
2014-06-26,83.770918038734
2014-06-25,83.4488991335879
2014-06-24,84.4057553088793
2014-06-23,84.2953488271149
2014-06-20,85.150999060789
2014-06-19,84.9209855571131
2014-06-18,84.9117850169661
2014-06-17,85.2890071629945
2014-06-16,85.3350098637296
2014-06-13,85.0497931191716
2014-06-12,86.5954838638731
2014-06-11,87.1843184332832
2014-06-10,87.4511340975472
2014-06-09,86.3746709003443
2014-06-06,85.5991968022374
2014-06-05,85.3507690746387
2014-06-04,85.1562565123016
2014-06-03,83.9536144787966
2014-06-02,83.4396985934409
2014-05-30,84.6673135216307
2014-05-29,83.707828620583
2014-05-28,82.7825171543672
2014-05-27,82.2607150917426
2014-05-23,80.7977372029629
2014-05-22,80.1564201238284
2014-05-21,79.7423958172119
2014-05-20,79.7029649308674
2014-05-19,79.8252006785352
2014-05-16,78.5371250579506
2014-05-15,78.4148893102828
2014-05-14,78.5200383405347
2014-05-13,78.1441305573844
2014-05-12,78.0284666241075
2014-05-09,77.0545237314001
2014-05-08,78.1270438399685
2014-05-07,78.0695339569181
2014-05-06,79.0001493611939
2014-05-05,78.5544541313396
2014-05-02,77.6656516553111
2014-05-01,77.744075403196
2014-04-30,78.3492453243742
2014-04-29,77.8983087740362
2014-04-28,77.868246337347
2014-04-25,74.7626659211063
2014-04-24,74.5025604906215
2014-04-23,69.4220086901471
2014-04-22,69.5129802376935
2014-04-21,69.5540219990866
2014-04-17,68.9815286395271
2014-04-16,68.1097179755403
2014-04-15,68.1816064111014
2014-04-14,68.2495736592683
2014-04-11,68.3371468444064
2014-04-10,69.5670926237341
2014-04-09,69.3383566924032
2014-04-08,68.7671703953084
2014-04-07,69.3919462534578
2014-04-04,70.5813730963783
2014-04-03,70.9081387125652
2014-04-02,71.0362308341105
2014-04-01,70.8257937772861
2014-03-31,70.6872451560229
2014-03-28,70.4428114044904
2014-03-27,70.7774324660905
2014-03-26,71.7577293146513
2014-03-25,71.3329340136083
2014-03-24,70.6467262196157
2014-03-21,69.764459055911
2014-03-20,69.6232963097182
2014-03-19,70.0899176096331
2014-03-18,69.5318019371859
2014-03-17,69.2703894442363
2014-03-14,69.3906391909931
2014-03-13,70.5369329725769
2014-03-12,70.2350015432202
2014-03-11,70.4166832258201
2014-03-10,69.7095624323916
2014-03-07,69.5331089996506
2014-03-06,69.8546332953539
2014-03-05,69.8951653023857
2014-03-04,69.619375122324
2014-03-03,69.3592696918392
2014-02-28,69.6337528094362
2014-02-27,69.1148490109313
2014-02-26,68.6207793992567
2014-02-25,69.217453414414
2014-02-24,69.2638410612879
2014-02-21,69.8716381780203
2014-02-20,70.189254356954
2014-02-19,71.4819391345895
2014-02-18,72.043975994431
2014-02-14,71.3629833796728
2014-02-13,71.215298391781
2014-02-12,70.5238623479294
2014-02-11,70.2872840418101
2014-02-10,69.5344160621154
2014-02-07,68.3502043984293
2014-02-06,67.1176575647968
2014-02-05,66.9495685515553
2014-02-04,66.193384556504
2014-02-03,65.9686082143324
2014-01-31,65.1630513811162
2014-01-30,65.808796132904
2014-01-29,65.9218339465972
2014-01-28,66.9131885655391
2014-01-27,72.0843437207012
2014-01-24,72.1908851083201
2014-01-23,72.3052222072282
2014-01-22,72.4078657392025
2014-01-21,71.4697818140701
2014-01-17,71.7296388570431
2014-01-16,72.3506971897485
2014-01-15,72.7859577367282
2014-01-14,71.0358205523052
2014-01-13,70.4862229064174
2014-01-10,70.2653444198904
2014-01-09,71.0527112600985
2014-01-08,70.883804182166
2014-01-07,70.9357755907606
2014-01-06,71.0449155488093
2014-01-03,71.941422347066
2014-01-02,72.374084323616
2013-12-31,72.9262805399336
2013-12-30,72.7716655993647
2013-12-27,73.3329568121863
2013-12-26,73.9942929865525
2013-12-24,74.3035228676903
2013-12-23,74.152805782766
2013-12-20,71.6698717371593
2013-12-19,71.460686817566
2013-12-18,71.6490831737215
2013-12-17,72.6872120603985
2013-12-16,73.1028404077816
2013-12-13,73.1341661743119
2013-12-12,73.4537903371687
2013-12-11,74.1852879131376
2013-12-10,73.7838087817444
2013-12-09,74.0046872682714
2013-12-06,73.6369895524646
2013-12-05,74.726544147946
2013-12-04,73.9540151448917
2013-12-03,73.5889159995146
2013-12-02,73.3225495376152
2013-11-29,72.5429914015484
2013-11-27,70.9409727316201
2013-11-26,69.6598775097634
2013-11-25,68.3255115940972
2013-11-22,67.8434767793823
2013-11-21,67.7200446839702
2013-11-20,67.6174011519958
2013-11-19,68.0019895755958
2013-11-18,68.4970172424593
2013-11-15,68.7438814332837
2013-11-14,68.7685678523661
2013-11-13,67.8551703463161
2013-11-12,68.0721509771985
2013-11-11,67.7798118038539
2013-11-08,67.7096504022513
2013-11-07,67.9773031565134
2013-11-06,68.1942837873958
2013-11-05,68.3183727407956
2013-11-04,68.0516277211604
2013-11-01,67.7906955469894
2013-10-31,68.1381745314052
2013-10-30,68.1420497617147
2013-10-29,69.6572648127173
2013-10-28,68.5915764776132
2013-10-25,68.8796352639504
2013-10-24,68.7814627627772
2013-10-23,67.9030772259641
2013-10-22,68.2621302315708
2013-10-21,67.7261083751649
2013-10-18,65.7833262466842
2013-10-17,65.2046251871367
2013-10-16,64.9139829139264
2013-10-15,64.8455205117925
2013-10-14,64.274569912864
2013-10-11,63.7914578676167
2013-10-10,63.6028633258892
2013-10-09,63.0099530885404
2013-10-08,63.37809996794
2013-10-07,63.6377403986744
2013-10-04,62.5978869323001
2013-10-03,63.5989880955797
2013-10-02,63.5279422065728
2013-10-01,63.1843384524665
2013-09-30,62.2181143619721
2013-09-27,62.6069291363555
2013-09-26,63.1094173331501
2013-09-25,63.248925624291
2013-09-24,64.0020120477646
2013-09-23,64.1880231026191
2013-09-20,61.8163821532237
2013-09-19,61.4650279384984
2013-09-18,60.240455160706
2013-09-17,59.3827375188767
2013-09-16,59.6281558543755
2013-09-13,60.9482272244276
2013-09-12,61.4094829707294
2013-09-11,61.1885948430896
2013-09-10,65.5495206846795
2013-09-09,65.6102326261945
2013-09-06,64.5070837314321
2013-09-05,64.6750103781758
2013-09-04,64.8765223542682
2013-09-03,64.6646764306839
2013-08-30,63.6764927017691
2013-08-29,64.1350616217231
2013-08-28,64.0446395811688
2013-08-27,64.9113994270535
2013-08-26,65.9047501297142
2013-08-23,65.0199058757186
2013-08-22,65.3092564054924
2013-08-21,65.5107683815848
2013-08-20,65.9525446368643
2013-08-19,66.3620273062316
2013-08-16,64.9669443948225
2013-08-15,64.8970610749084
2013-08-14,65.1361627850027
2013-08-13,63.8973808294089
2013-08-12,60.5375561510987
2013-08-09,59.4796182766135
2013-08-08,59.9498128874958
2013-08-07,59.928725171728
2013-08-06,60.5562443710637
2013-08-05,60.3996853888163
2013-08-02,59.3961679780178
2013-08-01,58.6197894185125
2013-07-31,58.6894068347987
2013-07-30,58.6647038806327
2013-07-29,57.7458823126893
2013-07-26,56.59735535276
2013-07-25,56.6435530852264
2013-07-24,57.0529163256928
2013-07-23,54.7905107051841
2013-07-22,55.1485431317989
2013-07-19,55.6913664882795
2013-07-18,55.8055775490993
2013-07-17,55.4655109073325
2013-07-16,55.2717370850428
2013-07-15,55.3679823610145
2013-07-12,55.1536762131841
2013-07-11,54.9560525798555
2013-07-10,54.5133243103856
2013-07-09,54.3464991653679
2013-07-08,54.0256815787955
2013-07-05,54.3195504880958
2013-07-04,54.2797691073608
2013-07-03,54.2797691073608
2013-07-02,54.1065276106117
2013-07-01,52.9053865664846
2013-06-28,51.365462150937
2013-06-27,51.5091884297214
2013-06-26,51.9455003474599
2013-06-25,52.3304814513468
2013-06-24,52.442125971474
2013-06-21,53.8973545441665
2013-06-20,54.6647502112477
2013-06-19,55.3936477679403
2013-06-18,55.8094273601381
2013-06-17,55.9120889878413
2013-06-14,55.9878019382724
2013-06-13,56.096879917707
2013-06-12,56.6243040300321
2013-06-11,56.8180650196184
2013-06-10,57.6289763841423
2013-06-07,56.8796748289437
2013-06-06,57.3621844791486
2013-06-05,57.8395610479684
2013-06-04,58.3156543464419
2013-06-03,58.0500173847599
2013-05-31,58.6582875289012
2013-05-30,58.3246372388659
2013-05-29,57.4263479964631
2013-05-28,57.8896085914737
2013-05-24,57.1902262527458
2013-05-23,57.2543897700603
2013-05-22,57.5354131431943
2013-05-21,57.1671273865126
2013-05-20,57.2081920375939
2013-05-17,56.4754446698625
2013-05-16,56.1879921122936
2013-05-15,56.5922222713748
2013-05-14,58.4144661631062
2013-05-13,58.7609491566044
2013-05-10,58.9932210892828
2013-05-09,59.4154170332121
2013-05-08,59.3268636051079
2013-05-07,59.3753072266777
2013-05-06,58.922741814644
2013-05-03,57.7792173791672
2013-05-02,57.187695263157
2013-05-01,56.7211066975109
2013-04-30,56.7619013262013
2013-04-29,55.2788890900919
2013-04-26,53.3860183188591
2013-04-25,52.7704018752785
2013-04-24,52.9374048864797
2013-04-23,52.0617226849981
2013-04-22,51.2737489352008
2013-04-19,50.9422925770916
2013-04-18,51.7314136758208
2013-04-17,53.6194400848967
2013-04-16,54.3856142049876
2013-04-15,54.5487927197491
2013-04-12,55.3468376435043
2013-04-11,55.8363731877887
2013-04-10,55.7178137981573
2013-04-09,54.6265574806901
2013-04-08,54.4990742660327
2013-04-05,54.1739920686564
2013-04-04,55.4551983759631
2013-04-03,55.7458601053819
2013-04-02,55.8554956699873
2013-04-01,56.564047377053
2013-03-29,57.5993385632857
2013-03-28,57.5993385632857
2013-03-27,58.2343324554941
2013-03-26,59.3867679676754
2013-03-25,59.9107367282387
2013-03-22,58.9099934931783
2013-03-21,58.3847626487898
2013-03-20,58.3401435236597
2013-03-19,58.7659374606154
2013-03-18,58.318471377168
2013-03-15,56.6318684472508
2013-03-14,55.4093044186864
2013-03-13,55.3914567686344
2013-03-12,55.9498332488337
2013-03-11,55.9664060667392
2013-03-08,55.5100161582658
2013-03-07,55.0740235641375
2013-03-06,55.4870691796274
2013-03-05,55.479420186748
2013-03-04,54.5882997679714
2013-03-01,55.8605822502521
2013-02-28,57.0959073486037
2013-02-27,57.6785056395879
2013-02-26,57.5637707463963
2013-02-25,58.0201606548697
2013-02-22,57.5714197392757
2013-02-21,57.2616355276583
2013-02-20,58.3477925165392
2013-02-19,58.9903079184124
2013-02-18,59.9375082033168
2013-02-15,59.9375082033168
2013-02-14,60.1261833610097
2013-02-13,60.3811497903245
2013-02-12,61.4953530864301
2013-02-11,61.821710115953
2013-02-08,61.0402380101032
2013-02-07,59.9171108889716
2013-02-06,59.1263302924432
2013-02-05,58.2695371675195
2013-02-04,57.7879078961126
2013-02-01,58.2365835857916
2013-01-31,58.2112346767702
2013-01-30,58.6320265665257
2013-01-29,58.3278396582687
2013-01-28,57.4418952879704
2013-01-25,57.8246638141937
2013-01-24,59.0287369927108
2013-01-23,65.2721732846845
2013-01-22,64.3710195689733
2013-01-21,63.6536454436674
2013-01-18,63.6536454436674
2013-01-17,64.7347764134306
2013-01-16,64.5687410593403
2013-01-15,63.2442605629716
2013-01-14,64.3228566418326
2013-01-11,66.5814444356404
2013-01-10,67.0123758890044
2013-01-09,66.5415706017498
2013-01-08,67.4141560969938
2013-01-07,67.0858877251665
2013-01-04,68.2684016565609
2013-01-03,69.6676741089973
2013-01-02,70.3432225344179
2012-12-31,67.8590294503196
2012-12-28,65.2075335666799
2012-12-27,65.4318714115194
2012-12-26,65.8387214013131
2012-12-24,66.4458277723759
2012-12-21,65.8653377557855
2012-12-20,67.1999578157629
2012-12-19,67.6435637236376
2012-12-18,67.7956571777661
2012-12-17,65.9071634556709
2012-12-14,65.6704046454109
2012-12-13,68.1429245569049
2012-12-12,69.4560107186685
2012-12-11,69.6537322090355
2012-12-10,68.2532049856025
2012-12-07,70.3685714434394
2012-12-06,70.129024253187
2012-12-05,72.1493323021935
2012-12-04,73.7399763432871
2012-12-03,75.3610390752064
2012-11-30,74.5764903409937
2012-11-29,75.31794592987
2012-11-28,74.2469545237154
2012-11-27,74.83251432211
2012-11-26,74.779281613165
2012-11-23,72.497879801238
2012-11-21,71.9110525573923
2012-11-20,72.4915425739826
2012-11-19,71.9275293482562
2012-11-16,67.1746089067415
2012-11-15,68.3786820852585
2012-11-14,69.3863012188597
2012-11-13,69.7703371905341
2012-11-12,70.2798502618644
2012-11-09,70.3280131890051
2012-11-08,71.259585595542
2012-11-07,72.8198109458099
2012-11-06,74.5326525498859
2012-11-05,74.1579327440946
2012-11-02,75.3161575983586
2012-11-01,76.0794757212668
2012-10-31,75.9482607050975
2012-10-30,77.4673268538273
2012-10-26,77.4673268538273
2012-10-25,78.476673132053
2012-10-24,79.0507388277939
2012-10-23,79.9780757209138
2012-10-22,80.1648047823856
2012-10-19,79.7093372743362
2012-10-18,81.0076089247041
2012-10-17,82.3613946203744
2012-10-16,82.0472355912767
2012-10-15,80.1332627111911
2012-10-12,80.1648047823856
2012-10-11,81.6561139084642
2012-10-10,81.3760203162565
2012-10-09,80.8095247176023
2012-10-08,81.7015344909843
2012-10-05,84.0280776622947
2012-10-04,85.068966011715
2012-10-03,84.7674238110951
2012-10-02,84.0722365619671
2012-10-01,85.3843867236606
2012-09-28,85.9344804452936
2012-09-27,86.0682188271585
2012-09-26,84.872143487461
2012-09-25,87.4068643286555
2012-09-24,87.7020981150365
2012-09-21,88.9574725485798
2012-09-20,88.3253694418409
2012-09-19,88.8212108010193
2012-09-18,88.6117714482875
2012-09-17,88.2925656877986
2012-09-14,87.936771124724
2012-09-13,86.48835921547
2012-09-12,84.5201339729298
2012-09-11,84.5453676298854
2012-09-10,86.2095273061101
2012-09-07,86.1073309954398
2012-09-06,85.578685882219
2012-09-05,85.3339194097493
2012-09-04,85.1812557851677
2012-08-31,84.3561152027181
2012-08-30,84.728816315953
2012-08-29,85.5004615456565
2012-08-28,85.3023773385548
2012-08-27,85.9042000569469
2012-08-24,84.4671432933229
2012-08-23,84.5201339729298
2012-08-22,84.4065825166294
2012-08-21,85.1484520311253
2012-08-20,83.9208346202332
2012-08-17,81.7810205103946
2012-08-16,80.3389170153796
2012-08-15,79.9906925493917
2012-08-14,80.5723283422193
2012-08-13,79.4860194102788
2012-08-10,78.4463927437063
2012-08-09,78.4426076951629
2012-08-08,78.3773552071188
2012-08-07,78.518059569868
2012-08-06,78.5014765556868
2012-08-03,77.6361447247792
2012-08-02,76.7203100779563
2012-08-01,77.4376510701866
2012-07-31,76.8471952622212
2012-07-30,75.3069850056986
2012-07-27,73.5971757405052
2012-07-26,72.9150108389622
2012-07-25,72.9652623970869
2012-07-24,76.5934248936913
2012-07-23,76.1185476694128
2012-07-20,77.1914184353755
2012-07-19,77.3057407301092
2012-07-18,76.4250821739735
2012-07-17,76.8220694831588
2012-07-16,76.8371449505962
2012-07-13,76.280608944365
2012-07-12,75.8132694538051
2012-07-11,76.3396545251615
2012-07-10,77.8735833369185
2012-07-09,77.1235788319071
2012-07-06,76.4376450635047
2012-07-05,77.1788555458443
2012-07-03,75.3773371870732
2012-07-02,74.5569805006873
2012-06-29,73.3672748620846
2012-06-28,72.1109859089667
2012-06-27,72.455209082121
2012-06-26,72.1725440676695
2012-06-25,72.8396335017751
2012-06-22,73.1398865615703
2012-06-21,73.8974288003004
2012-06-20,74.0268265624715
2012-06-19,74.1210482339553
2012-06-18,73.8559712648475
2012-06-15,72.18887582406
2012-06-14,72.0481714613108
2012-06-13,72.6738033599635
2012-06-12,72.4401336146836
2012-06-11,73.9326048909877
2012-06-08,72.9381265556995
2012-06-07,72.5280738414019
2012-06-06,72.09214157467
2012-06-05,71.165000327269
2012-06-04,71.2943980894401
2012-06-01,71.9413869002958
2012-05-31,73.0532026238051
2012-05-30,72.8635029918843
2012-05-29,72.1109859089667
2012-05-25,71.0871104121756
2012-05-24,72.4250581472462
2012-05-23,71.9602312345926
2012-05-22,72.0959104415293
2012-05-21,70.5456498733818
2012-05-18,68.2679980013791
2012-05-17,68.7818201832043
2012-05-16,69.961475510182
2012-05-15,70.7567064175057
2012-05-14,71.2956543783932
2012-05-11,72.1700314897633
2012-05-10,72.3471682321529
2012-05-09,72.1081969474908
2012-05-08,71.7969136706873
2012-05-07,71.9564623677332
2012-05-04,72.6587278925261
2012-05-03,74.2969286873919
2012-05-02,73.7944005432552
2012-05-01,74.970299566263
2012-04-30,75.1763309545744
2012-04-27,76.1537237601001
2012-04-26,77.2228256592034
2012-04-25,77.6386573026854
2012-04-24,71.3182675795493
2012-04-23,72.4464150594492
2012-04-20,74.7014537302958
2012-04-19,75.9718131196886
2012-04-18,77.921322317137
2012-04-17,76.6336261401911
2012-04-16,76.6688022308784
2012-04-13,78.4803709012744
2012-04-12,79.3132904771916
2012-04-11,80.0092745572189
2012-04-10,80.9050085807919
2012-04-09,80.3823923762949
2012-04-05,79.7316346985798
2012-04-04,78.6261004198361
2012-04-03,79.423843905066
2012-04-02,77.7353915520755
2012-03-30,76.7039783215657
2012-03-29,77.4577516934364
2012-03-28,78.0720769915111
2012-03-27,77.4225756027491
2012-03-26,76.2755837885525
2012-03-23,75.6034691986344
2012-03-22,75.9426672159763
2012-03-21,76.589656026832
2012-03-20,76.2441765647246
2012-03-19,75.5997003317751
2012-03-16,74.0205451177059
2012-03-15,75.3785934760264
2012-03-14,74.714016619827
2012-03-13,71.3798257382521
2012-03-12,69.3471502121074
2012-03-09,68.8119711180792
2012-03-08,68.2152338653482
2012-03-07,67.5607073207737
2012-03-06,67.0468851389485
2012-03-05,68.7793076052981
2012-03-02,68.6938799564861
2012-03-01,68.8710166988757
2012-02-29,68.7956393616886
2012-02-28,67.2629668388848
2012-02-27,66.3948711722803
2012-02-24,65.6913493585343
2012-02-23,65.0543606077454
2012-02-22,64.760439244274
2012-02-21,64.6800367512744
2012-02-17,63.790584172467
2012-02-16,63.428772953969
2012-02-15,66.1172313136413
2012-02-14,64.0154598950751
2012-02-13,63.2956063249385
2012-02-10,62.5154508850523
2012-02-09,62.406153746131
2012-02-08,59.8986009957077
2012-02-07,59.0141735727127
2012-02-06,58.4149237420755
2012-02-03,57.7892918434228
2012-02-02,57.4337620696905
2012-02-01,57.6624066591579
2012-01-31,57.5681849876741
2012-01-30,57.0229555820209
2012-01-27,56.342046969431
2012-01-26,56.3809919269777
2012-01-25,57.0920514744424
2012-01-24,53.4048559599309
2012-01-23,53.8257001963359
2012-01-20,53.7063527457897
2012-01-19,54.192410941751
2012-01-18,53.9538416695539
2012-01-17,53.5166531138689
2012-01-13,52.8206690338416
2012-01-12,53.1284598273554
2012-01-11,53.1221783825899
2012-01-10,53.517909402822
2012-01-09,53.7377599696176
2012-01-06,53.1096154930587
2012-01-05,52.5819741327492
2012-01-04,52.0957903078925
2012-01-03,51.8219193161128
2011-12-30,51.0405075872735
2011-12-29,50.9613613832271
2011-12-28,51.2879965110377
2011-12-27,51.3935247830996
2011-12-23,50.7025658588848
2011-12-22,50.1422609857942
2011-12-21,49.9123601073737
2011-12-20,49.7616054329995
2011-12-19,48.3482803607419
2011-12-16,48.2603401340236
2011-12-15,48.2088322869458
2011-12-14,48.6661214658807
2011-12-13,49.6736652062813
2011-12-12,49.4852218633136
2011-12-09,49.5028099086572
2011-12-08,49.6862280958124
2011-12-07,49.1133603331907
2011-12-06,49.5769309568912
2011-12-05,49.8005503905462
2011-12-02,49.4512894986899
2011-12-01,48.8696402762858
2011-11-30,48.0249115842093
2011-11-29,47.5919944109649
2011-11-28,47.326917441857
2011-11-25,46.6271644949704
2011-11-23,47.2163640139827
2011-11-22,47.4789284051843
2011-11-21,46.6937478094856
2011-11-18,47.7377239295266
2011-11-17,48.3143605590077
2011-11-16,49.138486112253
2011-11-15,48.9324547239417
2011-11-14,48.3985319188666
2011-11-11,48.8319516076923
2011-11-10,49.9010535067956
2011-11-09,50.363367841543
2011-11-08,51.2565892872098
2011-11-07,50.2515581247155
2011-11-04,50.683721524588
2011-11-03,50.6786963687756
2011-11-02,50.3068348386527
2011-11-01,50.1887436770596
2011-10-31,51.4236757179745
2011-10-28,51.0493016099454
2011-10-27,51.3822181825216
2011-10-26,50.5719118077606
2011-10-25,51.0744273890077
2011-10-24,51.0681459442421
2011-10-21,50.1435172747474
2011-10-20,50.2955282380746
2011-10-19,51.3092277943454
2011-10-18,53.3679964420464
2011-10-17,53.6058496295402
2011-10-14,53.0153938215748
2011-10-13,51.3106097121939
2011-10-12,51.4136254063495
2011-10-11,50.651058011807
2011-10-10,48.8457707861766
2011-10-07,47.4550589150751
2011-10-06,48.3394863380701
2011-10-05,47.7163670173236
2011-10-04,47.9651122300409
2011-10-03,48.0706405021028
2011-09-30,48.8558210978015
2011-09-29,50.5291979833545
2011-09-28,50.7214101931816
2011-09-27,51.4136254063495
2011-09-26,50.7515611280564
2011-09-23,51.0982968791169
2011-09-22,51.4852338766773
2011-09-21,52.963885974497
2011-09-20,53.123434671543
2011-09-19,51.9136284096905
2011-09-16,50.3147494590573
2011-09-15,49.4550709284388
2011-09-14,49.2729090302367
2011-09-13,48.5191356583659
2011-09-12,47.8495336463541
2011-09-09,48.4927535903504
2011-09-08,48.8206450071142
2011-09-07,48.4425020322257
2011-09-06,47.7804377539326
2011-09-02,47.4877224278561
2011-09-01,48.6610837471787
2011-08-31,49.2565772738461
2011-08-30,49.2264263389713
2011-08-29,49.1837125145653
2011-08-26,48.2163700206645
2011-08-25,47.1673687448111
2011-08-24,47.6083261673555
2011-08-23,46.9399804442967
2011-08-22,45.8394713213655
2011-08-19,46.1058045794265
2011-08-18,46.8156078379381
2011-08-17,48.306822825289
2011-08-16,48.1623495956804
2011-08-15,48.3633558281793
2011-08-12,47.6937538161675
2011-08-11,47.1673687448111
2011-08-10,47.0668656285616
2011-08-09,47.0618404727492
2011-08-08,46.2025388288165
2011-08-05,48.178681352071
2011-08-04,49.1610993134092
2011-08-03,49.4412517499545
2011-08-02,49.9877374445607
2011-08-01,50.1887436770596
2011-07-29,49.6422579824533
2011-07-28,49.873415149827
2011-07-27,50.5832184083386
2011-07-26,50.8168881536185
2011-07-25,50.2515581247155
2011-07-22,49.6296950929221
2011-07-21,49.0028069053163
2011-07-20,49.7829623452025
2011-07-19,47.5693812098088
2011-07-18,47.0668656285616
2011-07-15,45.8545467888029
2011-07-14,45.4286648336959
2011-07-13,45.2264023122439
2011-07-12,44.9349432751206
2011-07-11,45.1975076663222
2011-07-08,45.2264023122439
2011-07-07,44.9751445216204
2011-07-06,44.4851918299044
2011-07-05,43.948756446923
2011-07-01,43.1535255395994
2011-06-30,42.2276405811515
2011-06-29,42.2577915160264
2011-06-28,42.2992490514793
2011-06-27,41.9474881446063
2011-06-24,41.8532664731224
2011-06-23,41.6698482859672
2011-06-22,41.3193436680473
2011-06-21,40.9298940925808
2011-06-20,39.9123000405553
2011-06-17,41.3633137814064
2011-06-16,41.2918435028636
2011-06-15,41.4952241214838
2011-06-14,41.8658293626536
2011-06-13,41.2452226198134
2011-06-10,41.6660794191079
2011-06-09,41.9185934986845
2011-06-08,42.0605541503869
2011-06-07,42.4902049723532
2011-06-06,43.5995081179563
2011-06-03,43.38342641802
2011-06-02,43.7163429905962
2011-06-01,44.2379541639308
2011-05-31,43.6974986562995
2011-05-27,42.4160839241192
2011-05-26,42.3231185415885
2011-05-25,42.5329187967592
2011-05-24,42.1986203063345
2011-05-23,42.2087962468548
2011-05-20,42.8331718565544
2011-05-19,43.0170925592908
2011-05-18,42.8457347460855
2011-05-17,42.2288968701047
2011-05-16,42.8670916582886
2011-05-13,43.4990050017068
2011-05-12,43.6083021406281
2011-05-11,43.9701133591261
2011-05-10,43.9311684015794
2011-05-09,43.8696102428766
2011-05-06,43.9701133591261
2011-05-05,44.0894608096723
2011-05-04,44.2000142375466
2011-05-03,43.9562941806418
2011-05-02,44.0290333110273
2011-04-29,44.4663474956076
2011-04-28,43.9387061352981
2011-04-27,44.2653412631088
2011-04-26,44.5970015467319
2011-04-25,44.4412217165453
2011-04-22,44.6145895920755
2011-04-21,44.6145895920755
2011-04-20,43.436190554051
2011-04-19,42.4600540374784
2011-04-18,41.7376878894356
2011-04-15,41.9148246318252
2011-04-14,42.211308824761
2011-04-13,42.2288968701047
2011-04-12,41.9261312324033
2011-04-11,42.1698512893081
2011-04-08,42.7326687403049
2011-04-07,42.7678448309922
2011-04-06,43.2037770977241
2011-04-05,42.9964894204597
2011-04-04,43.2917173244424
2011-04-01,44.1695115417649
2011-03-31,43.9449875800637
2011-03-30,44.0806667870004
2011-03-29,44.0907170986254
2011-03-28,44.512830186873
2011-03-25,44.2289088834683
2011-03-24,43.4675977778789
2011-03-23,42.7414627629768
2011-03-22,43.0429721117251
2011-03-21,42.6811608932271
2011-03-18,42.4876923944469
2011-03-17,42.6648291368366
2011-03-16,43.0907110919435
2011-03-15,43.6987549452526
2011-03-14,44.7847413678858
2011-03-11,44.2615723962494
2011-03-10,43.9412187132043
2011-03-09,44.5681069008102
2011-03-08,44.8997671844333
2011-03-07,45.4362025674146
2011-03-04,45.2628346918844
2011-03-03,45.2000202442285
2011-03-02,44.5165990537323
2011-03-01,44.6887106403095
2011-02-28,44.6045392804506
2011-02-25,43.7728759934865
2011-02-24,43.3608132168639
2011-02-23,43.2967424802549
2011-02-22,43.3922204406918
2011-02-18,45.163587864588
2011-02-17,45.2603221139781
2011-02-16,45.8419838992717
2011-02-15,45.2226334453846
2011-02-14,45.1610752866818
2011-02-11,44.950018742558
2011-02-10,45.2264023122439
2011-02-09,45.1007734169321
2011-02-08,44.6635848612471
2011-02-07,44.3784072688894
2011-02-04,43.5555380045971
2011-02-03,43.2464909221301
2011-02-02,43.3733761063951
2011-02-01,43.4236276645198
2011-01-31,42.7188495618206
2011-01-28,43.26659154538
2011-01-27,43.3033756859273
2011-01-26,43.4173462197542
2011-01-25,42.8947300152571
2011-01-24,42.3934707229631
2011-01-21,42.0706044620118
2011-01-20,42.5002552839781
2011-01-19,43.7942329056896
2011-01-18,43.3121320199306
2011-01-14,43.7791574382521
2011-01-13,43.5480002708784
2011-01-12,43.2703604122394
2011-01-11,43.3369437267546
2011-01-10,43.1196057378652
2011-01-07,42.2552789381201
2011-01-06,42.1170871532772
2011-01-05,42.0027648585434
2011-01-04,41.7716076911697
2011-01-03,41.4901989656713
2010-12-31,40.6384350554574
2010-12-30,40.8934617129403
2010-12-29,41.0115528745334
2010-12-28,41.0379349425489
2010-12-27,40.8846676902685
2010-12-23,40.8482353106281
2010-12-22,40.9198437809558
2010-12-21,40.7527573501911
2010-12-20,40.6095404095357
2010-12-17,40.4261222223805
2010-12-16,40.5291379165362
2010-12-15,40.5781331857078
2010-12-14,40.5203438938643
2010-12-13,40.83692871005
2010-12-10,40.3331568398498
2010-12-09,40.5153187380519
2010-12-08,40.3293879729904
2010-12-07,40.7025057920664
2010-12-06,40.4939618258489
2010-12-03,40.0316474911015
2010-12-02,40.0756176044606
2010-12-01,39.9185814853209
2010-11-30,39.4926995302139
2010-11-29,39.8846616835867
2010-11-26,39.9122874776657
2010-11-24,39.6233535813382
2010-11-23,39.1648081134501
2010-11-22,39.3670706349021
2010-11-19,38.7439513141556
2010-11-18,38.9035000112016
2010-11-17,38.1899278858307
2010-11-16,38.6434481979062
2010-11-15,39.0127971501229
2010-11-12,39.7615453661811
2010-11-11,40.0002402672735
2010-11-10,40.0467229585389
2010-11-09,40.3645640636777
2010-11-08,40.1723769796297
2010-11-05,40.1472260747883
2010-11-04,40.2238597009285
2010-11-03,39.3067687651525
2010-11-02,38.9688270367637
2010-11-01,38.3921904072826
2010-10-29,38.4273664979699
2010-10-28,38.6936997560309
2010-10-27,38.9323946571233
2010-10-26,38.9122940338734
2010-10-25,39.1459637791534
2010-10-22,38.949982702467
2010-10-21,39.5404385104324
2010-10-20,39.4788803517296
2010-10-19,39.4185784819799
2010-10-18,40.0756176044606
2010-10-15,39.5731020232135
2010-10-14,37.9989719649567
2010-10-13,37.9349012283477
2010-10-12,37.6258541458807
2010-10-11,37.3419328424761
2010-10-08,36.9977096693218
2010-10-07,36.4926815101684
2010-10-06,36.6823811420892
2010-10-05,36.3632837479972
2010-10-04,35.540414483705
2010-10-01,36.0027288184524
2010-09-30,36.4323796404187
2010-09-29,36.4085101503095
2010-09-28,36.6547427851206
2010-09-27,37.0266043152435
2010-09-24,36.8758496408693
2010-09-23,36.7791153914793
2010-09-22,36.1786092718889
2010-09-21,36.0994630678425
2010-09-20,35.6509679115794
2010-09-17,34.9198077408648
2010-09-16,34.7577464659126
2010-09-15,33.9675407144014
2010-09-14,33.8155297510742
2010-09-13,33.7037200342467
2010-09-10,33.2288428099681
2010-09-09,33.4826131784979
2010-09-08,33.2150110685943
2010-09-07,32.6044672002685
2010-09-03,32.5102455287847
2010-09-02,31.6798385307738
2010-09-01,31.5906420151024
2010-08-31,30.7238026374511
2010-08-30,30.8733010228721
2010-08-27,30.4788262915931
2010-08-26,30.8733010228721
2010-08-25,30.6521941671233
2010-08-24,30.5278215607647
2010-08-23,31.6584816185708
2010-08-20,31.8996890975694
2010-08-19,31.8444123836322
2010-08-18,31.9939107690532
2010-08-17,31.9888856132408
2010-08-16,31.4084801169003
2010-08-13,31.6434061511333
2010-08-12,31.7966734034137
2010-08-11,32.1220522422713
2010-08-10,32.7200457839554
2010-08-09,32.9336149059854
2010-08-06,32.8506998350796
2010-08-05,33.0630126681566
2010-08-04,33.2012044529995
2010-08-03,33.0730629797815
2010-08-02,32.9888916199226
2010-07-30,32.6258241124715
2010-07-29,32.9964293536413
2010-07-28,33.4160298639827
2010-07-27,33.2665314785617
2010-07-26,32.6760505448172
2010-07-23,32.7112517612835
2010-07-22,32.6635127810651
2010-07-21,33.3105015919208
2010-07-20,31.7715476243514
2010-07-19,31.3921483605098
2010-07-16,32.0315994376468
2010-07-15,32.2828572282704
2010-07-14,32.1358714207556
2010-07-13,32.2112487579426
2010-07-12,32.8959262373919
2010-07-09,32.6509498915339
2010-07-08,33.0278365774693
2010-07-07,32.5089892398316
2010-07-06,31.7589847348202
2010-07-02,31.5240587005871
2010-07-01,32.0102425254438
2010-06-30,32.4084861235821
2010-06-29,33.2150236314838
2010-06-28,33.888394510355
2010-06-25,33.9537215359171
2010-06-24,34.3211860547041
2010-06-23,34.5052323863359
2010-06-22,34.6698062391943
2010-06-21,35.0517180809422
2010-06-18,34.5479462107419
2010-06-17,34.2841255305871
2010-06-16,33.6371367197314
2010-06-15,32.6446684467683
2010-06-14,32.55672822005
2010-06-11,31.8921513638507
2010-06-10,31.5303401453527
2010-06-09,31.6459187290396
2010-06-08,31.884613630132
2010-06-07,32.55672822005
2010-06-04,32.9022076821575
2010-06-03,33.3607531500455
2010-06-02,33.2665314785617
2010-06-01,33.4097484192171
2010-05-28,32.588135443878
2010-05-27,31.89592023071
2010-05-26,31.6748133749613
2010-05-25,31.000186207137
2010-05-24,31.5202898337278
2010-05-21,30.7162649037323
2010-05-20,30.6346061217797
2010-05-19,31.7740602022576
2010-05-18,32.481350882863
2010-05-17,32.183610400974
2010-05-14,32.2212990695676
2010-05-13,33.291657257624
2010-05-12,33.056731223391
2010-05-11,32.6496936025808
2010-05-10,31.991398191147
2010-05-07,30.9763167170277
2010-05-06,32.4436622142694
2010-05-05,32.4298430357851
2010-05-04,33.0768318466409
2010-05-03,33.653468476122
2010-04-30,33.9914102045107
2010-04-29,33.919801734183
2010-04-28,33.1660283623122
2010-04-27,33.6484433203095
2010-04-26,34.22884881665
2010-04-23,34.1936727259627
2010-04-22,33.5115078244196
2010-04-21,32.694920004893
2010-04-20,31.3130021564633
2010-04-19,31.1421468588393
2010-04-16,31.5504407686026
2010-04-15,31.2853637994947
2010-04-14,30.8808387565908
2010-04-13,30.5026957817023
2010-04-12,30.5366155834365
2010-04-09,30.3883734869686
2010-04-08,30.3444033736094
2010-04-07,30.3921423538279
2010-04-06,30.1810858097041
2010-04-05,29.9637478208147
2010-04-01,29.9913861777833
2010-03-31,29.7250529197223
2010-03-30,29.8343500586436
2010-03-29,29.3808171836785
2010-03-26,29.1396222675694
2010-03-25,29.0165059501638
2010-03-24,28.9197717007738
2010-03-23,28.741378669431
2010-03-22,28.3921303404643
2010-03-19,28.2966523800273
2010-03-18,28.2665014451525
2010-03-17,28.4486633433546
2010-03-16,28.2639888672462
2010-03-15,28.3293158928084
2010-03-12,28.6094683293536
2010-03-11,28.3293158928084
2010-03-10,28.3268033149021
2010-03-09,28.2665014451525
2010-03-08,27.6496635691716
2010-03-05,27.6006683
2010-03-04,26.4976465991625
2010-03-03,26.3657362590851
2010-03-02,26.4863399985844
2010-03-01,26.3192535678197
2010-02-26,25.7752804511197
2010-02-25,25.4850777029495
2010-02-24,25.3066846716067
2010-02-23,25.2928654931224
2010-02-22,25.4398513006372
2010-02-19,25.5277915273555
2010-02-18,25.6144754651206
2010-02-17,25.6672396011516
2010-02-16,25.5893496860582
2010-02-12,25.3318104506691
2010-02-11,25.0943718385298
2010-02-10,24.6986408182977
2010-02-09,24.8117068240783
2010-02-08,24.8594458042968
2010-02-05,24.6232634811106
2010-02-04,24.9210039629995
2010-02-03,25.1509048414201
2010-02-02,24.6634647276104
2010-02-01,24.6232634811106
2010-01-29,25.4021626320437
2010-01-28,25.8167379865726
2010-01-27,26.4549327747565
2010-01-26,26.8481512170824
2010-01-25,25.7162348703231
2010-01-22,26.0679957771962
2010-01-21,26.7983770487598
2010-01-20,27.0793083844561
2010-01-19,27.0340819821438
2010-01-18,26.5830742479745
2010-01-15,26.5830742479745
2010-01-14,26.4398573073191
2010-01-13,26.4989028881156
2010-01-12,26.3531733695539
2010-01-11,26.758954701411
2010-01-08,26.6333258060992
2010-01-07,26.6333258060992
2010-01-06,27.0391071379563
2010-01-05,27.0843335402685
2010-01-04,26.9473980443787
2009-12-31,26.8029248147701
2009-12-30,26.6333258060992
2009-12-29,26.7237786107237
2009-12-28,26.8783021519572
2009-12-24,26.300409233523
2009-12-23,25.4247758331998
2009-12-22,25.2325636233728
2009-12-21,25.0943718385298
2009-12-18,24.5608259201406
2009-12-17,24.4976345857988
2009-12-16,24.6860779287665
2009-12-15,24.8129631130314
2009-12-14,24.8029128014064
2009-12-11,24.8745212717342
2009-12-10,25.0880903937642
2009-12-09,24.8946218949841
2009-12-08,24.1647180132226
2009-12-07,24.3431110445653
2009-12-04,25.1107035949203
2009-12-03,24.9976375891397
2009-12-02,25.3041720937005
2009-12-01,25.4737711023714
2009-11-30,25.3368356064816
2009-11-27,25.4976405924806
2009-11-25,25.8355823208694
2009-11-24,25.8644769667911
2009-11-23,25.8795524342285
2009-11-20,25.1747743315293
2009-11-19,25.7049282697451
2009-11-18,26.0051813295403
2009-11-17,26.0604580434775
2009-11-16,26.1308102248521
2009-11-13,25.7325666267137
2009-11-12,25.7375917825262
2009-11-11,25.7539235389167
2009-11-10,25.7514109610104
2009-11-09,25.3644739634501
2009-11-06,24.521504075908
2009-11-05,24.4976345857988
2009-11-04,24.3531613561902
2009-11-03,23.8091882394902
2009-11-02,24.2313013277378
2009-10-30,24.72376659736
2009-10-29,24.7250228863131
2009-10-28,24.8770338496404
2009-10-27,25.4787962581839
2009-10-26,25.9737741057123
2009-10-23,25.8544266551661
2009-10-22,26.1119658905553
2009-10-21,26.2199941776339
2009-10-20,25.3456296291534
2009-10-19,23.8694901092399
2009-10-16,23.9147165115521
2009-10-15,23.9850686929267
2009-10-14,24.1609491463632
2009-10-13,24.0164759167546
2009-10-12,24.0591897411607
2009-10-09,23.9574303359581
2009-10-08,24.0516520074419
2009-10-07,23.9385860016613
2009-10-06,23.870746398193
2009-10-05,23.4750153779608
2009-10-02,23.359436794274
2009-10-01,23.3946128849613
2009-09-30,23.423507530883
2009-09-29,23.5428549814292
2009-09-28,23.4524021768047
2009-09-25,23.3041600803368
2009-09-24,23.5805436500227
2009-09-23,23.7312983243969
2009-09-22,23.2890846128994
2009-09-21,23.2614462559308
2009-09-18,23.4360704204142
2009-09-17,23.466221355289
2009-09-16,22.9586806182294
2009-09-15,22.0667154615157
2009-09-14,21.8468648947201
2009-09-11,21.7564120900956
2009-09-10,21.7652061127674
2009-09-09,21.9184733650478
2009-09-08,21.7513869342831
2009-09-04,21.4448524297223
2009-09-03,20.9925884065999
2009-09-02,21.0566591432089
2009-09-01,21.3569122030041
2009-08-31,21.2124389733955
2009-08-28,21.6697281523304
2009-08-27,21.30289177802
2009-08-26,21.3003792001138
2009-08-25,21.4750033645972
2009-08-24,21.4461087186755
2009-08-21,21.2777659989577
2009-08-20,20.9448494263814
2009-08-19,20.7664563950387
2009-08-18,20.6332897660082
2009-08-17,20.5516309840555
2009-08-14,21.1341344829477
2009-08-13,21.1898257722394
2009-08-12,20.9435931374283
2009-08-11,20.6508778113518
2009-08-10,20.929773958944
2009-08-07,20.929773958944
2009-08-06,20.9184673583659
2009-08-05,21.0290207862403
2009-08-04,20.8003761967729
2009-08-03,20.9347991147565
2009-07-31,20.7287677264451
2009-07-30,20.6935916357578
2009-07-29,20.1571562527765
2009-07-28,20.1138142838939
2009-07-27,20.2111766777606
2009-07-24,20.1006232498862
2009-07-23,19.9046421731998
2009-07-22,19.9410745528402
2009-07-21,19.2752414076877
2009-07-20,19.4770014135585
2009-07-17,19.0981046652981
2009-07-16,18.595589084051
2009-07-15,18.4674476108329
2009-07-14,17.9875452307419
2009-07-13,17.88201695868
2009-07-10,17.4586475814793
2009-07-09,17.3355312640737
2009-07-08,17.3418127088393
2009-07-07,17.5478440971507
2009-07-06,17.4611601593855
2009-07-03,17.9435751173828
2009-07-02,17.9435751173828
2009-07-01,18.1734759958034
2009-06-30,18.0654351458352
2009-06-29,18.084279480132
2009-06-26,18.0352842109604
2009-06-25,17.6131711227128
2009-06-24,17.2739731053709
2009-06-23,17.2048772129495
2009-06-22,17.7840264203368
2009-06-19,17.5252308959945
2009-06-18,17.3367875530268
2009-06-17,17.2676916606054
2009-06-16,17.3958331338234
2009-06-15,17.2023646350432
2009-06-12,17.4749793378698
2009-06-11,17.7840264203368
2009-06-10,17.8832732476331
2009-06-09,18.1609131062722
2009-06-08,18.1194555708193
2009-06-05,18.3920702736459
2009-06-04,18.1131741260537
2009-06-03,17.7274934174465
2009-06-02,17.7563880633682
2009-06-01,17.5867890546973
2009-05-29,17.0729668728721
2009-05-28,17.0088961362631
2009-05-27,16.9573882891852
2009-05-26,16.4360283736413
2009-05-22,15.6005962198179
2009-05-21,15.9272313476286
2009-05-20,16.2325095632362
2009-05-19,16.2450724527674
2009-05-18,15.9171810360036
2009-05-15,15.6558729337551
2009-05-14,15.5189374378653
2009-05-13,15.580495596568
2009-05-12,16.2953240108921
2009-05-11,16.4523601300319
2009-05-08,16.4868075731263
2009-05-07,16.6320094503277
2009-05-06,16.7714575241238
2009-05-05,16.6910550311243
2009-05-04,16.6144214049841
2009-05-01,16.0742171551434
2009-04-30,15.9548697045972
2009-04-29,15.9360253703004
2009-04-28,15.8556228773009
2009-04-27,15.7036119139736
2009-04-24,15.7211999593172
2009-04-23,15.9799954836595
2009-04-22,15.7475820273327
2009-04-21,15.3443132733819
2009-04-20,15.4510978343969
2009-04-17,15.6093902424897
2009-04-16,15.4711984576468
2009-04-15,14.855616870619
2009-04-14,15.0968243496177
2009-04-13,15.1985837548202
2009-04-09,15.0754674374146
2009-04-08,14.6721986834638
2009-04-07,14.6571232160264
2009-04-06,14.9184313182749
2009-04-03,14.589283612558
2009-04-02,14.4159157370278
2009-04-01,13.693549588985
2009-03-31,13.4988248012517
2009-03-30,13.1922902966909
2009-03-27,13.6345040081884
2009-03-26,13.8166659063905
2009-03-25,13.6131470959854
2009-03-24,13.7488263029222
2009-03-23,13.5880213169231
2009-03-20,12.9535953955985
2009-03-19,12.9649019961766
2009-03-18,13.0000780868639
2009-03-17,12.5239445736322
2009-03-16,12.2349981144151
2009-03-13,12.2111286243059
2009-03-12,12.1332387092126
2009-03-11,11.81791018198
2009-03-10,11.2023285949522
2009-03-09,11.0050912293127
2009-03-06,11.1055943455621
2009-03-05,11.541526612294
2009-03-04,11.6545926180746
2009-03-03,11.3995659605917
2009-03-02,11.4573552524351
2009-02-27,11.4699181419663
2009-02-26,11.6734369523714
2009-02-25,11.6734369523714
2009-02-24,11.4184102948885
2009-02-23,11.5578583686846
2009-02-20,11.6081099268093
2009-02-19,11.8405233831361
2009-02-18,12.0415296156349
2009-02-17,12.191028001056
2009-02-13,12.5553517974602
2009-02-12,12.5314823073509
2009-02-11,12.3505766981019
2009-02-10,12.8782180584115
2009-02-09,12.9397762171142
2009-02-06,12.5628895311789
2009-02-05,12.2174100690715
2009-02-04,12.0917811737597
2009-02-03,11.7312262442148
2009-02-02,11.5578583686846
2009-01-30,11.7613771790897
2009-01-29,11.8518299837141
2009-01-28,11.9347450546199
2009-01-27,11.5013253657943
2009-01-26,11.4284606065134
2009-01-23,11.2902688216705
2009-01-22,11.306600578061
2009-01-21,10.412122843441
2009-01-20,10.3015694155667
2009-01-19,10.6005661864087
2009-01-16,10.6005661864087
2009-01-15,10.5679026736277
2009-01-14,10.9611211159536
2009-01-13,11.2739245023904
2009-01-12,11.4309731844197
2009-01-09,11.7312262442148
2009-01-08,11.7023315982931
2009-01-07,11.6206728163405
2009-01-06,12.2073597574465
2009-01-05,12.0829871510878
2009-01-02,11.4372546291852
2008-12-31,11.0226792746563
2008-12-30,11.061624232203
2008-12-29,11.0076038072189
2008-12-26,10.9824780281566
2008-12-24,10.8354922206418
2008-12-23,11.0390110310469
2008-12-22,11.3103694449203
2008-12-19,11.4246917396541
2008-12-18,11.4108725611698
2008-12-17,11.444792362904
2008-12-16,12.1206758196814
2008-12-15,12.0867560179472
2008-12-12,12.4372606358671
2008-12-11,12.7186693613655
2008-12-10,12.4988187945699
2008-12-09,13.0151535543013
2008-12-08,12.6633926474283
2008-12-05,11.8706743180109
2008-12-04,11.9611271226354
2008-12-03,12.0892685958534
2008-12-02,11.6395171506372
2008-12-01,11.5917781704187
2008-11-28,11.9045941197451
2008-11-26,11.9661522784479
2008-11-25,11.89830011209
2008-11-24,11.9083629866045
2008-11-21,10.5679026736277
2008-11-20,10.8606179997041
2008-11-19,11.5050942326536
2008-11-18,11.4309731844197
2008-11-17,11.3756964704825
2008-11-14,11.807859870355
2008-11-13,12.1156506638689
2008-11-12,11.7136381988712
2008-11-11,12.2073597574465
2008-11-10,12.6131410893036
2008-11-07,12.5440451968821
2008-11-06,12.9121378601456
2008-11-05,13.7840023936095
2008-11-04,14.0440542069049
2008-11-03,13.7061124785161
2008-10-31,13.91716902264
2008-10-30,14.0943057650296
2008-10-29,13.7613891924533
2008-10-28,12.6257039788348
2008-10-27,12.2651490492899
2008-10-24,12.2990688510241
2008-10-23,12.468667859695
2008-10-22,12.7199256503186
2008-10-21,12.2990688510241
2008-10-20,12.5666583980382
2008-10-17,12.8191724776149
2008-10-16,12.9937966420983
2008-10-15,13.4422917983614
2008-10-14,14.6232034142922
2008-10-13,13.885761798812
2008-10-10,12.5628895311789
2008-10-09,12.0352481708694
2008-10-08,12.1018314853846
2008-10-07,12.7513328741466
2008-10-06,12.4096222788985
2008-10-03,13.3794773507055
2008-10-02,13.6671675209695
2008-10-01,14.1156626772326
2008-09-30,14.4473229608557
2008-09-29,15.0352661909149
2008-09-26,16.3066306114702
2008-09-25,16.933518799076
2008-09-24,16.4511038410787
2008-09-23,17.0604039833409
2008-09-22,17.6194525674784
2008-09-19,18.1156867039599
2008-09-18,17.0139212920755
2008-09-17,17.4008582896359
2008-09-16,17.9021175819299
2008-09-15,18.5541315485981
2008-09-12,18.9586440286125
2008-09-11,19.2199646937506
2008-09-10,19.4712224843741
2008-09-09,20.0955980940737
2008-09-08,20.7149485479608
2008-09-05,20.4021325986345
2008-09-04,21.0946618840407
2008-09-03,21.1910820611925
2008-09-02,21.7966133365953
2008-08-29,21.7966133365953
2008-08-28,22.1420927987028
2008-08-27,22.08053464
2008-08-26,21.9699812121256
2008-08-25,22.1395802207965
2008-08-22,22.2991289178425
2008-08-21,22.0415896824533
2008-08-20,22.2287767364679
2008-08-19,22.2451084928584
2008-08-18,22.3380738753892
2008-08-15,22.581793932294
2008-08-14,22.6697341590123
2008-08-13,22.613201156122
2008-08-12,22.5240046404506
2008-08-11,22.1735000225307
2008-08-08,21.312942089645
2008-08-07,20.8732409560537
2008-08-06,21.0302770751934
2008-08-05,20.2011263661356
2008-08-04,19.8368025697314
2008-08-01,20.0993669609331
2008-07-31,20.3770068195721
2008-07-30,20.162181408589
2008-07-29,20.0315273574647
2008-07-28,20.4109266213063
2008-07-25,20.4775099358216
2008-07-24,20.7614312392262
2008-07-23,21.1521371036459
2008-07-22,20.4473590009467
2008-07-21,21.0428399647246
2008-07-18,21.312942089645
2008-07-17,21.9825441016568
2008-07-16,21.7250048662676
2008-07-15,21.8267642714702
2008-07-14,22.5252609294037
2008-07-11,22.2501336486709
2008-07-10,22.2790282945926
2008-07-09,22.7275234508557
2008-07-08,22.5755124875284
2008-07-07,22.2526462265771
2008-07-03,21.6295269058307
2008-07-02,22.2928474730769
2008-07-01,21.9498805888757
2008-06-30,21.6081699936277
2008-06-27,21.4285206733318
2008-06-26,21.9654585718944
2008-06-25,22.4662153486072
2008-06-24,22.0830472179062
2008-06-23,22.0956101074374
2008-06-20,22.7388300514338
2008-06-19,22.9071727711516
2008-06-18,22.8895847258079
2008-06-17,22.8632026577924
2008-06-16,22.3493804759672
2008-06-13,21.8795284075011
2008-06-12,22.9398362839326
2008-06-11,23.3669745279927
2008-06-10,23.4649650663359
2008-06-09,23.2338078989622
2008-06-06,23.8632086644743
2008-06-05,23.84938948599
2008-06-04,23.5039100238826
2008-06-03,23.6433580976786
2008-06-02,23.8255199958807
2008-05-30,23.8117008173964
2008-05-29,23.6433580976786
2008-05-28,23.6119508738507
2008-05-27,23.4209949529768
2008-05-23,22.8632026577924
2008-05-22,22.7802875868867
2008-05-21,23.6182323186163
2008-05-20,23.3870751512426
2008-05-19,23.7049162563814
2008-05-16,23.9071787778334
2008-05-15,23.8569272197087
2008-05-14,24.1508988347383
2008-05-13,24.0516520074419
2008-05-12,23.7275294575375
2008-05-09,23.1471239611971
2008-05-08,23.4297889756486
2008-05-07,23.6433580976786
2008-05-06,23.5076788907419
2008-05-05,23.2802905902276
2008-05-02,22.8544086351206
2008-05-01,22.613201156122
2008-04-30,22.613201156122
2008-04-29,22.0679717504688
2008-04-28,21.8280205604233
2008-04-25,21.495103987847
2008-04-24,21.3543996250978
2008-04-23,20.7086671031953
2008-04-22,21.1056544123805
2008-04-21,21.1684688600364
2008-04-18,20.3845445532908
2008-04-17,19.598107668639
2008-04-16,19.3594127675466
2008-04-15,18.809158206081
2008-04-14,18.7501126252845
2008-04-11,19.2589096512972
2008-04-10,19.5252429093582
2008-04-09,19.3330306995312
2008-04-08,19.6546406715293
2008-04-07,20.0616782923395
2008-04-04,19.4366745381634
2008-04-03,19.3003671867501
2008-04-02,18.9950889711425
2008-04-01,18.8016204723623
2008-03-31,18.3053863358807
2008-03-28,18.1722197068502
2008-03-27,18.255134777756
2008-03-26,18.3091552027401
2008-03-25,17.977494919117
2008-03-24,17.6948299046654
2008-03-20,16.7452638994513
2008-03-19,16.8707043514201
2008-03-18,16.7088315198109
2008-03-17,16.1546196481429
2008-03-14,16.3694450591261
2008-03-13,16.2689419428766
2008-03-12,16.165926248721
2008-03-11,16.0151715743468
2008-03-10,15.5101434151934
2008-03-07,15.4498289825542
2008-03-06,16.0176841522531
2008-03-05,15.7211999593172
2008-03-04,15.6885364465362
2008-03-03,15.8267282313791
2008-02-29,16.358138458548
2008-02-28,16.6081399602185
2008-02-27,15.4586355681156
2008-02-26,15.2124029333045
2008-02-25,15.0968243496177
2008-02-22,15.3907959646472
2008-02-21,15.8882863900819
2008-02-20,15.6533603558489
2008-02-19,15.9234624807692
2008-02-15,15.9649200162221
2008-02-14,16.432259506782
2008-02-13,16.3041180335639
2008-02-12,16.4573852858443
2008-02-11,16.3292438126263
2008-02-08,15.7915521406918
2008-02-07,15.675973557005
2008-02-06,16.5729638695312
2008-02-05,16.8342719717797
2008-02-04,17.0729668728721
2008-02-01,17.1596508106372
2008-01-31,17.1671885443559
2008-01-30,17.0164338699818
2008-01-29,16.6822610084524
2008-01-28,16.7337688555303
2008-01-25,17.4737230489167
2008-01-24,17.6759855703687
2008-01-23,17.5880453436504
2008-01-22,20.09811067198
2008-01-18,20.822989397929
2008-01-17,20.7739941287574
2008-01-16,21.2325395966454
2008-01-15,22.5152106177788
2008-01-14,22.5403363968411
2008-01-11,22.3430990312016
2008-01-10,22.7388300514338
2008-01-09,22.5503867084661
2008-01-08,22.922248238589
2008-01-07,23.0654651792444
2008-01-04,24.2463767951752
2008-01-03,24.797887645594
2008-01-02,25.1584425751388
