Date,AdjustedClosePrice
2019-03-29,189.95
2019-03-28,188.72
2019-03-27,188.47
2019-03-26,186.79
2019-03-25,188.74
2019-03-22,191.05
2019-03-21,195.09
2019-03-20,188.16
2019-03-19,186.53
2019-03-18,188.02
2019-03-15,186.12
2019-03-14,183.73
2019-03-13,181.71
2019-03-12,180.91
2019-03-11,178.9
2019-03-08,172.91
2019-03-07,172.5
2019-03-06,174.52
2019-03-05,175.53
2019-03-04,175.85
2019-03-01,174.97
2019-02-28,173.15
2019-02-27,174.87
2019-02-26,174.33
2019-02-25,174.23
2019-02-22,172.97
2019-02-21,171.06
2019-02-20,172.03
2019-02-19,170.93
2019-02-15,170.42
2019-02-14,170.8
2019-02-13,170.18
2019-02-12,170.89
2019-02-11,169.43
2019-02-08,170.41
2019-02-07,170.21
2019-02-06,173.495907335907
2019-02-05,173.436163566164
2019-02-04,170.518676143676
2019-02-01,165.808875628876
2019-01-31,165.729217269217
2019-01-30,164.544299169299
2019-01-29,154.019438399438
2019-01-28,155.63252018252
2019-01-25,157.086285246285
2019-01-24,152.047893997894
2019-01-23,153.262683982684
2019-01-22,152.645331695332
2019-01-18,156.1502995203
2019-01-17,155.194399204399
2019-01-16,154.278328068328
2019-01-15,152.416313911314
2019-01-14,149.359424359424
2019-01-11,151.639644904645
2019-01-10,153.143196443197
2019-01-09,152.655288990289
2019-01-08,150.106221481222
2019-01-07,147.298264303264
2019-01-04,147.626855036855
2019-01-03,141.582776997777
2019-01-02,157.245601965602
2018-12-31,157.066370656371
2018-12-28,155.562819117819
2018-12-27,155.483160758161
2018-12-26,156.498804843805
2018-12-24,146.202961857962
2018-12-21,150.086306891307
2018-12-20,156.160256815257
2018-12-19,160.202918567919
2018-12-18,165.360797355797
2018-12-17,163.239893529894
2018-12-14,164.773316953317
2018-12-13,170.219957294957
2018-12-12,168.377857727858
2018-12-11,167.909864864865
2018-12-10,168.875722475723
2018-12-07,167.770462735463
2018-12-06,173.973857493858
2018-12-04,175.935444600445
2018-12-03,184.030725400725
2018-11-30,177.817373347373
2018-11-29,178.783230958231
2018-11-28,180.167294957295
2018-11-27,173.495907335907
2018-11-26,173.874284544285
2018-11-23,171.554234819235
2018-11-21,176.02506025506
2018-11-20,176.224206154206
2018-11-19,185.066284076284
2018-11-16,192.703529308529
2018-11-15,190.592582777583
2018-11-14,186.00226980227
2018-11-13,191.409080964081
2018-11-12,193.340796185796
2018-11-09,203.59680999181
2018-11-08,207.599642564643
2018-11-07,208.326525096525
2018-11-06,202.194313021762
2018-11-05,200.031170251053
2018-11-02,205.875624801272
2018-11-01,220.50164518671
2018-10-31,217.167626971305
2018-10-30,211.65062063867
2018-10-29,210.598817273096
2018-10-26,214.627422616711
2018-10-25,218.100358257758
2018-10-24,213.426779152234
2018-10-23,221.007701522977
2018-10-22,218.943785484869
2018-10-19,217.614147268011
2018-10-18,214.349587765427
2018-10-17,219.479609840917
2018-10-16,220.432186473889
2018-10-15,215.679225982285
2018-10-12,220.392495780849
2018-10-11,212.791728063586
2018-10-10,214.686958656272
2018-10-09,225.115688252673
2018-10-08,222.039659542031
2018-10-05,222.555638551558
2018-10-04,226.227027657808
2018-10-03,230.275478347943
2018-10-02,227.507052508365
2018-10-01,225.502672509818
2018-09-28,223.994426174278
2018-09-27,223.210534986727
2018-09-26,218.715563999886
2018-09-25,220.47187716693
2018-09-24,219.082702910511
2018-09-21,215.976906180089
2018-09-20,218.328579742741
2018-09-19,216.681415981559
2018-09-18,216.552421229177
2018-09-17,216.195204991812
2018-09-14,222.109118254852
2018-09-13,224.659245282707
2018-09-12,219.360537761795
2018-09-11,222.119040928112
2018-09-10,216.641725288518
2018-09-07,219.588759246778
2018-09-06,221.374840433602
2018-09-05,225.115688252673
2018-09-04,226.594166568433
2018-08-31,225.869811420443
2018-08-30,223.289916372808
2018-08-29,221.255768354481
2018-08-28,218.001131525156
2018-08-27,216.254741031373
2018-08-24,214.488505191069
2018-08-23,213.82368608264
2018-08-22,213.387088459194
2018-08-21,213.377165785934
2018-08-20,213.793918062859
2018-08-17,215.897524794008
2018-08-16,211.670465985191
2018-08-15,208.614282621069
2018-08-14,208.128071631323
2018-08-13,207.254876384431
2018-08-10,205.925238167573
2018-08-09,206.540443909701
2018-08-08,204.928700690758
2018-08-07,204.790268757843
2018-08-06,206.728315818657
2018-08-03,205.660412336168
2018-08-02,205.067132623673
2018-08-01,199.24310344602
2018-07-31,188.158660817584
2018-07-30,187.782916999671
2018-07-27,188.840932486953
2018-07-26,192.034754939214
2018-07-25,192.637922646917
2018-07-24,190.838307519017
2018-07-23,189.463876185072
2018-07-20,189.295780266532
2018-07-19,189.730852055694
2018-07-18,188.267428764875
2018-07-17,189.30566826174
2018-07-16,188.771716520495
2018-07-13,189.187012319241
2018-07-12,188.890372462994
2018-07-11,185.775653972399
2018-07-10,188.217988788834
2018-07-09,188.445412678623
2018-07-06,185.864645929273
2018-07-05,183.323431160755
2018-07-03,181.860007869936
2018-07-02,185.083494307822
2018-06-29,183.036679299716
2018-06-28,183.422311112838
2018-06-27,182.097319754934
2018-06-26,182.364295625556
2018-06-25,180.129608708494
2018-06-22,182.84880739076
2018-06-21,183.382759132005
2018-06-20,184.411110633662
2018-06-19,183.610183021794
2018-06-18,186.626021560307
2018-06-15,186.72490151239
2018-06-14,188.662948573204
2018-06-13,188.564068621122
2018-06-12,190.126371864024
2018-06-11,189.088132367159
2018-06-08,189.552868141946
2018-06-07,191.293155298596
2018-06-06,191.807331049424
2018-06-05,191.144835370472
2018-06-04,189.681412079653
2018-06-01,188.109220841543
2018-05-31,184.776966456366
2018-05-30,185.399910154485
2018-05-29,185.795429962815
2018-05-25,186.467813636975
2018-05-24,186.042629843021
2018-05-23,186.250277742394
2018-05-22,185.063718317405
2018-05-21,185.528454092193
2018-05-18,184.223238724705
2018-05-17,184.895622398865
2018-05-16,186.072293828646
2018-05-15,184.351782662412
2018-05-14,186.042629843021
2018-05-11,186.477701632184
2018-05-10,187.189637287177
2018-05-09,184.549833940883
2018-05-08,183.259482305195
2018-05-07,182.382831193926
2018-05-04,181.072779533265
2018-05-03,174.236870867863
2018-05-02,173.921670468306
2018-05-01,166.563711141137
2018-04-30,162.781306346447
2018-04-27,159.885402675513
2018-04-26,161.756905047886
2018-04-25,161.195454336174
2018-04-24,160.496103449656
2018-04-23,162.761606321475
2018-04-20,163.234406920811
2018-04-19,170.20821576102
2018-04-18,175.172622054049
2018-04-17,175.566622553496
2018-04-16,173.182919531843
2018-04-13,172.10926817085
2018-04-12,171.528117434166
2018-04-11,169.853615311517
2018-04-10,170.651466322897
2018-04-09,167.499462327323
2018-04-06,165.854510242132
2018-04-05,170.20821576102
2018-04-04,169.036064275165
2018-04-03,165.864360254619
2018-04-02,164.180008119483
2018-03-29,165.263509492962
2018-03-28,163.98300786976
2018-03-27,165.815110192188
2018-03-26,170.178665723561
2018-03-23,162.46610594689
2018-03-22,166.317460828982
2018-03-21,168.701163850636
2018-03-20,172.611618807645
2018-03-19,172.670718882562
2018-03-16,175.3499222788
2018-03-15,175.970473065429
2018-03-14,175.76362280322
2018-03-13,177.270674713604
2018-03-12,178.994426898683
2018-03-09,177.28052472609
2018-03-08,174.286120930294
2018-03-07,172.404768545436
2018-03-06,174.020170593167
2018-03-05,174.16792078046
2018-03-02,173.567070018804
2018-03-01,172.375218507977
2018-02-28,175.448422403662
2018-02-27,175.714372740789
2018-02-26,176.285673464987
2018-02-23,172.867719132285
2018-02-22,169.912715386434
2018-02-21,168.504163600912
2018-02-20,169.272464574833
2018-02-16,169.843765299031
2018-02-15,170.395365998257
2018-02-14,164.859658981029
2018-02-13,161.87510519772
2018-02-12,160.269553162474
2018-02-09,154.064045296187
2018-02-08,152.202392936301
2018-02-07,156.508989810231
2018-02-06,159.932685274928
2018-02-05,153.516935034494
2018-02-02,157.450751313414
2018-02-01,164.592442712553
2018-01-31,164.249092164517
2018-01-30,163.797831444242
2018-01-29,164.769022994399
2018-01-26,168.251578553045
2018-01-25,167.859177926719
2018-01-24,170.910092796405
2018-01-23,173.676517212006
2018-01-22,173.637277149373
2018-01-19,175.069539435464
2018-01-18,175.854340688116
2018-01-17,175.697380437586
2018-01-16,172.842665881062
2018-01-12,173.725567290296
2018-01-11,171.94995445617
2018-01-10,170.978762906012
2018-01-09,171.018002968645
2018-01-08,171.037622999961
2018-01-05,171.675274017742
2018-01-04,169.742700933085
2018-01-03,168.957899680432
2018-01-02,168.987329727407
2017-12-29,166.014894982985
2017-12-28,167.829747879744
2017-12-27,167.358867128153
2017-12-26,167.329437081178
2017-12-22,171.6850840334
2017-12-21,171.6850840334
2017-12-20,171.037622999961
2017-12-19,171.224013297466
2017-12-18,173.0682962412
2017-12-15,170.664842404951
2017-12-14,168.948089664774
2017-12-13,168.997139743065
2017-12-12,168.43796885055
2017-12-11,169.389540369391
2017-12-08,166.152235202199
2017-12-07,166.103185123909
2017-12-06,165.799074638506
2017-12-05,166.41710562497
2017-12-04,166.5740658755
2017-12-01,167.80031783277
2017-11-30,168.585119085422
2017-11-29,166.260145374439
2017-11-28,169.781940995717
2017-11-27,170.782562592849
2017-11-24,171.645843970767
2017-11-22,171.636033955109
2017-11-21,169.850611105324
2017-11-20,166.750646157347
2017-11-17,166.917416423536
2017-11-16,167.849367911061
2017-11-15,165.867744748113
2017-11-14,168.084808286856
2017-11-13,170.664842404951
2017-11-10,171.351543501022
2017-11-09,171.920524409196
2017-11-08,172.272419956087
2017-11-07,170.874612644823
2017-11-06,170.32721957188
2017-11-03,168.616616218935
2017-11-02,164.325445522117
2017-11-01,163.132910613206
2017-10-31,165.234509018253
2017-10-30,162.966737716063
2017-10-27,159.379358113028
2017-10-26,153.866327878391
2017-10-25,152.888840248137
2017-10-24,153.563306713012
2017-10-23,152.654243216876
2017-10-20,152.732442227296
2017-10-19,152.468520567127
2017-10-18,156.16342380949
2017-10-17,156.857440026971
2017-10-16,156.28072232512
2017-10-13,153.455783073684
2017-10-12,152.488070319732
2017-10-11,153.025688516372
2017-10-10,152.390321556707
2017-10-09,152.331672298892
2017-10-06,151.803828978554
2017-10-05,151.891802865277
2017-10-04,150.02480149149
2017-10-03,151.002289121745
2017-10-02,150.347372409475
2017-09-29,150.650393574853
2017-09-28,149.82930396544
2017-09-27,150.757917214181
2017-09-26,149.692455697204
2017-09-25,147.160762734844
2017-09-22,148.470596159385
2017-09-21,149.936827604768
2017-09-20,152.55649445385
2017-09-19,155.156611550328
2017-09-18,155.097962292512
2017-09-15,156.28072232512
2017-09-14,154.716742116713
2017-09-13,156.055900170162
2017-09-12,157.23866020277
2017-09-11,157.864252286133
2017-09-08,155.058862787302
2017-09-07,157.629655254872
2017-09-06,158.265022214538
2017-09-05,158.431195111681
2017-09-01,160.356845743283
2017-08-31,160.30797136177
2017-08-30,159.672604402104
2017-08-29,159.242509844792
2017-08-28,157.834927657225
2017-08-25,156.261172572515
2017-08-24,155.684454870665
2017-08-23,156.378471088146
2017-08-22,156.182973562095
2017-08-21,153.67083035234
2017-08-18,153.954301765114
2017-08-17,154.306197312006
2017-08-16,157.326634089493
2017-08-15,157.962001049159
2017-08-14,156.251397696213
2017-08-11,153.934752012509
2017-08-10,151.823378731159
2017-08-09,156.818340521761
2017-08-08,155.864149700257
2017-08-07,154.627596288717
2017-08-04,152.271329158066
2017-08-03,151.472924593135
2017-08-02,153.001577235747
2017-08-01,146.098298741402
2017-07-31,144.813062124683
2017-07-28,145.562783484436
2017-07-27,146.594867434225
2017-07-26,149.418493334592
2017-07-25,148.717455180018
2017-07-24,148.084573512694
2017-07-21,146.312504844188
2017-07-20,146.380661331439
2017-07-19,147.042752921869
2017-07-18,146.127508664509
2017-07-17,145.62120333065
2017-07-14,145.114897996791
2017-07-13,143.878344585251
2017-07-12,141.901806454994
2017-07-11,141.697336993244
2017-07-10,141.239714864563
2017-07-07,140.382890453418
2017-07-06,138.971077503234
2017-07-05,140.295260684096
2017-07-03,139.720798862987
2017-06-30,140.227104196846
2017-06-29,139.89605840163
2017-06-28,141.989436224316
2017-06-27,139.944741606809
2017-06-26,141.97969958328
2017-06-23,142.427585070925
2017-06-22,141.794703403601
2017-06-21,142.028382788459
2017-06-20,141.191031659385
2017-06-19,142.486004917139
2017-06-16,138.52319201559
2017-06-15,140.489993504811
2017-06-14,141.337081274921
2017-06-13,142.729420943033
2017-06-12,141.59023394185
2017-06-09,145.056478150577
2017-06-08,150.908199413061
2017-06-07,151.27819177242
2017-06-06,150.382420797131
2017-06-05,149.876115463272
2017-06-02,151.356084900706
2017-06-01,149.145867385591
2017-05-31,148.73692846209
2017-05-30,149.622962796343
2017-05-26,149.564542950128
2017-05-25,149.817695617058
2017-05-24,149.301653642163
2017-05-23,149.749539129807
2017-05-22,149.934535309487
2017-05-19,149.029027693162
2017-05-18,148.522722359303
2017-05-17,146.293031562117
2017-05-16,151.375558182777
2017-05-15,151.5995009266
2017-05-12,151.988966568029
2017-05-11,149.895588745344
2017-05-10,148.610352128625
2017-05-09,149.318205169561
2017-05-08,148.367936703647
2017-05-05,144.440806819
2017-05-04,142.084528888212
2017-05-03,142.598449589166
2017-05-02,143.034797354127
2017-05-01,142.133011973208
2017-04-28,139.291903192464
2017-04-27,139.427655830451
2017-04-26,139.320993043461
2017-04-25,140.145205488387
2017-04-24,139.282206575464
2017-04-21,137.953770046584
2017-04-20,138.118612535569
2017-04-19,136.412007943723
2017-04-18,136.916232027677
2017-04-17,137.527118898622
2017-04-13,136.77078277269
2017-04-12,137.498029047625
2017-04-11,137.33318655864
2017-04-10,138.826465576505
2017-04-07,138.991308065491
2017-04-06,139.301599809463
2017-04-05,139.650678021431
2017-04-04,140.377924296366
2017-04-03,139.340386277459
2017-03-31,139.301599809463
2017-03-30,139.563408468439
2017-03-29,139.747644191423
2017-03-28,139.43735244745
2017-03-27,136.605940283705
2017-03-24,136.373221475726
2017-03-23,136.644726751702
2017-03-22,137.129557601658
2017-03-21,135.597492115796
2017-03-20,137.168344069655
2017-03-17,135.742941370783
2017-03-16,136.421704560722
2017-03-15,136.198682369742
2017-03-14,134.77327967087
2017-03-13,134.976908627852
2017-03-10,134.918728925857
2017-03-09,134.472684543897
2017-03-08,134.782976287869
2017-03-07,135.287200371824
2017-03-06,135.11266126584
2017-03-03,135.539312413801
2017-03-02,134.744189819873
2017-03-01,135.5490090308
2017-02-28,132.833956271045
2017-02-27,132.77577656905
2017-02-24,132.513967910074
2017-02-23,132.387911889085
2017-02-22,132.950315675034
2017-02-21,132.55275437807
2017-02-17,131.602485912156
2017-02-16,131.238862774688
2017-02-15,131.398856955174
2017-02-14,130.923722722217
2017-02-13,129.246207981368
2017-02-10,128.11170379247
2017-02-09,128.402602302444
2017-02-08,127.481423687527
2017-02-07,126.989031033175
2017-02-06,125.791841050044
2017-02-03,124.623615340699
2017-02-02,124.092603654633
2017-02-01,124.30500832906
2017-01-31,117.160487461991
2017-01-30,117.430820683989
2017-01-27,117.7397729377
2017-01-26,117.730118179771
2017-01-25,117.6721896322
2017-01-24,115.828130867862
2017-01-23,115.934333205076
2017-01-20,115.857095141648
2017-01-19,115.644690467221
2017-01-18,115.847440383719
2017-01-17,115.857095141648
2017-01-13,114.930238380515
2017-01-12,115.132988297013
2017-01-11,115.615726193436
2017-01-10,114.997821686014
2017-01-09,114.881964590872
2017-01-06,113.839250734597
2017-01-05,112.584132203896
2017-01-04,112.014501486117
2017-01-03,112.140013339187
2016-12-30,111.821406327547
2016-12-29,112.699989299038
2016-12-28,112.728953572823
2016-12-27,113.211691469247
2016-12-23,112.49723938254
2016-12-22,112.275179950185
2016-12-21,113.018596310677
2016-12-20,112.912393973464
2016-12-19,112.613096477682
2016-12-16,111.966227696474
2016-12-15,111.821406327547
2016-12-14,111.213156578053
2016-12-13,111.213156578053
2016-12-12,109.388407329573
2016-12-09,110.015966594923
2016-12-08,108.249145894013
2016-12-07,107.19677727981
2016-12-06,106.154063423535
2016-12-05,105.343063757543
2016-12-02,106.105789633892
2016-12-01,105.709944558825
2016-11-30,106.704384625458
2016-11-29,107.611931870734
2016-11-28,107.718134207947
2016-11-25,107.930538882373
2016-11-23,107.389872438379
2016-11-22,107.940193640302
2016-11-21,107.872610334803
2016-11-18,106.260265760748
2016-11-17,106.154063423535
2016-11-16,106.192682455249
2016-11-15,103.412112171849
2016-11-14,102.060446061863
2016-11-11,104.686540218407
2016-11-10,104.068635710985
2016-11-09,107.051955910883
2016-11-08,107.225741553595
2016-11-07,106.598182288244
2016-11-04,105.082385293475
2016-11-03,106.038206328393
2016-11-02,107.187122521881
2016-11-01,107.091068106143
2016-10-31,109.06018362877
2016-10-28,109.233081577098
2016-10-27,109.963095136706
2016-10-26,111.029299151396
2016-10-25,113.584346610023
2016-10-24,113.008020115596
2016-10-21,111.999448750348
2016-10-20,112.441299062742
2016-10-19,112.498931712185
2016-10-18,112.835122167268
2016-10-17,112.911965699858
2016-10-14,112.988809232448
2016-10-13,112.364455530152
2016-10-12,112.710251426808
2016-10-11,111.711285503135
2016-10-10,111.47114946379
2016-10-07,109.559666590606
2016-10-06,109.396374083852
2016-10-05,108.589516991654
2016-10-04,108.541489783785
2016-10-03,108.080428588243
2016-09-30,108.589516991654
2016-09-29,107.753843574735
2016-09-28,109.454006733295
2016-09-27,108.627938757949
2016-09-26,108.4262244849
2016-09-23,108.262931978145
2016-09-22,110.097571318739
2016-09-21,109.069789070343
2016-09-20,109.088999953491
2016-09-19,109.098605395065
2016-09-16,110.385734565952
2016-09-15,111.010088268248
2016-09-14,107.360020470209
2016-09-13,103.690741789023
2016-09-12,101.279775954003
2016-09-09,99.060918950458
2016-09-08,101.356619486593
2016-09-07,104.084564893548
2016-09-06,103.450605749678
2016-09-02,103.4794220744
2016-09-01,102.518877917021
2016-08-31,101.913735097873
2016-08-30,101.817680682135
2016-08-29,102.605326891185
2016-08-26,102.720592190071
2016-08-25,103.325735009219
2016-08-24,103.767585321613
2016-08-23,104.555231530664
2016-08-22,104.228646517155
2016-08-19,105.045109050927
2016-08-18,104.776156686861
2016-08-17,104.910632868894
2016-08-16,105.064319934074
2016-08-15,105.160374349812
2016-08-12,103.91166694522
2016-08-11,103.671530905875
2016-08-10,103.738768996892
2016-08-09,104.516809764369
2016-08-08,104.094170335122
2016-08-05,103.239286035055
2016-08-04,101.692809941676
2016-08-03,101.068456239379
2016-08-02,99.8169232242212
2016-08-01,101.316852104983
2016-07-29,99.5589736714786
2016-07-28,99.6831716042806
2016-07-27,98.3552090920135
2016-07-26,92.355493568965
2016-07-25,92.995590607252
2016-07-22,94.2566773095488
2016-07-21,94.9923112192219
2016-07-20,95.4986566375684
2016-07-19,95.4126734533209
2016-07-18,95.3744587047664
2016-07-15,94.3713215552121
2016-07-14,94.3808752423508
2016-07-13,92.5465673117372
2016-07-12,93.0720201043609
2016-07-11,92.6516578702619
2016-07-08,92.3650472561036
2016-07-07,91.6580744078463
2016-07-06,91.2663732351632
2016-07-05,90.7504741296781
2016-07-01,91.6103059721532
2016-06-30,91.3332490451334
2016-06-29,90.1868065885
2016-06-28,89.4129579302724
2016-06-27,87.9321364237875
2016-06-24,89.2314378746387
2016-06-23,91.8109334020641
2016-06-22,91.2854806094404
2016-06-21,91.6294133464304
2016-06-20,90.8555646882028
2016-06-17,91.0752994923909
2016-06-16,93.1962180371628
2016-06-15,92.8045168644797
2016-06-14,93.1102348529153
2016-06-13,92.995590607252
2016-06-10,94.4190899909052
2016-06-09,95.2024923362714
2016-06-08,94.5241805494299
2016-06-07,94.6101637336775
2016-06-06,94.228016248133
2016-06-03,93.5497044612915
2016-06-02,93.3586307185192
2016-06-01,94.0656035667765
2016-05-31,95.4031197661823
2016-05-27,95.8712504359743
2016-05-26,95.9285725588059
2016-05-25,95.1738312748556
2016-05-24,93.5305970870143
2016-05-23,92.1262050776383
2016-05-20,90.9702089338662
2016-05-19,89.9957328457277
2016-05-18,90.3396655827178
2016-05-17,89.3174210588862
2016-05-16,89.6900148572921
2016-05-13,86.4799759787184
2016-05-12,86.3080096102234
2016-05-11,88.3811597193022
2016-05-10,89.250545248916
2016-05-09,88.6486629591834
2016-05-06,88.5817871492131
2016-05-05,89.0785788804209
2016-05-04,89.4416189916882
2016-05-03,90.3817103262436
2016-05-02,88.9193460280463
2016-04-29,89.0143047487085
2016-04-28,90.049354803926
2016-04-27,92.8886205517246
2016-04-26,99.0894250109636
2016-04-25,99.7826236717974
2016-04-22,100.35237599577
2016-04-21,100.627756285691
2016-04-20,101.729277445372
2016-04-19,101.520368259915
2016-04-18,102.061632967689
2016-04-15,104.312154647382
2016-04-14,106.448725862281
2016-04-13,106.391750629884
2016-04-12,104.872411099289
2016-04-11,103.523997265886
2016-04-08,103.182145871503
2016-04-07,103.068195406708
2016-04-06,105.366196446732
2016-04-05,104.274171159118
2016-04-04,105.518130399792
2016-04-01,104.445096856309
2016-03-31,103.495509649688
2016-03-30,104.036774357462
2016-03-29,102.251550409014
2016-03-28,99.8870782645258
2016-03-24,100.342880123704
2016-03-23,100.77969023875
2016-03-22,101.339946690657
2016-03-21,100.570781053293
2016-03-18,100.58027692536
2016-03-17,100.466326460565
2016-03-16,100.627756285691
2016-03-15,99.3078300684866
2016-03-14,97.3516804228461
2016-03-11,97.1047877491245
2016-03-10,96.069737693907
2016-03-09,96.0222583335759
2016-03-08,95.9367954849799
2016-03-07,96.7344487385421
2016-03-04,97.8169781540907
2016-03-03,96.3831014720921
2016-03-02,95.6709110671259
2016-03-01,95.4620018816691
2016-02-29,91.8155870082422
2016-02-26,92.024496193699
2016-02-25,91.8820581127057
2016-02-24,91.2553305563355
2016-02-23,89.916412594999
2016-02-22,91.9960085775003
2016-02-19,91.1983553239382
2016-02-18,91.4072645093949
2016-02-17,93.1734967137111
2016-02-16,91.7681076479111
2016-02-12,89.2517015503639
2016-02-11,88.9763212604436
2016-02-10,89.5175859682179
2016-02-09,90.2012887569855
2016-02-08,90.2202805011179
2016-02-05,89.2801891665625
2016-02-04,91.7301241596463
2016-02-03,90.9989420105477
2016-02-02,89.232797521085
2016-02-01,91.0744989940541
2016-01-29,91.9339596814396
2016-01-28,88.8644572264912
2016-01-27,88.2316674896249
2016-01-26,94.4367847600899
2016-01-25,93.9173304984832
2016-01-22,95.7873658402672
2016-01-21,90.9517188958561
2016-01-20,91.414505419833
2016-01-19,91.291725321635
2016-01-15,91.7356225997353
2016-01-14,93.9928874819896
2016-01-13,91.9811827961312
2016-01-12,94.408450891275
2016-01-11,93.0578698110977
2016-01-08,91.5750640097841
2016-01-07,91.0933882399307
2016-01-06,95.1073529887094
2016-01-05,97.0057221993082
2016-01-04,99.4991026550202
2015-12-31,99.4141010485755
2015-12-30,101.359693373866
2015-12-29,102.700829831105
2015-12-28,100.887462226951
2015-12-24,102.030261602485
2015-12-23,102.578049732907
2015-12-22,101.274691767421
2015-12-21,101.369137996804
2015-12-18,100.141337014825
2015-12-17,102.927500781624
2015-12-16,105.156431795064
2015-12-15,104.353638845308
2015-12-14,106.23311881003
2015-12-11,106.894242415711
2015-12-10,109.718184674264
2015-12-09,109.198730412657
2015-12-08,111.663776999554
2015-12-07,111.711000114246
2015-12-04,112.419346834618
2015-12-03,108.802056249248
2015-12-02,109.822075526585
2015-12-01,110.823205558045
2015-11-30,111.729889360122
2015-11-27,111.267102836145
2015-11-25,111.474884540788
2015-11-24,112.277677490544
2015-11-23,111.210435098516
2015-11-20,112.674351653953
2015-11-19,112.183231261161
2015-11-18,110.775982443354
2015-11-17,107.375918185565
2015-11-16,107.833982398072
2015-11-13,106.100894088894
2015-11-12,109.29317664204
2015-11-11,109.661516936634
2015-11-10,110.284862050562
2015-11-09,113.873818767117
2015-11-06,114.336605291094
2015-11-05,114.204380569958
2015-11-04,114.733279454503
2015-11-03,115.269328383102
2015-11-02,113.962121346694
2015-10-30,112.382187662402
2015-10-29,113.350837480748
2015-10-28,112.165887217529
2015-10-27,107.727025914043
2015-10-26,108.413544717337
2015-10-23,111.987204241329
2015-10-22,108.620440795041
2015-10-21,106.98408090774
2015-10-20,106.993485274908
2015-10-19,105.074994372554
2015-10-16,104.426093037934
2015-10-15,105.197251145743
2015-10-14,103.645530562957
2015-10-13,105.131420575564
2015-10-12,104.952737599365
2015-10-09,105.441764692122
2015-10-08,102.977820494
2015-10-07,104.181579491556
2015-10-06,104.680010951481
2015-10-05,104.181579491556
2015-10-02,103.80540480482
2015-10-01,103.053055431348
2015-09-30,103.401017016578
2015-09-29,102.564028338591
2015-09-28,105.74270444151
2015-09-25,107.877495788738
2015-09-24,108.150222436621
2015-09-23,107.51072546917
2015-09-22,106.645523689677
2015-09-21,108.347714147158
2015-09-18,106.692545525519
2015-09-17,107.134550782434
2015-09-16,109.476238207366
2015-09-15,109.353981434177
2015-09-14,108.441757818842
2015-09-11,107.407277430318
2015-09-10,105.8649612147
2015-09-09,103.589104359946
2015-09-08,105.620447668321
2015-09-04,102.761520049127
2015-09-03,103.796000437651
2015-09-02,105.648660769826
2015-09-01,101.303843138025
2015-08-31,106.043644190899
2015-08-28,106.542075650825
2015-08-27,106.194114065594
2015-08-26,103.1565034702
2015-08-25,97.5609050050009
2015-08-24,96.97783424056
2015-08-21,99.460587173018
2015-08-20,105.940196152047
2015-08-19,108.15962680379
2015-08-18,109.560877511882
2015-08-17,110.181565744996
2015-08-14,109.053041684788
2015-08-13,108.291287944147
2015-08-12,108.375927248663
2015-08-11,106.730162994193
2015-08-10,112.589083740107
2015-08-07,108.639249529378
2015-08-06,108.272479209811
2015-08-05,108.0373700306
2015-08-04,107.325858754836
2015-08-03,110.88341513366
2015-07-31,113.560944408248
2015-07-30,114.562677388601
2015-07-29,115.143120797778
2015-07-28,115.508238426131
2015-07-27,114.937157007425
2015-07-24,116.556781358837
2015-07-23,117.174672729896
2015-07-22,117.230844672719
2015-07-21,122.408025402955
2015-07-20,123.643808145073
2015-07-17,121.350120479778
2015-07-16,120.310939537543
2015-07-15,118.728763148013
2015-07-14,117.595962301072
2015-07-13,117.642772253425
2015-07-10,115.414618521425
2015-07-09,112.409419580366
2015-07-08,114.749917198013
2015-07-07,117.670858224837
2015-07-06,117.961079929425
2015-07-02,118.373007510131
2015-07-01,118.52279935766
2015-06-30,117.422765477366
2015-06-29,116.584867330249
2015-06-26,118.663229214719
2015-06-25,119.365378500014
2015-06-24,119.936459918719
2015-06-23,118.925364947896
2015-06-22,119.46836039519
2015-06-19,118.52279935766
2015-06-18,119.721134137896
2015-06-17,119.178138690602
2015-06-16,119.458998404719
2015-06-15,118.822383052719
2015-06-12,119.056432814484
2015-06-11,120.385835461308
2015-06-10,120.657333184955
2015-06-09,119.290482576249
2015-06-08,119.646238214131
2015-06-05,120.442007404131
2015-06-04,121.106708727543
2015-06-03,121.818220003308
2015-06-02,121.668428155778
2015-06-01,122.206742607837
2015-05-29,121.968011850837
2015-05-28,123.372310421426
2015-05-27,123.620403168896
2015-05-26,121.350120479778
2015-05-22,124.083821697191
2015-05-21,123.007192793073
2015-05-20,121.762048060484
2015-05-19,121.771410050955
2015-05-18,121.883753936602
2015-05-15,120.554351289778
2015-05-14,120.722867118249
2015-05-13,117.970441919896
2015-05-12,117.834693058072
2015-05-11,118.260663624484
2015-05-08,119.477722385661
2015-05-07,117.268292634602
2015-05-06,116.547419368366
2015-05-05,117.283940137113
2015-05-04,119.987623971752
2015-05-01,120.220700164393
2015-04-30,116.677942036245
2015-04-29,119.931685685518
2015-04-28,121.721710845003
2015-04-27,123.670227815485
2015-04-24,121.460665509245
2015-04-23,120.8919595992
2015-04-22,119.913039590107
2015-04-21,118.31879843244
2015-04-20,118.96208872413
2015-04-17,116.305020128019
2015-04-16,117.628892902222
2015-04-15,118.197598812267
2015-04-14,117.750092522395
2015-04-13,118.262860146206
2015-04-10,118.495936338848
2015-04-09,117.992491762742
2015-04-08,117.097479183
2015-04-07,117.479724138931
2015-04-06,118.729012531489
2015-04-02,116.836433847241
2015-04-01,115.838867742737
2015-03-31,116.006682601438
2015-03-30,117.815353856335
2015-03-27,114.906562972171
2015-03-26,115.829544695031
2015-03-25,115.027762592345
2015-03-24,118.113691382916
2015-03-23,118.59848986361
2015-03-20,117.377170614169
2015-03-19,118.864196723221
2015-03-18,119.773193874522
2015-03-17,118.439998052614
2015-03-16,116.491481082132
2015-03-13,115.223546594163
2015-03-12,116.02532869685
2015-03-11,113.9649351539
2015-03-10,116.081266983084
2015-03-09,118.53322852967
2015-03-06,118.029783953565
2015-03-05,117.852646047158
2015-03-04,119.838455208462
2015-03-03,120.602945120325
2015-03-02,120.351222832273
2015-02-27,119.763870826816
2015-02-26,121.586526653271
2015-02-25,120.071531401103
2015-02-24,123.222721525614
2015-02-23,123.996534485183
2015-02-20,120.728806264351
2015-02-19,119.754547779111
2015-02-18,120.001608543311
2015-02-17,119.17651882136
2015-02-13,118.477290243436
2015-02-12,117.899261285686
2015-02-11,116.426219748193
2015-02-10,113.759828104376
2015-02-09,111.615527132076
2015-02-06,110.879006363329
2015-02-05,111.8206341816
2015-02-04,111.02817512662
2015-02-03,110.183112903759
2015-02-02,110.164540107652
2015-01-30,108.7994395938
2015-01-29,110.415272855094
2015-01-28,107.081455953919
2015-01-27,101.351748354962
2015-01-26,105.029161984114
2015-01-23,104.917725207473
2015-01-22,104.379114120375
2015-01-21,101.732490675152
2015-01-20,100.961719636719
2015-01-16,98.4265329681366
2015-01-15,99.19730400657
2015-01-14,101.964650626487
2015-01-13,102.354679344731
2015-01-12,101.45389873355
2015-01-09,104.016944596292
2015-01-08,103.905507819651
2015-01-07,100.060939025538
2015-01-06,98.6772657155788
2015-01-05,98.6679793175254
2015-01-02,101.528189917977
2014-12-31,102.503261713585
2014-12-30,104.490550897016
2014-12-29,105.781360226441
2014-12-26,105.855651410868
2014-12-24,104.016944596292
2014-12-23,104.509123693123
2014-12-22,104.880579615259
2014-12-19,103.803357441063
2014-12-18,104.61127407171
2014-12-17,101.602481102404
2014-12-16,99.1276560211694
2014-12-15,100.502042933075
2014-12-12,101.899645840114
2014-12-11,103.654775072209
2014-12-10,103.961226207971
2014-12-09,105.976374585562
2014-12-08,104.379114120375
2014-12-05,106.793577614263
2014-12-04,107.24861111888
2014-12-03,107.65721263323
2014-12-02,106.449980886286
2014-12-01,106.858582400637
2014-11-28,110.443132049255
2014-11-26,110.508136835628
2014-11-25,109.20804110815
2014-11-24,110.159896908625
2014-11-21,108.158678128115
2014-11-20,108.01009575926
2014-11-19,106.4871264785
2014-11-18,107.230038322773
2014-11-17,105.855651410868
2014-11-14,106.032092973883
2014-11-13,104.769142838619
2014-11-12,103.311178344232
2014-11-11,101.871786645953
2014-11-10,101.063870015306
2014-11-07,101.231025180268
2014-11-06,100.943146840612
2014-11-05,100.655268500956
2014-11-04,100.414864589416
2014-11-03,101.154568932616
2014-10-31,99.8600863320159
2014-10-30,98.9169632944357
2014-10-29,99.2498302488758
2014-10-28,98.6950519914757
2014-10-27,97.1879043922055
2014-10-24,97.2896137393955
2014-10-23,96.9290078720854
2014-10-22,95.2276878827251
2014-10-21,94.7468800596451
2014-10-20,92.2411315970547
2014-10-17,90.3086540004444
2014-10-16,89.0049250955542
2014-10-15,90.1884520446743
2014-10-14,91.3072548637645
2014-10-13,92.2873631185047
2014-10-10,93.1380231131848
2014-10-09,93.4061659375948
2014-10-08,93.2027472432148
2014-10-07,91.3072548637645
2014-10-06,92.1116833369946
2014-10-03,92.1116833369946
2014-10-02,92.3705798571147
2014-10-01,91.7048459482346
2014-09-30,93.1565157217648
2014-09-29,92.5647522472047
2014-09-26,93.1565157217648
2014-09-25,90.4935800862444
2014-09-24,94.081146150765
2014-09-23,94.9040672325751
2014-09-22,93.4431511547549
2014-09-19,93.3506881118548
2014-09-18,94.118131367925
2014-09-17,93.9239589778349
2014-09-16,93.2582250689548
2014-09-15,93.9701904992849
2014-09-12,93.9979294121549
2014-09-11,93.7852644134849
2014-09-10,93.3876733290148
2014-09-09,90.6045357377244
2014-09-08,90.9466489964545
2014-09-05,91.5106735581445
2014-09-04,90.7247376934944
2014-09-03,91.4829346452745
2014-09-02,95.5143233157152
2014-09-01,95.5143233157152
2014-08-29,94.7746189725151
2014-08-28,94.543461365265
2014-08-27,94.432505713785
2014-08-26,93.2850393513958
2014-08-25,93.8869737606749
2014-08-22,93.6835550662949
2014-08-21,92.9993285488348
2014-08-20,92.9993285488348
2014-08-19,92.9530970273848
2014-08-18,91.6863533396546
2014-08-15,90.5952894334344
2014-08-14,90.1514668275143
2014-08-13,89.9110629159743
2014-08-12,88.7367822711441
2014-08-11,88.7552748797241
2014-08-08,87.5994868434739
2014-08-07,87.3590829319339
2014-08-06,87.3683292362239
2014-08-05,87.5155378785764
2014-08-04,87.947963265487
2014-08-01,88.4447924334267
2014-07-31,87.957163805634
2014-07-30,90.3033015431274
2014-07-29,90.5149139665091
2014-07-28,91.1037485359192
2014-07-25,89.8625956700845
2014-07-24,89.2728410466597
2014-07-23,89.4200496890122
2014-07-22,87.1475162726951
2014-07-21,86.4289540872118
2014-07-18,86.8807006084312
2014-07-17,85.6477362233273
2014-07-16,87.2027195135773
2014-07-15,87.6995486815171
2014-07-14,88.7392097181318
2014-07-11,87.6075432800467
2014-07-10,87.4373332873266
2014-07-09,87.7639524625463
2014-07-08,87.7271503019582
2014-07-07,88.2957436830448
2014-07-03,86.5126790025498
2014-07-02,86.006649294463
2014-07-01,86.0434514550512
2014-06-30,85.5006195863762
2014-06-27,84.6265682724081
2014-06-26,83.6329099365286
2014-06-25,83.1360807685888
2014-06-24,83.0624764474125
2014-06-23,83.5685061554993
2014-06-20,83.6421104766756
2014-06-19,84.5161617906437
2014-06-18,84.8105790753488
2014-06-17,84.7185736738784
2014-06-16,84.8289801556428
2014-06-13,83.9825304621158
2014-06-12,84.9117850169661
2014-06-11,86.3562698200503
2014-06-10,86.7150908857846
2014-06-09,86.2090611776977
2014-06-06,84.8513243245714
2014-06-05,85.0852809168817
2014-06-04,84.7527471087103
2014-06-03,83.7958909334189
2014-06-02,82.6274223347457
2014-05-30,83.1991701867399
2014-05-29,83.5119885517391
2014-05-28,82.0175579592853
2014-05-27,82.2304847455452
2014-05-23,80.7189674356755
2014-05-22,79.8173145012663
2014-05-21,79.6911356649641
2014-05-20,79.4808376044605
2014-05-19,79.4650652499227
2014-05-16,78.5344963321943
2014-05-15,77.3923149910841
2014-05-14,78.0560682445486
2014-05-13,78.0416102528889
2014-05-12,77.9193745052212
2014-05-09,76.9615325577712
2014-05-08,77.2832228721978
2014-05-07,77.4212309744033
2014-05-06,77.6930999670708
2014-05-05,78.5492258814806
2014-05-02,77.453907536022
2014-05-01,77.3101306648997
2014-04-30,77.1284489822998
2014-04-29,77.4212309744033
2014-04-28,77.6512739681989
2014-04-25,74.7561306087826
2014-04-24,74.2110855609828
2014-04-23,68.588102837638
2014-04-22,69.4963805443912
2014-04-21,69.427236940006
2014-04-17,68.6129370244682
2014-04-16,67.8378489828728
2014-04-15,67.7005943534496
2014-04-14,68.1868346609604
2014-04-11,67.9162727307577
2014-04-10,68.422105904615
2014-04-09,69.3161366305025
2014-04-08,68.416877654756
2014-04-07,68.4207988421503
2014-04-04,69.5121960002147
2014-04-03,70.4232185381438
2014-04-02,70.914674024889
2014-04-01,70.7970384030617
2014-03-31,70.1552707328705
2014-03-28,70.1709554824475
2014-03-27,70.2493792303324
2014-03-26,70.5526177221539
2014-03-25,71.2335972662874
2014-03-24,70.4755010367337
2014-03-21,69.6494375590132
2014-03-20,69.1043925112134
2014-03-19,69.4390005021888
2014-03-18,69.4572993766952
2014-03-17,68.8482082681228
2014-03-14,68.5802604628495
2014-03-13,69.3592696918392
2014-03-12,70.1382789208288
2014-03-11,70.0703116726619
2014-03-10,69.3945603783873
2014-03-07,69.3318213800795
2014-03-06,69.3723403164866
2014-03-05,69.582777373311
2014-03-04,69.4363863772593
2014-03-03,68.9815286395271
2014-02-28,68.7828551448854
2014-02-27,68.9697650773443
2014-02-26,67.6208766137247
2014-02-25,68.2365030346208
2014-02-24,68.9540803277674
2014-02-21,68.6534559608754
2014-02-20,69.4246228150765
2014-02-19,70.2376156681496
2014-02-18,71.3643035127622
2014-02-14,71.1028910198127
2014-02-13,71.1604017682616
2014-02-12,70.0480916107612
2014-02-11,70.0533198606202
2014-02-10,69.142297322691
2014-02-07,67.9254221680109
2014-02-06,66.9882583807867
2014-02-05,66.6000608287567
2014-02-04,66.106332447108
2014-02-03,65.1630513811162
2014-01-31,65.0422178561337
2014-01-30,64.9359363255578
2014-01-29,65.0617071343567
2014-01-28,65.808796132904
2014-01-27,71.5256510783093
2014-01-24,70.9500677281242
2014-01-23,72.2636450803525
2014-01-22,71.6568788850106
2014-01-21,71.3398532925836
2014-01-17,70.2484537120971
2014-01-16,72.0128830338836
2014-01-15,72.4169607357066
2014-01-14,70.9916448549998
2014-01-13,69.6066068159539
2014-01-10,69.2441062410066
2014-01-09,69.7091204194068
2014-01-08,70.6109542870444
2014-01-07,70.1662739222569
2014-01-06,70.6720206921431
2014-01-03,70.288731553758
2014-01-02,71.8673630898187
2013-12-31,72.8924991243471
2013-12-30,72.0479637346849
2013-12-27,72.7716655993647
2013-12-26,73.2666932662282
2013-12-24,73.7565237922322
2013-12-23,74.0709508142295
2013-12-20,71.3333568665093
2013-12-19,70.7408828085309
2013-12-18,71.5607317791106
2013-12-17,72.1090301397836
2013-12-16,72.4351507287147
2013-12-13,72.0362701677512
2013-12-12,72.8301334340336
2013-12-11,72.9366748216525
2013-12-10,73.4810753266809
2013-12-09,73.595412425589
2013-12-06,72.7625706028606
2013-12-05,73.7865372806956
2013-12-04,73.4096146398633
2013-12-03,73.5813801452684
2013-12-02,71.6204988989944
2013-11-29,72.249352942989
2013-11-27,70.9357755907606
2013-11-26,69.3038733608904
2013-11-25,68.048763843331
2013-11-22,67.5368454686742
2013-11-21,67.7104299733802
2013-11-20,66.9131885655391
2013-11-19,67.5043633383026
2013-11-18,67.3846991700136
2013-11-15,68.2113044237106
2013-11-14,68.6230479083012
2013-11-13,67.645205855594
2013-11-12,67.5641304581864
2013-11-11,67.4391392205164
2013-11-08,67.635591145004
2013-11-07,66.587327833651
2013-11-06,67.6823654127391
2013-11-05,67.8745296960176
2013-11-04,68.042585517105
2013-11-01,67.1745339277838
2013-10-31,67.5196877740139
2013-10-30,67.8030962839797
2013-10-29,66.7415415278724
2013-10-28,68.4463845153517
2013-10-25,67.940279436935
2013-10-24,68.7091251303337
2013-10-23,67.8113634419733
2013-10-22,67.1535430969408
2013-10-21,67.3465941535242
2013-10-18,65.735531739534
2013-10-17,65.168456370915
2013-10-16,64.7310720433195
2013-10-15,64.4166616908778
2013-10-14,64.0756414236445
2013-10-11,63.6586666423456
2013-10-10,63.2486672756037
2013-10-09,62.8546855274743
2013-10-08,62.1251088345448
2013-10-07,63.0047861147944
2013-10-04,62.3950832127712
2013-10-03,62.4441694633578
2013-10-02,63.2385916767991
2013-10-01,63.0319127269607
2013-09-30,61.5838683346555
2013-09-27,62.3589143965495
2013-09-26,62.8071493690114
2013-09-25,62.2013216972977
2013-09-24,63.1791714787205
2013-09-23,63.37809996794
2013-09-20,60.377379964974
2013-09-19,61.0090425054175
2013-09-18,60.0247340068122
2013-09-17,58.8156621502577
2013-09-16,58.1439555632829
2013-09-13,60.053152362415
2013-09-12,61.0594204994406
2013-09-11,60.4161322680687
2013-09-10,63.8947973425359
2013-09-09,65.3841775248088
2013-09-06,64.3572414927993
2013-09-05,63.9761771790348
2013-09-04,64.418082608658
2013-09-03,63.1120008200231
2013-08-30,62.9358070152858
2013-08-29,63.5150247722079
2013-08-28,63.4111685999141
2013-08-27,63.1132925634595
2013-08-26,64.970819625132
2013-08-23,64.7189296550165
2013-08-22,64.9695278816955
2013-08-21,64.8920232755061
2013-08-20,64.7253883721989
2013-08-19,65.5869812443377
2013-08-16,64.8881480451967
2013-08-15,64.3171974462681
2013-08-14,64.393410309021
2013-08-13,63.2398834202356
2013-08-12,60.3709212477915
2013-08-09,58.7032804712831
2013-08-08,59.5506641656204
2013-08-07,59.6695045617775
2013-08-06,59.7041528611273
2013-08-05,60.243126406569
2013-08-02,59.3563865972828
2013-08-01,58.6038768662185
2013-07-31,58.0718329806468
2013-07-30,58.1732113380037
2013-07-29,57.4635628365055
2013-07-26,56.5909390010285
2013-07-25,56.2714046848024
2013-07-24,56.5293420244066
2013-07-23,53.7677442391913
2013-07-22,54.7070981326753
2013-07-19,54.5325733655799
2013-07-18,55.4062238173339
2013-07-17,55.2204062711912
2013-07-16,55.2056486622088
2013-07-15,54.852107681806
2013-07-12,54.7327635396011
2013-07-11,54.8326019725424
2013-07-10,53.9910332794457
2013-07-09,54.1989230755446
2013-07-08,53.2621357227531
2013-07-05,53.5662707948238
2013-07-04,54.0000161718697
2013-07-03,54.0000161718697
2013-07-02,53.7035807218768
2013-07-01,52.5139891108662
2013-06-28,50.8855190414246
2013-06-27,50.532619696195
2013-06-26,51.0831426747532
2013-06-25,51.6683139526613
2013-06-24,51.6567645195447
2013-06-21,53.0632288190782
2013-06-20,53.4915844606697
2013-06-19,54.2823356480534
2013-06-18,55.4077637417495
2013-06-17,55.4372789597141
2013-06-14,55.1870412421876
2013-06-13,55.946095652018
2013-06-12,55.4616610962936
2013-06-11,56.1559103536364
2013-06-10,56.3214522283077
2013-06-07,56.6962954964589
2013-06-06,56.2662716034173
2013-06-05,57.1196463836999
2013-06-04,57.6586199291416
2013-06-03,57.8395610479684
2013-05-31,57.7131589188589
2013-05-30,57.9499222977493
2013-05-29,57.0991140581593
2013-05-28,56.648557839577
2013-05-24,57.124779465085
2013-05-23,56.7385150908519
2013-05-22,56.6376500416335
2013-05-21,56.420264044972
2013-05-20,56.8398934482087
2013-05-17,55.5989710233466
2013-05-16,55.7681060549876
2013-05-15,55.0330488006329
2013-05-14,56.9592375904137
2013-05-13,58.3554357271769
2013-05-10,58.1282968758836
2013-05-09,58.6159396074737
2013-05-08,59.1318142866821
2013-05-07,58.4711962683275
2013-05-06,58.7327918248045
2013-05-03,57.3648969315307
2013-05-02,56.7963217941588
2013-05-01,56.0021013668433
2013-04-30,56.4470177859976
2013-04-29,54.833080288435
2013-04-26,53.1866345711349
2013-04-25,52.0615952017835
2013-04-24,51.6895991814132
2013-04-23,51.7747579688043
2013-04-22,50.8237331874602
2013-04-19,49.7860198201491
2013-04-18,49.9797943064283
2013-04-17,51.3502388639952
2013-04-16,54.3384454155644
2013-04-15,53.5238276739037
2013-04-12,54.7922856597447
2013-04-11,55.3697846221426
2013-04-10,55.5431617940767
2013-04-09,54.4327829944109
2013-04-08,54.3346209191247
2013-04-05,53.9508964430059
2013-04-04,54.5271205732573
2013-04-03,55.0714738998444
2013-04-02,54.7912657940274
2013-04-01,54.6788255986996
2013-03-29,56.4317198002387
2013-03-28,56.4317198002387
2013-03-27,57.6326116823112
2013-03-26,58.7870996742485
2013-03-25,59.0986686508712
2013-03-22,58.8857716823934
2013-03-21,57.7154757718385
2013-03-20,57.6326116823112
2013-03-19,57.9398462296355
2013-03-18,58.0966505836641
2013-03-15,56.5592030148961
2013-03-14,55.1364903393196
2013-03-13,54.6074349984915
2013-03-12,54.6176336556641
2013-03-11,55.8210752020298
2013-03-08,55.0370534318869
2013-03-07,54.8919775336068
2013-03-06,54.2647601174924
2013-03-05,54.9636231002442
2013-03-04,53.5493243168352
2013-03-01,54.8776994135651
2013-02-28,56.2710909497704
2013-02-27,56.6752127402343
2013-02-26,57.2361388847268
2013-02-25,56.4495674502907
2013-02-22,57.4707079996964
2013-02-21,56.8651627300738
2013-02-20,57.2208408989679
2013-02-19,58.6410039102512
2013-02-18,58.6626760567429
2013-02-15,58.6626760567429
2013-02-14,59.4823931269899
2013-02-13,59.535936077146
2013-02-12,59.6493961381911
2013-02-11,61.1830192105195
2013-02-08,60.5519772979654
2013-02-07,59.6901907668815
2013-02-06,57.9666177047136
2013-02-05,58.0292295099965
2013-02-04,56.0611402135741
2013-02-01,57.4938605514643
2013-01-31,57.7308728508145
2013-01-30,57.9007105412579
2013-01-29,58.0832226862121
2013-01-28,57.0134987255085
2013-01-25,55.7523905016933
2013-01-24,57.0984175707302
2013-01-23,65.1473299077541
2013-01-22,63.9768440336904
2013-01-21,63.3722725535297
2013-01-18,63.3722725535297
2013-01-17,63.7119479344166
2013-01-16,64.1441468332317
2013-01-15,61.5877093584223
2013-01-14,63.594075507467
2013-01-11,65.945186819203
2013-01-10,66.3520368089967
2013-01-09,65.5396042748604
2013-01-08,66.5801769901894
2013-01-07,66.4014671815884
2013-01-04,66.7943752714203
2013-01-03,68.707698249902
2013-01-02,69.5865576001288
2012-12-31,67.4500121288046
2012-12-28,64.5876513454703
2012-12-27,65.281045402842
2012-12-26,65.0198882676489
2012-12-24,65.9284565392489
2012-12-21,65.8222446104491
2012-12-20,66.1264568676151
2012-12-19,66.7069215352964
2012-12-18,67.668912632659
2012-12-17,65.7588723378956
2012-12-14,64.6136086283082
2012-12-13,67.1353180977583
2012-12-12,68.315309812705
2012-12-11,68.6179757864207
2012-12-10,67.1519089587128
2012-12-07,67.5865286783394
2012-12-06,69.3602552148402
2012-12-05,68.2889849706863
2012-12-04,72.9852632749926
2012-12-03,74.2963848963071
2012-11-30,74.1810473602597
2012-11-29,74.6981651042965
2012-11-28,73.8844651247092
2012-11-27,74.1176750877062
2012-11-26,74.7197116769647
2012-11-23,72.4345075286844
2012-11-21,71.1924109866353
2012-11-20,71.092713727454
2012-11-19,71.7031915034167
2012-11-16,66.8803080730029
2012-11-15,66.6194677991726
2012-11-14,68.046611377078
2012-11-13,68.8093600495323
2012-11-12,68.800741420465
2012-11-09,69.3368708462679
2012-11-08,68.1568791313212
2012-11-07,70.7236969843748
2012-11-06,73.5371216988433
2012-11-05,73.7606414321564
2012-11-02,72.7738666600775
2012-11-01,75.2644159847711
2012-10-31,75.1105032941701
2012-10-30,76.2056440060451
2012-10-26,76.2056440060451
2012-10-25,76.9043639671468
2012-10-24,77.8243830997496
2012-10-23,77.3859987774592
2012-10-22,79.994477597935
2012-10-19,76.9424667891499
2012-10-18,79.8191036820933
2012-10-17,81.3297922567138
2012-10-16,81.9832051867517
2012-10-15,80.0865804458231
2012-10-12,79.4499352808322
2012-10-11,79.2462996692002
2012-10-10,80.8625153972092
2012-10-09,80.2241038762314
2012-10-08,80.5168142969168
2012-10-05,82.3361609634188
2012-10-04,84.1290122901173
2012-10-03,84.715694814336
2012-10-02,83.4363484066849
2012-10-01,83.1941052999107
2012-09-28,84.1674936169747
2012-09-27,85.9609757850971
2012-09-26,83.9246196687766
2012-09-25,84.9793865295225
2012-09-24,87.1557894419468
2012-09-21,88.3297853318082
2012-09-20,88.1537805745425
2012-09-19,88.5827527427885
2012-09-18,88.5587807686806
2012-09-17,88.2901684903878
2012-09-14,87.2176119014881
2012-09-13,86.1704151378289
2012-09-12,84.5062554616042
2012-09-11,83.3455072416446
2012-09-10,83.6167690539177
2012-09-07,85.8499476944922
2012-09-06,85.323825946967
2012-09-05,84.5617695069066
2012-09-04,85.1598071767554
2012-08-31,83.9321897658633
2012-08-30,83.7590868791476
2012-08-29,84.9700500764489
2012-08-28,85.1383585683431
2012-08-27,85.2493866589479
2012-08-24,83.6775821671808
2012-08-23,83.6028905425921
2012-08-22,84.3901806396082
2012-08-21,82.7742172481688
2012-08-20,83.9208346202332
2012-08-17,81.7709270476124
2012-08-16,80.2859263357727
2012-08-15,79.5907390866447
2012-08-14,79.699243811554
2012-08-13,79.4860194102788
2012-08-10,78.4388226466196
2012-08-09,78.3164394103847
2012-08-08,77.8723270479654
2012-08-07,78.004739903624
2012-08-06,78.2102687763541
2012-08-03,77.3497108434683
2012-08-02,76.3559862815521
2012-08-01,76.2328699641465
2012-07-31,76.7291041006281
2012-07-30,74.7529615773736
2012-07-27,73.5130043806463
2012-07-26,72.2215393368411
2012-07-25,72.2328459374192
2012-07-24,75.4929157707601
2012-07-23,75.8584958561174
2012-07-20,75.9175414369139
2012-07-19,77.1763429679381
2012-07-18,76.163774071725
2012-07-17,76.2492017205371
2012-07-16,76.2454328536777
2012-07-13,76.0017127967728
2012-07-12,75.2391454022303
2012-07-11,75.9338731933044
2012-07-10,76.408750417583
2012-07-09,77.122322542954
2012-07-06,76.1160350915065
2012-07-05,76.6260884064724
2012-07-03,75.3032161388393
2012-07-02,74.4376330501411
2012-06-29,73.3672748620846
2012-06-28,71.4891228771734
2012-06-27,72.1738003566226
2012-06-26,71.8628688407259
2012-06-25,71.7045764326331
2012-06-22,73.1285799609922
2012-06-21,72.572043954761
2012-06-20,73.5859947688224
2012-06-19,73.7956693950978
2012-06-18,73.5908942957396
2012-06-15,72.1273176653573
2012-06-14,71.8006825375466
2012-06-13,71.879828741593
2012-06-12,72.3823443228402
2012-06-11,71.7554561352344
2012-06-08,72.9049605273372
2012-06-07,71.8245520276559
2012-06-06,71.7918885148748
2012-06-05,70.7077111483341
2012-06-04,70.8911293354893
2012-06-01,70.4765539809604
2012-05-31,72.5795816884797
2012-05-30,72.7604872977287
2012-05-29,71.8936479200773
2012-05-25,70.6398715448657
2012-05-24,71.0205270976604
2012-05-23,71.6788225090942
2012-05-22,69.971525821807
2012-05-21,70.5129863606008
2012-05-18,66.6310534954665
2012-05-17,66.5983899826854
2012-05-16,68.602799007385
2012-05-15,69.4941360196222
2012-05-14,70.1285619409467
2012-05-11,71.1951512621438
2012-05-10,71.6737973532817
2012-05-09,71.5054546335639
2012-05-08,71.3798257382521
2012-05-07,71.5431433021574
2012-05-04,71.0117330749886
2012-05-03,73.0934038703049
2012-05-02,73.616020074802
2012-05-01,73.1323488278516
2012-04-30,73.3647622841784
2012-04-27,75.7542238730086
2012-04-26,76.344679680974
2012-04-25,76.6336261401911
2012-04-24,70.387357465289
2012-04-23,71.8220394497496
2012-04-20,71.9828444357487
2012-04-19,73.7994382619572
2012-04-18,76.4250821739735
2012-04-17,76.5959374715976
2012-04-16,72.881091037228
2012-04-13,76.0343763095539
2012-04-12,78.2379071333227
2012-04-11,78.6688142442421
2012-04-10,78.9502229697405
2012-04-09,79.9288720642193
2012-04-05,79.6085183811743
2012-04-04,78.4313756321028
2012-04-03,79.0607763976149
2012-04-02,77.7178035067319
2012-03-30,75.3208041841829
2012-03-29,76.6160380948475
2012-03-28,77.5909183224669
2012-03-27,77.1964435911879
2012-03-26,76.2542268763495
2012-03-23,74.8811030505917
2012-03-22,75.2944221161675
2012-03-21,75.6914094253527
2012-03-20,76.1260854031315
2012-03-19,75.5155289719162
2012-03-16,73.5645122277241
2012-03-15,73.563255938771
2012-03-14,74.0682840979244
2012-03-13,71.3697754266272
2012-03-12,69.3471502121074
2012-03-09,68.4891048571279
2012-03-08,68.0896049700364
2012-03-07,66.6699984530132
2012-03-06,66.6159780280291
2012-03-05,66.9803018244333
2012-03-02,68.490361146081
2012-03-01,68.4011646304096
2012-02-29,68.1461379729267
2012-02-28,67.2629668388848
2012-02-27,66.050647999126
2012-02-24,65.6297911998315
2012-02-23,64.8735052500546
2012-02-22,64.4526484507601
2012-02-21,64.6800367512744
2012-02-17,63.0807809139554
2012-02-16,63.0920875145334
2012-02-15,62.5217323298179
2012-02-14,64.0028970055439
2012-02-13,63.141082783705
2012-02-10,61.9878095247428
2012-02-09,61.9564023009148
2012-02-08,59.8847818172234
2012-02-07,58.8985949890259
2012-02-06,58.2880385578106
2012-02-03,57.749090596923
2012-02-02,57.1762228343013
2012-02-01,57.3106457522849
2012-01-31,57.3470781319253
2012-01-30,56.9111458651934
2012-01-27,56.1912922950569
2012-01-26,55.8583757224806
2012-01-25,56.1134023799636
2012-01-24,52.8156438780291
2012-01-23,53.6949205163163
2012-01-20,52.8018246995448
2012-01-19,53.7377599696176
2012-01-18,53.9086152672417
2012-01-17,53.3545918389167
2012-01-13,52.740266540842
2012-01-12,52.9387601954346
2012-01-11,53.0844897139963
2012-01-10,53.1711736517615
2012-01-09,52.9814740198407
2012-01-06,53.0656453796996
2012-01-05,52.516647107187
2012-01-04,51.9400104777059
2012-01-03,51.6623706190669
2011-12-30,50.8797026012744
2011-12-29,50.8947780687119
2011-12-28,50.5832184083386
2011-12-27,51.0719148111015
2011-12-23,50.6699023461037
2011-12-22,50.0693962265134
2011-12-21,49.8049474018821
2011-12-20,49.7427610987027
2011-12-19,48.0166200771188
2011-12-16,47.8671216916977
2011-12-15,47.6058135894492
2011-12-14,47.762849708589
2011-12-13,48.8457707861766
2011-12-12,49.2264263389713
2011-12-09,49.4500457726263
2011-12-08,49.0781842425034
2011-12-07,48.8809468768639
2011-12-06,49.1146166221438
2011-12-05,49.3734121464861
2011-12-02,48.9575805030041
2011-12-01,48.7352173583022
2011-11-30,48.0153637881657
2011-11-29,46.8847037303595
2011-11-28,47.25154010467
2011-11-25,45.674897468507
2011-11-23,46.1045482904733
2011-11-22,47.3005353738416
2011-11-21,46.3583186590032
2011-11-18,47.1032980082021
2011-11-17,47.4136013796222
2011-11-16,48.3382300491169
2011-11-15,48.8482833640828
2011-11-14,47.646014835949
2011-11-11,48.3193857148202
2011-11-10,48.3947630520073
2011-11-09,49.6585897388438
2011-11-08,51.0342261425079
2011-11-07,50.2176383229813
2011-11-04,50.2817090595903
2011-11-03,50.6372388333227
2011-11-02,49.926179285858
2011-11-01,49.8131132800773
2011-10-31,50.8520642443058
2011-10-28,50.8734211565088
2011-10-27,50.8407576437278
2011-10-26,50.3269354619026
2011-10-25,49.9714056881702
2011-10-24,50.9764368506645
2011-10-21,49.3558241011424
2011-10-20,49.6623586057032
2011-10-19,50.0781902491852
2011-10-18,53.0455447564497
2011-10-17,52.7628797419981
2011-10-14,53.0153938215748
2011-10-13,51.3106097121939
2011-10-12,50.5266854054483
2011-10-11,50.2879905043559
2011-10-10,48.8457707861766
2011-10-07,46.4575654862995
2011-10-06,47.4085762238097
2011-10-05,47.5191296516841
2011-10-04,46.7967635036413
2011-10-03,47.0605841837961
2011-09-30,47.9048103602913
2011-09-29,49.0668776419253
2011-09-28,49.8759277277332
2011-09-27,50.1585927421848
2011-09-26,50.6498017228539
2011-09-23,50.7917623745562
2011-09-22,50.4802027141829
2011-09-21,51.7766929138006
2011-09-20,51.941266766659
2011-09-19,51.7126221771916
2011-09-16,50.3143725723714
2011-09-15,49.3671307017205
2011-09-14,48.9073289448794
2011-09-13,48.3193857148202
2011-09-12,47.731442484761
2011-09-09,47.422395402294
2011-09-08,48.2590838450705
2011-09-07,48.232701777055
2011-09-06,47.7063167056987
2011-09-02,46.9914882913746
2011-09-01,47.8683779806509
2011-08-31,48.3457677828357
2011-08-30,48.9940128826445
2011-08-29,48.9915003047383
2011-08-26,48.1887316636959
2011-08-25,46.9500307559217
2011-08-24,47.2590778383887
2011-08-23,46.9349552884843
2011-08-22,44.779163444934
2011-08-19,44.7276555978561
2011-08-18,45.9864571288803
2011-08-17,47.7942569324169
2011-08-16,47.7992820882294
2011-08-15,48.1673747514929
2011-08-12,47.3608372435912
2011-08-11,46.9475181780154
2011-08-10,45.6899729359444
2011-08-09,46.9864631355621
2011-08-08,44.3733821130769
2011-08-05,46.9374678663905
2011-08-04,47.4085762238097
2011-08-03,49.3181354325489
2011-08-02,48.8583336757078
2011-08-01,49.8432642149522
2011-07-29,49.0555710413473
2011-07-28,49.2239137610651
2011-07-27,49.3206480104551
2011-07-26,50.6799526577287
2011-07-25,50.0631147817478
2011-07-22,49.4098445261265
2011-07-21,48.6548148653027
2011-07-20,48.6058195961311
2011-07-19,47.3432491982476
2011-07-18,46.9600810675466
2011-07-15,45.8444964771779
2011-07-14,44.9462498756986
2011-07-13,44.9776570995266
2011-07-12,44.4412217165453
2011-07-11,44.4726289403732
2011-07-08,45.1899699326035
2011-07-07,44.8746414053709
2011-07-06,44.1912202148748
2011-07-05,43.8985048887983
2011-07-01,43.1233746047246
2011-06-30,42.1698512893081
2011-06-29,41.9650761899499
2011-06-28,42.1183434422303
2011-06-27,41.7138183993263
2011-06-24,40.9989899850023
2011-06-23,41.6120589941238
2011-06-22,40.5291379165362
2011-06-21,40.8670796449249
2011-06-20,39.6133032697132
2011-06-17,40.2339100125535
2011-06-16,40.8494915995812
2011-06-15,41.049241543127
2011-06-14,41.764069957451
2011-06-13,41.0303972088302
2011-06-10,40.9424569821119
2011-06-09,41.6447225069048
2011-06-08,41.7389441783887
2011-06-07,41.7138183993263
2011-06-06,42.4675917711971
2011-06-03,43.1459878058807
2011-06-02,43.4804119252007
2011-06-01,43.4060396191761
2011-05-31,43.6974986562995
2011-05-27,42.3884455671506
2011-05-26,42.0856799294492
2011-05-25,42.3092993631042
2011-05-24,41.7326627336231
2011-05-23,42.0103025922621
2011-05-20,42.1133182864178
2011-05-19,42.7804077205234
2011-05-18,42.6974926496176
2011-05-17,42.2288968701047
2011-05-16,41.8721108074192
2011-05-13,42.7766388536641
2011-05-12,43.5392062482066
2011-05-11,43.6221213191124
2011-05-10,43.9010174667046
2011-05-09,43.6686040103778
2011-05-06,43.5505128487847
2011-05-05,43.5618194493627
2011-05-04,43.916092934142
2011-05-03,43.7439813475648
2011-05-02,43.5027738685662
2011-04-29,43.9864451155166
2011-04-28,43.5618194493627
2011-04-27,43.9889576934228
2011-04-26,44.022877495157
2011-04-25,44.3481307051192
2011-04-22,44.0575510702631
2011-04-21,44.0575510702631
2011-04-20,43.0165900437096
2011-04-19,42.4449785700409
2011-04-18,41.6899489092171
2011-04-15,41.1384380587983
2011-04-14,41.7615573795448
2011-04-13,42.2276405811515
2011-04-12,41.7590448016386
2011-04-11,41.5580385691397
2011-04-08,42.0932176631679
2011-04-07,42.4726169270095
2011-04-06,42.4675917711971
2011-04-05,42.5743763322121
2011-04-04,42.8633227914292
2011-04-01,43.2866921686299
2011-03-31,43.7826122328732
2011-03-30,43.7980017725489
2011-03-29,44.0907170986254
2011-03-28,44.0253900730632
2011-03-25,44.1635818579062
2011-03-24,43.3382000157078
2011-03-23,42.6120650008056
2011-03-22,42.8645790803823
2011-03-21,42.6258841792899
2011-03-18,41.5417068127492
2011-03-17,42.040453527137
2011-03-16,41.4587917418434
2011-03-15,43.3959893075512
2011-03-14,44.417352226436
2011-03-11,44.2201148607965
2011-03-10,43.5517691377378
2011-03-09,44.2804167305462
2011-03-08,44.693735796122
2011-03-07,44.6434842379972
2011-03-04,45.2264023122439
2011-03-03,45.1711255983068
2011-03-02,44.236446617187
2011-03-01,43.8834294213609
2011-02-28,44.3733821130769
2011-02-25,43.7389561917524
2011-02-24,43.0756356245061
2011-02-23,43.0429721117251
2011-02-22,42.5392002415248
2011-02-18,44.0404655405007
2011-02-17,45.0128331902139
2011-02-16,45.6196207545698
2011-02-15,45.2138394227128
2011-02-14,45.1233866180883
2011-02-11,44.8306712920118
2011-02-10,44.5404685438416
2011-02-09,44.9952451448703
2011-02-08,44.6233836147474
2011-02-07,44.2062956823122
2011-02-04,43.5304122255348
2011-02-03,43.1459878058807
2011-02-02,43.2565412337551
2011-02-01,43.3457377494265
2011-01-31,42.6283967571961
2011-01-28,42.2238717142922
2011-01-27,43.117093159959
2011-01-26,43.1974956529586
2011-01-25,42.8897048594447
2011-01-24,42.3934707229631
2011-01-21,41.0454726762676
2011-01-20,41.7942208923259
2011-01-19,42.5680948874465
2011-01-18,42.7954831879608
2011-01-14,43.7791574382521
2011-01-13,43.4273965313791
2011-01-12,43.2691041232863
2011-01-11,42.9198557943195
2011-01-10,43.0222433439986
2011-01-07,42.2263842921984
2011-01-06,41.9261312324033
2011-01-05,41.9600510341374
2011-01-04,41.6195967278425
2011-01-03,41.4035150279062
2010-12-31,40.5228564717706
2010-12-30,40.6610482566135
2010-12-29,40.8658233559718
2010-12-28,40.8884365571279
2010-12-27,40.7891897298316
2010-12-23,40.6535105228948
2010-12-22,40.8494915995812
2010-12-21,40.7295160045585
2010-12-20,40.4788863584114
2010-12-17,40.2778801259126
2010-12-16,40.3582826189121
2010-12-15,40.2464729020846
2010-12-14,40.2376788794128
2010-12-13,40.4110467549431
2010-12-10,40.271598681147
2010-12-09,40.1707814926593
2010-12-08,40.3281316840373
2010-12-07,39.9763707771643
2010-12-06,40.2200908340692
2010-12-03,39.8796365277742
2010-12-02,39.9688330434456
2010-12-01,39.7489824766499
2010-11-30,39.0894307762631
2010-11-29,39.8080280574465
2010-11-26,39.5731020232135
2010-11-24,39.5473480996745
2010-11-23,38.7854088496085
2010-11-22,39.3670706349021
2010-11-19,38.534151058985
2010-11-18,38.747720181015
2010-11-17,37.7514830411925
2010-11-16,37.8884185370824
2010-11-15,38.5724678720551
2010-11-12,38.6974686228903
2010-11-11,39.7810178449545
2010-11-10,39.9537575760082
2010-11-09,39.7087812301502
2010-11-08,40.0278786242421
2010-11-05,39.8406915702276
2010-11-04,39.983908510883
2010-11-03,39.2967184535275
2010-11-02,38.864555053655
2010-11-01,38.2137973759399
2010-10-29,37.8117849109422
2010-10-28,38.3469640049704
2010-10-27,38.6723428438279
2010-10-26,38.6999812007965
2010-10-25,38.7992280280928
2010-10-22,38.6271164415157
2010-10-21,38.8846556769048
2010-10-20,39.0115408611697
2010-10-19,38.8808868100455
2010-10-18,39.9499887091488
2010-10-15,39.5404385104324
2010-10-14,37.9788713417068
2010-10-13,37.7062566388803
2010-10-12,37.5052504063814
2010-10-11,37.1057505192899
2010-10-08,36.9436892443377
2010-10-07,36.3343891020755
2010-10-06,36.3306202352162
2010-10-05,36.2992130113882
2010-10-04,35.0052353896768
2010-10-01,35.4926755034865
2010-09-30,35.6471990447201
2010-09-29,36.1019756457487
2010-09-28,36.0379049091397
2010-09-27,36.5786116745616
2010-09-24,36.7238386775421
2010-09-23,36.296700433482
2010-09-22,36.1497146259672
2010-09-21,35.6497116226263
2010-09-20,35.5818720191579
2010-09-17,34.5944289020073
2010-09-16,34.7451835763814
2010-09-15,33.9474400911516
2010-09-14,33.6760816772781
2010-09-13,33.5479402040601
2010-09-10,33.0919073140783
2010-09-09,33.0491934896723
2010-09-08,33.0303491553755
2010-09-07,32.3883855003322
2010-09-03,32.5089892398316
2010-09-02,31.6798385307738
2010-09-01,31.4486813634001
2010-08-31,30.5403844502958
2010-08-30,30.4650071131088
2010-08-27,30.3544536852344
2010-08-26,30.1861109655166
2010-08-25,30.5140023822804
2010-08-24,30.1421408521575
2010-08-23,30.8795824676377
2010-08-20,31.3619974256349
2010-08-19,31.3921483605098
2010-08-18,31.7929045365544
2010-08-17,31.6547127517114
2010-08-16,31.1107396350114
2010-08-13,31.2941578221666
2010-08-12,31.6320995505553
2010-08-11,31.4310933180564
2010-08-10,32.5893917328311
2010-08-09,32.8833633478607
2010-08-06,32.6749450105384
2010-08-05,32.8770819030951
2010-08-04,33.0378868890942
2010-08-03,32.9059765490168
2010-08-02,32.8959262373919
2010-07-30,32.3180333189576
2010-07-29,32.4260741689258
2010-07-28,32.7841165205644
2010-07-27,33.1760786739372
2010-07-26,32.5730599764406
2010-07-23,32.6559750473464
2010-07-22,32.5408989792408
2010-07-21,31.9398903440692
2010-07-20,31.6446624400865
2010-07-19,30.8519441106691
2010-07-16,31.394660938416
2010-07-15,31.5893857261493
2010-07-14,31.7498138254624
2010-07-13,31.6331045817178
2010-07-12,32.3224303302936
2010-07-09,32.6157738008466
2010-07-08,32.4235615910195
2010-07-07,32.4957982058238
2010-07-06,31.23511224137
2010-07-02,31.0227994082931
2010-07-01,31.2162679070733
2010-06-30,31.5994360377742
2010-06-29,32.1823541120209
2010-06-28,33.7062326121529
2010-06-25,33.5052263796541
2010-06-24,33.7941728388712
2010-06-23,34.0416617626354
2010-06-22,34.4034729811333
2010-06-21,33.941158646386
2010-06-18,34.4316138536832
2010-06-17,34.154727768416
2010-06-16,33.5743222720755
2010-06-15,32.6245678235184
2010-06-14,31.9449154998816
2010-06-11,31.8481812504916
2010-06-10,31.4712945645562
2010-06-09,30.552947339827
2010-06-08,31.3230524680883
2010-06-07,31.5253149895403
2010-06-04,32.156600188482
2010-06-03,33.0554749344378
2010-06-02,33.1597469175466
2010-06-01,32.7677847641739
2010-05-28,32.2715506276923
2010-05-27,31.8280806272417
2010-05-26,30.6671440056654
2010-05-25,30.8067177083568
2010-05-24,31.000186207137
2010-05-21,30.4423939119526
2010-05-20,29.8695261493309
2010-05-19,31.1986798617296
2010-05-18,31.703708020883
2010-05-17,31.9373777661629
2010-05-14,31.8871262080382
2010-05-13,32.4574813927537
2010-05-12,32.9260771722667
2010-05-11,32.22632422538
2010-05-10,31.9084831202412
2010-05-07,29.6308312482385
2010-05-06,30.936115470528
2010-05-05,32.1591127663882
2010-05-04,32.4976826392535
2010-05-03,33.4612562662949
2010-04-30,32.8004482769549
2010-04-29,33.7489464365589
2010-04-28,32.8645190135639
2010-04-27,32.9197957275011
2010-04-26,33.8569872865271
2010-04-23,34.0240737172917
2010-04-22,33.4762689192847
2010-04-21,32.5655222427219
2010-04-20,30.7275715043104
2010-04-19,31.0391311646836
2010-04-16,31.0805887001365
2010-04-15,31.2715446210104
2010-04-14,30.8657632891534
2010-04-13,30.4562130904369
2010-04-12,30.4386250450933
2010-04-09,30.3758105974374
2010-04-08,30.1446534300637
2010-04-07,30.2263122120164
2010-04-06,30.0931455829859
2010-04-05,29.9612352429085
2010-04-01,29.6446504267228
2010-03-31,29.5227903982703
2010-03-30,29.6289468148088
2010-03-29,29.1948989815066
2010-03-26,29.007711927492
2010-03-25,28.4737891224169
2010-03-24,28.815499717665
2010-03-23,28.6886145334001
2010-03-22,28.2350942213245
2010-03-19,27.9210094201555
2010-03-18,28.2225313317933
2010-03-17,28.1559480172781
2010-03-16,28.197405552731
2010-03-15,28.1207719265908
2010-03-12,28.4675076776513
2010-03-11,28.3293158928084
2010-03-10,28.2464008219026
2010-03-09,28.0177562324351
2010-03-08,27.5227783849067
2010-03-05,27.5064466285161
2010-03-04,26.471264531147
2010-03-03,26.2978966556167
2010-03-02,26.2375947858671
2010-03-01,26.2551828312107
2010-02-26,25.7061845586982
2010-02-25,25.3770368529813
2010-02-24,25.2081916176823
2010-02-23,24.7563044812458
2010-02-22,25.1780406828074
2010-02-19,25.3355793175284
2010-02-18,25.4936204678307
2010-02-17,25.4461327454028
2010-02-16,25.5529173064178
2010-02-12,25.1735180425762
2010-02-11,24.9586926315931
2010-02-10,24.512207537655
2010-02-09,24.6471329712198
2010-02-08,24.3870811579244
2010-02-05,24.5554238776422
2010-02-04,24.127029344629
2010-02-03,25.0290448129677
2010-02-02,24.6056754357669
2010-02-01,24.4637147840646
2010-01-29,24.1286625202681
2010-01-28,25.0365825466864
2010-01-27,26.1162372729959
2010-01-26,25.8720147005098
2010-01-25,25.5120879154415
2010-01-22,24.8431140479062
2010-01-21,26.1398555053145
2010-01-20,26.5987778598885
2010-01-19,27.015237647847
2010-01-18,25.8707584115567
2010-01-15,25.8707584115567
2010-01-14,26.3104595451479
2010-01-13,26.4637267974283
2010-01-12,26.0956341341648
2010-01-11,26.3958871939599
2010-01-08,26.630813228193
2010-01-07,26.4549327747565
2010-01-06,26.5039280439281
2010-01-05,26.9323225769413
2010-01-04,26.8858398856759
2009-12-31,26.4740283668439
2009-12-30,26.588099403787
2009-12-29,26.269002009695
2009-12-28,26.5843305369276
2009-12-24,26.2614642759763
2009-12-23,25.3895997425125
2009-12-22,25.17100546467
2009-12-21,24.9034159176559
2009-12-18,24.5516550107829
2009-12-17,24.1031598545198
2009-12-16,24.5014034526582
2009-12-15,24.39336260269
2009-12-14,24.7463797985161
2009-12-11,24.4561770503459
2009-12-10,24.6772839060947
2009-12-09,24.8493954926718
2009-12-08,23.8531583528493
2009-12-07,23.7375797691625
2009-12-04,24.286578041675
2009-12-03,24.6835653508602
2009-12-02,24.6521581270323
2009-12-01,24.745123509563
2009-11-30,25.1144724617797
2009-11-27,25.1999001105917
2009-11-25,25.6521641337141
2009-11-24,25.6835713575421
2009-11-23,25.8644769667911
2009-11-20,25.1157287507328
2009-11-19,25.1898497989668
2009-11-18,25.874527278416
2009-11-17,26.0051813295403
2009-11-16,25.9586986382749
2009-11-13,25.6848276464952
2009-11-12,25.3757805640282
2009-11-11,25.5340729721211
2009-11-10,25.5001531703869
2009-11-09,25.309197249513
2009-11-06,24.414719514893
2009-11-05,24.3757871202359
2009-11-04,23.9712495144424
2009-11-03,23.7124539901001
2009-11-02,23.7828061714747
2009-10-30,23.6810467662722
2009-10-29,24.6672335944697
2009-10-28,24.1709994579882
2009-10-27,24.7953750676877
2009-10-26,25.437338722731
2009-10-23,25.6207569098862
2009-10-22,25.779049317979
2009-10-21,25.7438732272917
2009-10-20,24.9699992321711
2009-10-19,23.8519020638962
2009-10-16,23.6245137633819
2009-10-15,23.9398422906145
2009-10-14,24.0315513841921
2009-10-13,23.8720026871461
2009-10-12,23.9712495144424
2009-10-09,23.9285356900364
2009-10-08,23.7777810156623
2009-10-07,23.9008973330678
2009-10-06,23.870746398193
2009-10-05,23.3699896214802
2009-10-02,23.2287827431497
2009-10-01,22.7212294432006
2009-09-30,23.28531574604
2009-09-29,23.2890846128994
2009-09-28,23.3860575571906
2009-09-25,22.9109416380109
2009-09-24,23.093103536213
2009-09-23,23.3041600803368
2009-09-22,23.1760186071188
2009-09-21,23.1182293152754
2009-09-18,23.2438582105872
2009-09-17,23.1848126297906
2009-09-16,22.848127190355
2009-09-15,22.0051573028129
2009-09-14,21.8242516935639
2009-09-11,21.6282706168775
2009-09-10,21.6785221750023
2009-09-09,21.5001291436595
2009-09-08,21.7250048662676
2009-09-04,21.3958571605507
2009-09-03,20.9234925141784
2009-09-02,20.7513809276013
2009-09-01,20.7662051372481
2009-08-31,21.132036480396
2009-08-28,21.3631936477697
2009-08-27,21.2878163105826
2009-08-26,21.0315333641466
2009-08-25,21.281534865817
2009-08-24,21.238821041411
2009-08-21,21.2589216646609
2009-08-20,20.8958541572098
2009-08-19,20.6785161683204
2009-08-18,20.6031388311334
2009-08-17,20.0491154028084
2009-08-14,20.9523871601001
2009-08-13,21.1584185484115
2009-08-12,20.7677126839918
2009-08-11,20.4561530236186
2009-08-10,20.6935916357578
2009-08-07,20.7928384630541
2009-08-06,20.5918322305553
2009-08-05,20.7425869049294
2009-08-04,20.7978636188666
2009-08-03,20.908417046741
2009-07-31,20.5265052049932
2009-07-30,20.4511278678061
2009-07-29,20.1043921167456
2009-07-28,20.1006232498862
2009-07-27,20.1131861394174
2009-07-24,20.0988644453518
2009-07-23,19.8267522581065
2009-07-22,19.6910730511698
2009-07-21,19.0340339286891
2009-07-20,19.2097887532303
2009-07-17,19.0641848635639
2009-07-16,18.5327746363951
2009-07-15,18.4523721433955
2009-07-14,17.8732229360082
2009-07-13,17.88201695868
2009-07-10,17.402114578589
2009-07-09,17.1307561647155
2009-07-08,17.2387970146836
2009-07-07,17.0101524252162
2009-07-06,17.413421179167
2009-07-03,17.5905579215567
2009-07-02,17.5905579215567
2009-07-01,17.9435751173828
2009-06-30,17.8933235592581
2009-06-29,17.8355342674146
2009-06-26,17.8945798482112
2009-06-25,17.5704572983068
2009-06-24,17.1131681193719
2009-06-23,16.8355282607328
2009-06-22,17.2576413489804
2009-06-19,17.5227183180883
2009-06-18,17.0704542949659
2009-06-17,17.0327656263723
2009-06-16,17.1294998757624
2009-06-15,17.0968363629813
2009-06-12,17.2073897908557
2009-06-11,17.5817638988848
2009-06-10,17.6194525674784
2009-06-09,17.9297559388985
2009-06-08,18.0717165906008
2009-06-05,18.1747322847565
2009-06-04,18.0578974121165
2009-06-03,17.7073927941966
2009-06-02,17.5239746070414
2009-06-01,17.5063865616978
2009-05-29,17.061660272294
2009-05-28,16.9686948897633
2009-05-27,16.7149245212335
2009-05-26,16.4297469288757
2009-05-22,15.3895396756941
2009-05-21,15.6005962198179
2009-05-20,15.8129090528948
2009-05-19,16.0114027074875
2009-05-18,15.910899591238
2009-05-15,15.3794893640692
2009-05-14,15.4460726785844
2009-05-13,15.0113967008056
2009-05-12,15.6307471546928
2009-05-11,16.2777359655485
2009-05-08,16.22999698533
2009-05-07,16.2136652289395
2009-05-06,16.645828628812
2009-05-05,16.6722106968275
2009-05-04,16.5918082038279
2009-05-01,15.985020639472
2009-04-30,15.8078838970824
2009-04-29,15.7211999593172
2009-04-28,15.5656713869212
2009-04-27,15.6696921122394
2009-04-24,15.5654201291306
2009-04-23,15.7538634720983
2009-04-22,15.2651670693354
2009-04-21,15.2965742931634
2009-04-20,15.1382818850705
2009-04-17,15.505118259381
2009-04-16,15.2576293356167
2009-04-15,14.7789832444788
2009-04-14,14.8631546043377
2009-04-13,15.1031057943832
2009-04-09,15.0214470124306
2009-04-08,14.6131531026673
2009-04-07,14.4473229608557
2009-04-06,14.8807426496814
2009-04-03,14.5716955672144
2009-04-02,14.1596327905917
2009-04-01,13.6546046314383
2009-03-31,13.2061094751752
2009-03-30,13.1269632711288
2009-03-27,13.4234474640646
2009-03-26,13.8028467279062
2009-03-25,13.3782210617524
2009-03-24,13.4209348861584
2009-03-23,13.5252068692672
2009-03-20,12.7626394747246
2009-03-19,12.766408341584
2009-03-18,12.7538454520528
2009-03-17,12.5201757067729
2009-03-16,11.9875091906509
2009-03-13,12.0515799272599
2009-03-12,12.1043440632908
2009-03-11,11.6432860174966
2009-03-10,11.1341749192456
2009-03-09,10.4410174893628
2009-03-06,10.7161447700956
2009-03-05,11.1608710594993
2009-03-04,11.4535863855758
2009-03-03,11.1018254787028
2009-03-02,11.0478050537187
2009-02-27,11.2199166402959
2009-02-26,11.2048411728584
2009-02-25,11.4523300966227
2009-02-24,11.3380078018889
2009-02-23,10.92343244736
2009-02-20,11.4573552524351
2009-02-19,11.3870030710605
2009-02-18,11.8555988505735
2009-02-17,11.8756994738234
2009-02-13,12.457361259117
2009-02-12,12.4711804376013
2009-02-11,12.1633896440874
2009-02-10,12.2902748283523
2009-02-09,12.8782180584115
2009-02-06,12.5277134404916
2009-02-05,12.1181632417751
2009-02-04,11.7525831564178
2009-02-03,11.6809746860901
2009-02-02,11.4963002099818
2009-01-30,11.3229323344515
2009-01-29,11.6834872639964
2009-01-28,11.8342419383705
2009-01-27,11.3983096716386
2009-01-26,11.2613741757487
2009-01-23,11.1005691897497
2009-01-22,11.1005691897497
2009-01-21,10.4058413986755
2009-01-20,9.82417961338188
2009-01-19,10.3430269510196
2009-01-16,10.3430269510196
2009-01-15,10.4749372910969
2009-01-14,10.7199136369549
2009-01-13,11.018910407797
2009-01-12,11.1382578583432
2009-01-09,11.3794653373418
2009-01-08,11.6457985954028
2009-01-07,11.4334857623259
2009-01-06,11.6859998419026
2009-01-05,11.881980918589
2009-01-02,11.4008222495448
2008-12-31,10.7224262148612
2008-12-30,10.8405173764542
2008-12-29,10.880718622954
2008-12-26,10.7802155067046
2008-12-24,10.6834812573145
2008-12-23,10.8518239770323
2008-12-22,10.7714214840328
2008-12-19,11.306600578061
2008-12-18,11.2349921077333
2008-12-17,11.2010723059991
2008-12-16,11.988765479604
2008-12-15,11.903337830792
2008-12-12,12.3455515422895
2008-12-11,11.9347450546199
2008-12-10,12.3380138085708
2008-12-09,12.5704272648976
2008-12-08,12.5277134404916
2008-12-05,11.8091161593081
2008-12-04,11.4837373204506
2008-12-03,12.0478110604005
2008-12-02,11.6169039494811
2008-12-01,11.1721776600774
2008-11-28,11.6420297285435
2008-11-26,11.9347450546199
2008-11-25,11.4071036943104
2008-11-24,11.6772058192308
2008-11-21,10.3744341748475
2008-11-20,10.1118697836459
2008-11-19,10.8405173764542
2008-11-18,11.2952939774829
2008-11-17,11.0729308327811
2008-11-14,11.3367515129358
2008-11-13,12.1156506638689
2008-11-12,11.3216760454984
2008-11-11,11.9058504086982
2008-11-10,12.0452984824943
2008-11-07,12.3417826754301
2008-11-06,12.4498235253983
2008-11-05,12.9774648857078
2008-11-04,13.9435510906554
2008-11-03,13.4372666425489
2008-10-31,13.5164128465953
2008-10-30,13.949832535421
2008-10-29,13.1345010048475
2008-10-28,12.5515829306008
2008-10-27,11.5691649692626
2008-10-24,12.1081129301502
2008-10-23,12.340526386477
2008-10-22,12.169671088853
2008-10-21,11.4937876320756
2008-10-20,12.3669084544925
2008-10-17,12.2362544033682
2008-10-16,12.8003281433182
2008-10-15,12.3053502957897
2008-10-14,13.075455424051
2008-10-13,13.8518419970778
2008-10-10,12.1608770661811
2008-10-09,11.1483081699681
2008-10-08,11.2802185100455
2008-10-07,11.2010723059991
2008-10-06,12.3292197858989
2008-10-03,12.1947968679153
2008-10-02,12.5754524207101
2008-10-01,13.7086250564224
2008-09-30,14.2789802411379
2008-09-29,13.2236975205189
2008-09-26,16.1106495347838
2008-09-25,16.5742201584843
2008-09-24,16.1696951155803
2008-09-23,15.9347690813473
2008-09-22,16.4636667306099
2008-09-19,17.7023676383841
2008-09-18,16.8455785723578
2008-09-17,16.059141687706
2008-09-16,17.572969876213
2008-09-15,17.6332717459627
2008-09-12,18.7111676677378
2008-09-11,19.1772508693446
2008-09-10,19.0465968182203
2008-09-09,19.0553908408921
2008-09-08,19.8393151476377
2008-09-05,20.1232364510423
2008-09-04,20.2538905021666
2008-09-03,20.9750003612562
2008-09-02,20.8782661118662
2008-08-29,21.2978666222075
2008-08-28,21.8267642714702
2008-08-27,21.9435991441101
2008-08-26,21.814201381939
2008-08-25,21.6772658860491
2008-08-22,22.2099324021711
2008-08-21,21.8958601638917
2008-08-20,22.0905849516249
2008-08-19,21.8003822034547
2008-08-18,22.0340519487346
2008-08-15,22.0780220620938
2008-08-14,22.52777350731
2008-08-13,22.5252609294037
2008-08-12,22.2023946684524
2008-08-11,21.8041510703141
2008-08-08,21.3003792001138
2008-08-07,20.5491184061493
2008-08-06,20.6270083212426
2008-08-05,20.1810257428857
2008-08-04,19.2501156286254
2008-08-01,19.6810227395448
2008-07-31,19.9687129098088
2008-07-30,20.0855477824488
2008-07-29,19.7337868755758
2008-07-28,19.3971014361402
2008-07-25,20.3669565079472
2008-07-24,19.9787632214338
2008-07-23,20.887060134538
2008-07-22,20.354393618416
2008-07-21,20.8908290013973
2008-07-18,20.7476120607419
2008-07-17,21.5843005035184
2008-07-16,21.7099293988302
2008-07-15,21.3116858006918
2008-07-14,21.8443523168138
2008-07-11,21.6810347529085
2008-07-10,22.1898317789212
2008-07-09,21.8908350080792
2008-07-08,22.5566681532317
2008-07-07,22.0051573028129
2008-07-03,21.3719876704415
2008-07-02,21.1282676135366
2008-07-01,21.9448554330633
2008-06-30,21.0353022310059
2008-06-27,21.3682188035821
2008-06-26,21.1383179251616
2008-06-25,22.2853097393582
2008-06-24,21.7652061127674
2008-06-23,21.7538995121893
2008-06-20,22.0189764812972
2008-06-19,22.7262671619026
2008-06-18,22.4561650369822
2008-06-17,22.7928504764178
2008-06-16,22.2162138469367
2008-06-13,21.654652684893
2008-06-12,21.7664624017205
2008-06-11,22.7149605613245
2008-06-10,23.3217481256805
2008-06-09,22.815463677574
2008-06-06,23.3217481256805
2008-06-05,23.7978816389121
2008-06-04,23.2652151227902
2008-06-03,23.2878283239463
2008-06-02,23.3795374175239
2008-05-30,23.7124539901001
2008-05-29,23.4536584657578
2008-05-28,23.4938597122576
2008-05-27,23.4209949529768
2008-05-23,22.7601869636368
2008-05-22,22.2425959149522
2008-05-21,22.3858128556076
2008-05-20,23.3544116384615
2008-05-19,23.0654651792444
2008-05-16,23.5705059012873
2008-05-15,23.8355703075057
2008-05-14,23.3996380407738
2008-05-13,23.8644649534274
2008-05-12,23.6383329418662
2008-05-09,23.0466208449476
2008-05-08,23.2488833663996
2008-05-07,22.9385799949795
2008-05-06,23.4498895988985
2008-05-05,23.2074258309467
2008-05-02,22.7312923177151
2008-05-01,22.613201156122
2008-04-30,21.8531463394856
2008-04-29,21.9913381243286
2008-04-28,21.6383209285025
2008-04-25,21.3229924012699
2008-04-24,21.2237455739736
2008-04-23,20.4636907573373
2008-04-22,20.1257490289486
2008-04-21,21.1257550356304
2008-04-18,20.2312773010105
2008-04-17,19.4084080367182
2008-04-16,19.3091612094219
2008-04-15,18.6408154863632
2008-04-14,18.5654381491761
2008-04-11,18.4850356561766
2008-04-10,19.4159457704369
2008-04-09,19.0252399060173
2008-04-08,19.2011203594538
2008-04-07,19.5842884901547
2008-04-04,19.2312712943286
2008-04-03,19.0465968182203
2008-04-02,18.5290057695357
2008-04-01,18.7853012788613
2008-03-31,18.0277464772417
2008-03-28,17.9661883185389
2008-03-27,17.6194525674784
2008-03-26,18.2237275539281
2008-03-25,17.711161661056
2008-03-24,17.5289997628539
2008-03-20,16.7425628782021
2008-03-19,16.2902988550796
2008-03-18,16.6860298753118
2008-03-17,15.920949902863
2008-03-14,15.9058744354256
2008-03-13,16.0729608661903
2008-03-12,15.8330096761447
2008-03-11,15.9988523808458
2008-03-10,15.036522479868
2008-03-07,15.3581324518662
2008-03-06,15.1923023100546
2008-03-05,15.639528614475
2008-03-04,15.6558729337551
2008-03-03,15.292805426304
2008-02-29,15.7061244918798
2008-02-28,16.3204497899545
2008-02-27,15.4473289675375
2008-02-26,14.9686828763996
2008-02-25,15.0428039246336
2008-02-22,15.0076278339463
2008-02-21,15.2689359361948
2008-02-20,15.5553698175057
2008-02-19,15.3493384291943
2008-02-15,15.6571292227082
2008-02-14,16.0126589964406
2008-02-13,16.2563790533455
2008-02-12,15.6860238686299
2008-02-11,16.262660498111
2008-02-08,15.7639137837233
2008-02-07,15.2312472676013
2008-02-06,15.3267252280382
2008-02-05,16.251353897533
2008-02-04,16.539044067797
2008-02-01,16.8028647479517
2008-01-31,17.0051272694037
2008-01-30,16.6056273823122
2008-01-29,16.5252248893127
2008-01-28,16.3330126794857
2008-01-25,16.3330126794857
2008-01-24,17.0352782042786
2008-01-23,17.4714617288011
2008-01-22,19.5528812663268
2008-01-18,20.2714785475102
2008-01-17,20.2124329667137
2008-01-16,20.0553968475739
2008-01-15,21.2363084635048
2008-01-14,22.4599339038416
2008-01-11,21.6948539313928
2008-01-10,22.3644559434046
2008-01-09,22.5378238189349
2008-01-08,21.5139483221438
2008-01-07,22.3167169631861
2008-01-04,22.6194826008876
2008-01-03,24.488840563127
2008-01-02,24.4775339625489
