Date,AdjustedVolume
2019-03-29,23563961.0
2019-03-28,20780363.0
2019-03-27,29848427.0
2019-03-26,49800538.0
2019-03-25,43845293.0
2019-03-22,42407666.0
2019-03-21,51034237.0
2019-03-20,31035231.0
2019-03-19,31646369.0
2019-03-18,26219832.0
2019-03-15,39042912.0
2019-03-14,23579508.0
2019-03-13,31032524.0
2019-03-12,32467584.0
2019-03-11,32011034.0
2019-03-08,23999358.0
2019-03-07,24796374.0
2019-03-06,20810384.0
2019-03-05,19737419.0
2019-03-04,27436203.0
2019-03-01,25886167.0
2019-02-28,28215416.0
2019-02-27,27835389.0
2019-02-26,17070211.0
2019-02-25,21873358.0
2019-02-22,18913154.0
2019-02-21,17249670.0
2019-02-20,26114362.0
2019-02-19,18972826.0
2019-02-15,24626814.0
2019-02-14,21835747.0
2019-02-13,22490233.0
2019-02-12,22283523.0
2019-02-11,20993425.0
2019-02-08,23819966.0
2019-02-07,31741690.0
2019-02-06,28239591.0
2019-02-05,36101628.0
2019-02-04,31495582.0
2019-02-01,32668138.0
2019-01-31,40739649.0
2019-01-30,61109780.0
2019-01-29,41587239.0
2019-01-28,26192058.0
2019-01-25,33547893.0
2019-01-24,25441549.0
2019-01-23,23130570.0
2019-01-22,30393970.0
2019-01-18,33751023.0
2019-01-17,29821160.0
2019-01-16,30569706.0
2019-01-15,28710324.0
2019-01-14,32439186.0
2019-01-11,27023241.0
2019-01-10,35780670.0
2019-01-09,45099081.0
2019-01-08,41025314.0
2019-01-07,54777764.0
2019-01-04,58607070.0
2019-01-03,91312195.0
2019-01-02,37039737.0
2018-12-31,35003466.0
2018-12-28,42291424.0
2018-12-27,53117065.0
2018-12-26,58582544.0
2018-12-24,37169232.0
2018-12-21,95744384.0
2018-12-20,64772960.0
2018-12-19,49047297.0
2018-12-18,33841518.0
2018-12-17,44287922.0
2018-12-14,40703710.0
2018-12-13,31897827.0
2018-12-12,35627674.0
2018-12-11,47281665.0
2018-12-10,62025994.0
2018-12-07,42281631.0
2018-12-06,43098410.0
2018-12-04,41344282.0
2018-12-03,40798002.0
2018-11-30,39531549.0
2018-11-29,41769992.0
2018-11-28,46062539.0
2018-11-27,41387377.0
2018-11-26,44998520.0
2018-11-23,23623972.0
2018-11-21,31124210.0
2018-11-20,67825247.0
2018-11-19,41920872.0
2018-11-16,36928253.0
2018-11-15,46478801.0
2018-11-14,60800957.0
2018-11-13,46882936.0
2018-11-12,51135518.0
2018-11-09,34365750.0
2018-11-08,25362636.0
2018-11-07,33424434.0
2018-11-06,31882881.0
2018-11-05,66163669.0
2018-11-02,91328654.0
2018-11-01,58323180.0
2018-10-31,38358933.0
2018-10-30,36659990.0
2018-10-29,45935520.0
2018-10-26,47258375.0
2018-10-25,29855768.0
2018-10-24,40925163.0
2018-10-23,38767846.0
2018-10-22,28792082.0
2018-10-19,33078726.0
2018-10-18,32581315.0
2018-10-17,22885397.0
2018-10-16,29183963.0
2018-10-15,30791007.0
2018-10-12,40337851.0
2018-10-11,53124392.0
2018-10-10,41990554.0
2018-10-09,26891029.0
2018-10-08,29663923.0
2018-10-05,33580463.0
2018-10-04,32042000.0
2018-10-03,28654799.0
2018-10-02,24788170.0
2018-10-01,23600802.0
2018-09-28,22929364.0
2018-09-27,30181227.0
2018-09-26,23984706.0
2018-09-25,24554379.0
2018-09-24,27693358.0
2018-09-21,96246748.0
2018-09-20,26608794.0
2018-09-19,27123833.0
2018-09-18,31571712.0
2018-09-17,37195133.0
2018-09-14,31999289.0
2018-09-13,41706377.0
2018-09-12,49278740.0
2018-09-11,35749049.0
2018-09-10,39516453.0
2018-09-07,37619810.0
2018-09-06,34289976.0
2018-09-05,33332960.0
2018-09-04,27390132.0
2018-08-31,43340134.0
2018-08-30,48793824.0
2018-08-29,27254804.0
2018-08-28,22776766.0
2018-08-27,20525117.0
2018-08-24,18476356.0
2018-08-23,18883224.0
2018-08-22,19018131.0
2018-08-21,26159755.0
2018-08-20,30287695.0
2018-08-17,35426997.0
2018-08-16,28500367.0
2018-08-15,28807564.0
2018-08-14,20748010.0
2018-08-13,25890880.0
2018-08-10,24611202.0
2018-08-09,23492626.0
2018-08-08,22525487.0
2018-08-07,25587387.0
2018-08-06,25425387.0
2018-08-03,33447396.0
2018-08-02,62404012.0
2018-08-01,67935716.0
2018-07-31,39373038.0
2018-07-30,21029535.0
2018-07-27,24023972.0
2018-07-26,19075964.0
2018-07-25,16826483.0
2018-07-24,18697898.0
2018-07-23,15989365.0
2018-07-20,20706042.0
2018-07-19,20286752.0
2018-07-18,16393381.0
2018-07-17,15534523.0
2018-07-16,15043110.0
2018-07-13,12519792.0
2018-07-12,18041131.0
2018-07-11,18831470.0
2018-07-10,15939149.0
2018-07-09,19756634.0
2018-07-06,17485245.0
2018-07-05,16604248.0
2018-07-03,13954806.0
2018-07-02,17731343.0
2018-06-29,22737666.0
2018-06-28,17365235.0
2018-06-27,25285328.0
2018-06-26,24569201.0
2018-06-25,31663096.0
2018-06-22,27200447.0
2018-06-21,25711898.0
2018-06-20,20628701.0
2018-06-19,33578455.0
2018-06-18,18484865.0
2018-06-15,61719160.0
2018-06-14,21610074.0
2018-06-13,21638393.0
2018-06-12,16911141.0
2018-06-11,18308460.0
2018-06-08,26656799.0
2018-06-07,21347180.0
2018-06-06,20933619.0
2018-06-05,21565963.0
2018-06-04,26266174.0
2018-06-01,23442510.0
2018-05-31,27482793.0
2018-05-30,18690547.0
2018-05-29,22514075.0
2018-05-25,17460963.0
2018-05-24,23233975.0
2018-05-23,20058415.0
2018-05-22,15240704.0
2018-05-21,18400787.0
2018-05-18,18297728.0
2018-05-17,17294029.0
2018-05-16,19183064.0
2018-05-15,23695159.0
2018-05-14,20778772.0
2018-05-11,26212221.0
2018-05-10,27989289.0
2018-05-09,23211241.0
2018-05-08,28402777.0
2018-05-07,42451423.0
2018-05-04,56201317.0
2018-05-03,34068180.0
2018-05-02,66539371.0
2018-05-01,53569376.0
2018-04-30,42427424.0
2018-04-27,35655839.0
2018-04-26,27963014.0
2018-04-25,28382084.0
2018-04-24,33692017.0
2018-04-23,36515477.0
2018-04-20,65491140.0
2018-04-19,34808800.0
2018-04-18,20754538.0
2018-04-17,26605442.0
2018-04-16,21578420.0
2018-04-13,25124255.0
2018-04-12,22889285.0
2018-04-11,22431640.0
2018-04-10,28614241.0
2018-04-09,29017718.0
2018-04-06,35005290.0
2018-04-05,26933197.0
2018-04-04,34605489.0
2018-04-03,30278046.0
2018-04-02,37586791.0
2018-03-29,38398505.0
2018-03-28,41668545.0
2018-03-27,40922579.0
2018-03-26,37541236.0
2018-03-23,41028784.0
2018-03-22,41490767.0
2018-03-21,37054935.0
2018-03-20,19649350.0
2018-03-19,33446771.0
2018-03-16,39404688.0
2018-03-15,22743798.0
2018-03-14,29368356.0
2018-03-13,31693529.0
2018-03-12,32207081.0
2018-03-09,32185162.0
2018-03-08,23774107.0
2018-03-07,31703462.0
2018-03-06,23788506.0
2018-03-05,28401366.0
2018-03-02,38453950.0
2018-03-01,48801970.0
2018-02-28,37782138.0
2018-02-27,38928125.0
2018-02-26,38162174.0
2018-02-23,33812360.0
2018-02-22,30991940.0
2018-02-21,37471623.0
2018-02-20,33930540.0
2018-02-16,40176091.0
2018-02-15,51147171.0
2018-02-14,40644933.0
2018-02-13,32549163.0
2018-02-12,60819539.0
2018-02-09,70672608.0
2018-02-08,54390516.0
2018-02-07,51608580.0
2018-02-06,68243838.0
2018-02-05,72738522.0
2018-02-02,86593825.0
2018-02-01,47230787.0
2018-01-31,32478930.0
2018-01-30,46048185.0
2018-01-29,50640406.0
2018-01-26,39143011.0
2018-01-25,41529004.0
2018-01-24,51105090.0
2018-01-23,32689146.0
2018-01-22,27108551.0
2018-01-19,32425067.0
2018-01-18,31193352.0
2018-01-17,34386836.0
2018-01-16,29565947.0
2018-01-12,25418080.0
2018-01-11,18667729.0
2018-01-10,23959895.0
2018-01-09,21583997.0
2018-01-08,20567766.0
2018-01-05,23660018.0
2018-01-04,22434597.0
2018-01-03,29517899.0
2018-01-02,25555934.0
2017-12-29,25999922.0
2017-12-28,16480187.0
2017-12-27,21498213.0
2017-12-26,33185536.0
2017-12-22,16349444.0
2017-12-21,20949896.0
2017-12-20,23475649.0
2017-12-19,27436447.0
2017-12-18,29421114.0
2017-12-15,40169307.0
2017-12-14,20476541.0
2017-12-13,23818447.0
2017-12-12,19409230.0
2017-12-11,35273759.0
2017-12-08,23355231.0
2017-12-07,25673308.0
2017-12-06,28560000.0
2017-12-05,27350154.0
2017-12-04,32542385.0
2017-12-01,39759288.0
2017-11-30,41527218.0
2017-11-29,41666364.0
2017-11-28,26428802.0
2017-11-27,20716802.0
2017-11-24,14026673.0
2017-11-22,25588925.0
2017-11-21,25131295.0
2017-11-20,16262447.0
2017-11-17,21899544.0
2017-11-16,23637484.0
2017-11-15,29158070.0
2017-11-14,24782487.0
2017-11-13,16982080.0
2017-11-10,25145500.0
2017-11-09,29482596.0
2017-11-08,24409527.0
2017-11-07,24361485.0
2017-11-06,35026306.0
2017-11-03,59398631.0
2017-11-02,41393373.0
2017-11-01,33637762.0
2017-10-31,36046828.0
2017-10-30,44700772.0
2017-10-27,44454160.0
2017-10-26,17000469.0
2017-10-25,21207098.0
2017-10-24,17757230.0
2017-10-23,21984327.0
2017-10-20,23974146.0
2017-10-19,42584166.0
2017-10-18,16374164.0
2017-10-17,18997275.0
2017-10-16,24121452.0
2017-10-13,16394188.0
2017-10-12,16125054.0
2017-10-11,16905640.0
2017-10-10,15617014.0
2017-10-09,16262923.0
2017-10-06,17407558.0
2017-10-05,21283769.0
2017-10-04,20163750.0
2017-10-03,16230293.0
2017-10-02,18698842.0
2017-09-29,26299810.0
2017-09-28,22005455.0
2017-09-27,25504227.0
2017-09-26,36660045.0
2017-09-25,44387336.0
2017-09-22,46645443.0
2017-09-21,37334510.0
2017-09-20,52125209.0
2017-09-19,20564400.0
2017-09-18,28157282.0
2017-09-15,48760947.0
2017-09-14,23334975.0
2017-09-13,44860475.0
2017-09-12,71572415.0
2017-09-11,31580798.0
2017-09-08,28611535.0
2017-09-07,21928502.0
2017-09-06,21651726.0
2017-09-05,29536314.0
2017-09-01,16591051.0
2017-08-31,26785096.0
2017-08-30,27269584.0
2017-08-29,29516910.0
2017-08-28,25965972.0
2017-08-25,25480063.0
2017-08-24,19818918.0
2017-08-23,19399081.0
2017-08-22,21604585.0
2017-08-21,26368528.0
2017-08-18,27428069.0
2017-08-17,27940565.0
2017-08-16,27671612.0
2017-08-15,29465487.0
2017-08-14,22122734.0
2017-08-11,26257096.0
2017-08-10,40804273.0
2017-08-09,26131530.0
2017-08-08,36205896.0
2017-08-07,21870321.0
2017-08-04,20559852.0
2017-08-03,27097296.0
2017-08-02,69936800.0
2017-08-01,35368645.0
2017-07-31,19845920.0
2017-07-28,17213653.0
2017-07-27,32476337.0
2017-07-26,15780951.0
2017-07-25,18853932.0
2017-07-24,21493160.0
2017-07-21,26252630.0
2017-07-20,17243748.0
2017-07-19,20922969.0
2017-07-18,17868792.0
2017-07-17,23793456.0
2017-07-14,20132061.0
2017-07-13,25199373.0
2017-07-12,24884478.0
2017-07-11,19781836.0
2017-07-10,21090636.0
2017-07-07,19201712.0
2017-07-06,24128782.0
2017-07-05,21569557.0
2017-07-03,14277848.0
2017-06-30,23024107.0
2017-06-29,31499368.0
2017-06-28,22082432.0
2017-06-27,24761891.0
2017-06-26,25692361.0
2017-06-23,35439389.0
2017-06-22,19106294.0
2017-06-21,21265751.0
2017-06-20,24900073.0
2017-06-19,32541404.0
2017-06-16,50361093.0
2017-06-15,32165373.0
2017-06-14,31531232.0
2017-06-13,34165445.0
2017-06-12,72307330.0
2017-06-09,64882657.0
2017-06-08,21250798.0
2017-06-07,21069647.0
2017-06-06,26624926.0
2017-06-05,25331662.0
2017-06-02,27770715.0
2017-06-01,16404088.0
2017-05-31,24451164.0
2017-05-30,20126851.0
2017-05-26,21927637.0
2017-05-25,19235598.0
2017-05-24,19219154.0
2017-05-23,19918871.0
2017-05-22,22966437.0
2017-05-19,26960788.0
2017-05-18,33568215.0
2017-05-17,50767678.0
2017-05-16,20048478.0
2017-05-15,26009719.0
2017-05-12,32527017.0
2017-05-11,27255058.0
2017-05-10,25805692.0
2017-05-09,39130363.0
2017-05-08,48752413.0
2017-05-05,27327725.0
2017-05-04,23371872.0
2017-05-03,45697034.0
2017-05-02,45352194.0
2017-05-01,33602943.0
2017-04-28,20860358.0
2017-04-27,14246347.0
2017-04-26,20041241.0
2017-04-25,18871501.0
2017-04-24,17134333.0
2017-04-21,17320928.0
2017-04-20,23319562.0
2017-04-19,17328375.0
2017-04-18,14697544.0
2017-04-17,16582094.0
2017-04-13,17822880.0
2017-04-12,20350000.0
2017-04-11,30379376.0
2017-04-10,18933397.0
2017-04-07,16672198.0
2017-04-06,21149034.0
2017-04-05,27717854.0
2017-04-04,19891354.0
2017-04-03,19985714.0
2017-03-31,19661651.0
2017-03-30,21207252.0
2017-03-29,29189955.0
2017-03-28,33374805.0
2017-03-27,23575094.0
2017-03-24,22395563.0
2017-03-23,20346301.0
2017-03-22,25860165.0
2017-03-21,39529912.0
2017-03-20,21542038.0
2017-03-17,43884952.0
2017-03-16,19231998.0
2017-03-15,25691774.0
2017-03-14,15309065.0
2017-03-13,17421717.0
2017-03-10,19612801.0
2017-03-09,22155904.0
2017-03-08,18707236.0
2017-03-07,17446297.0
2017-03-06,21750044.0
2017-03-03,21571121.0
2017-03-02,26210984.0
2017-03-01,36414585.0
2017-02-28,23482860.0
2017-02-27,20257426.0
2017-02-24,21776585.0
2017-02-23,20788186.0
2017-02-22,20836932.0
2017-02-21,24507156.0
2017-02-17,22198197.0
2017-02-16,22584555.0
2017-02-15,35623100.0
2017-02-14,33226223.0
2017-02-13,23035421.0
2017-02-10,20065458.0
2017-02-09,28349859.0
2017-02-08,23004072.0
2017-02-07,38183841.0
2017-02-06,26845924.0
2017-02-03,24507301.0
2017-02-02,33710411.0
2017-02-01,111985040.0
2017-01-31,49200993.0
2017-01-30,30377503.0
2017-01-27,20562944.0
2017-01-26,26337576.0
2017-01-25,32586673.0
2017-01-24,23211038.0
2017-01-23,22050218.0
2017-01-20,32597892.0
2017-01-19,25597291.0
2017-01-18,23712961.0
2017-01-17,34439843.0
2017-01-13,26111948.0
2017-01-12,27086220.0
2017-01-11,27588593.0
2017-01-10,24462051.0
2017-01-09,33561948.0
2017-01-06,31751900.0
2017-01-05,22193587.0
2017-01-04,21118116.0
2017-01-03,28781865.0
2016-12-30,30586265.0
2016-12-29,15039519.0
2016-12-28,20905892.0
2016-12-27,18296855.0
2016-12-23,14249484.0
2016-12-22,26085854.0
2016-12-21,23783165.0
2016-12-20,21424965.0
2016-12-19,27779423.0
2016-12-16,44351134.0
2016-12-15,46524544.0
2016-12-14,34031834.0
2016-12-13,43733811.0
2016-12-12,26374377.0
2016-12-09,34402627.0
2016-12-08,27068316.0
2016-12-07,29998719.0
2016-12-06,26195462.0
2016-12-05,34324540.0
2016-12-02,26527997.0
2016-12-01,37086862.0
2016-11-30,36162258.0
2016-11-29,28528750.0
2016-11-28,27193983.0
2016-11-25,11475922.0
2016-11-23,27426394.0
2016-11-22,25965534.0
2016-11-21,29264571.0
2016-11-18,28428917.0
2016-11-17,27632003.0
2016-11-16,58840522.0
2016-11-15,32264510.0
2016-11-14,51175504.0
2016-11-11,34143898.0
2016-11-10,57134541.0
2016-11-09,59176361.0
2016-11-08,24254179.0
2016-11-07,32560000.0
2016-11-04,30836997.0
2016-11-03,26932602.0
2016-11-02,28331709.0
2016-11-01,43825812.0
2016-10-31,26419398.0
2016-10-28,37861662.0
2016-10-27,34562045.0
2016-10-26,66134219.0
2016-10-25,48128970.0
2016-10-24,23538673.0
2016-10-21,23192665.0
2016-10-20,24125801.0
2016-10-19,20034594.0
2016-10-18,24553478.0
2016-10-17,23624896.0
2016-10-14,35652191.0
2016-10-13,35192406.0
2016-10-12,37586787.0
2016-10-11,64041043.0
2016-10-10,36235956.0
2016-10-07,24358443.0
2016-10-06,28779313.0
2016-10-05,21453089.0
2016-10-04,29736835.0
2016-10-03,21701760.0
2016-09-30,36379106.0
2016-09-29,35886990.0
2016-09-28,29641085.0
2016-09-27,24607412.0
2016-09-26,29869442.0
2016-09-23,52481151.0
2016-09-22,31073984.0
2016-09-21,36003185.0
2016-09-20,34514269.0
2016-09-19,47023046.0
2016-09-16,79886911.0
2016-09-15,90613177.0
2016-09-14,112340318.0
2016-09-13,62176190.0
2016-09-12,45292770.0
2016-09-09,46556984.0
2016-09-08,53002026.0
2016-09-07,42364328.0
2016-09-06,26880391.0
2016-09-02,26802450.0
2016-09-01,26701523.0
2016-08-31,29662406.0
2016-08-30,24863945.0
2016-08-29,24970300.0
2016-08-26,27766291.0
2016-08-25,25086248.0
2016-08-24,23675081.0
2016-08-23,21257669.0
2016-08-22,25820230.0
2016-08-19,25368072.0
2016-08-18,21984703.0
2016-08-17,25355976.0
2016-08-16,33794448.0
2016-08-15,25868209.0
2016-08-12,18660434.0
2016-08-11,27484506.0
2016-08-10,24008505.0
2016-08-09,26315204.0
2016-08-08,28037220.0
2016-08-05,40553402.0
2016-08-04,27408650.0
2016-08-03,30202641.0
2016-08-02,33816556.0
2016-08-01,38167871.0
2016-07-29,27733688.0
2016-07-28,39869839.0
2016-07-27,92344820.0
2016-07-26,56239822.0
2016-07-25,40382921.0
2016-07-22,28313669.0
2016-07-21,32702028.0
2016-07-20,26275968.0
2016-07-19,23779924.0
2016-07-18,36493867.0
2016-07-15,30136990.0
2016-07-14,38918997.0
2016-07-13,25892171.0
2016-07-12,24167463.0
2016-07-11,23794945.0
2016-07-08,28912103.0
2016-07-07,25139558.0
2016-07-06,30949090.0
2016-07-05,27705210.0
2016-07-01,26026540.0
2016-06-30,35836356.0
2016-06-29,36531006.0
2016-06-28,40444914.0
2016-06-27,46622188.0
2016-06-24,75311356.0
2016-06-23,32240187.0
2016-06-22,29219122.0
2016-06-21,35546358.0
2016-06-20,34411901.0
2016-06-17,61008219.0
2016-06-16,31326815.0
2016-06-15,29445227.0
2016-06-14,31931944.0
2016-06-13,38020494.0
2016-06-10,31712936.0
2016-06-09,26601354.0
2016-06-08,20848131.0
2016-06-07,22409450.0
2016-06-06,23292504.0
2016-06-03,28504888.0
2016-06-02,40191600.0
2016-06-01,29173285.0
2016-05-31,42307212.0
2016-05-27,36341240.0
2016-05-26,56331159.0
2016-05-25,38642108.0
2016-05-24,35140174.0
2016-05-23,38018643.0
2016-05-20,32025968.0
2016-05-19,30442100.0
2016-05-18,42062391.0
2016-05-17,46916939.0
2016-05-16,61259756.0
2016-05-13,44392765.0
2016-05-12,76314690.0
2016-05-11,28719109.0
2016-05-10,33686836.0
2016-05-09,32936436.0
2016-05-06,43699886.0
2016-05-05,35890500.0
2016-05-04,41025475.0
2016-05-03,56831277.0
2016-05-02,48160104.0
2016-04-29,68531478.0
2016-04-28,82242690.0
2016-04-27,114602142.0
2016-04-26,56016165.0
2016-04-25,28031588.0
2016-04-22,33683121.0
2016-04-21,31552525.0
2016-04-20,30611030.0
2016-04-19,32384879.0
2016-04-18,60821461.0
2016-04-15,46938969.0
2016-04-14,25473923.0
2016-04-13,33257316.0
2016-04-12,27232325.0
2016-04-11,29407518.0
2016-04-08,23581740.0
2016-04-07,31801870.0
2016-04-06,26404077.0
2016-04-05,26578652.0
2016-04-04,37356204.0
2016-04-01,25873950.0
2016-03-31,25888449.0
2016-03-30,45601149.0
2016-03-29,31190083.0
2016-03-28,19411372.0
2016-03-24,26132955.0
2016-03-23,25703495.0
2016-03-22,32444375.0
2016-03-21,35502678.0
2016-03-18,44205171.0
2016-03-17,34420705.0
2016-03-16,38303493.0
2016-03-15,40067734.0
2016-03-14,25076062.0
2016-03-11,27408237.0
2016-03-10,33513577.0
2016-03-09,27201683.0
2016-03-08,31561889.0
2016-03-07,35915810.0
2016-03-04,46055100.0
2016-03-03,36955742.0
2016-03-02,33169560.0
2016-03-01,50407147.0
2016-02-29,35216277.0
2016-02-26,28991131.0
2016-02-25,27582659.0
2016-02-24,36255745.0
2016-02-23,31942633.0
2016-02-22,34280758.0
2016-02-19,35374173.0
2016-02-18,39020983.0
2016-02-17,44863243.0
2016-02-16,49057916.0
2016-02-12,40351381.0
2016-02-11,50074711.0
2016-02-10,42343601.0
2016-02-09,44331195.0
2016-02-08,54021375.0
2016-02-05,46418064.0
2016-02-04,46471652.0
2016-02-03,45964294.0
2016-02-02,37357215.0
2016-02-01,40943541.0
2016-01-29,64416504.0
2016-01-28,55678825.0
2016-01-27,133369674.0
2016-01-26,75077002.0
2016-01-25,51794525.0
2016-01-22,65800467.0
2016-01-21,52161463.0
2016-01-20,72334416.0
2016-01-19,53087747.0
2016-01-15,79833891.0
2016-01-14,63170127.0
2016-01-13,62439631.0
2016-01-12,49154227.0
2016-01-11,49739377.0
2016-01-08,70798016.0
2016-01-07,81094428.0
2016-01-06,68457388.0
2016-01-05,55790992.0
2016-01-04,67649387.0
2015-12-31,40912316.0
2015-12-30,25213777.0
2015-12-29,30931243.0
2015-12-28,26704210.0
2015-12-24,13596680.0
2015-12-23,32657354.0
2015-12-22,32789367.0
2015-12-21,47590610.0
2015-12-18,96453327.0
2015-12-17,44772827.0
2015-12-16,56238467.0
2015-12-15,53323105.0
2015-12-14,65003609.0
2015-12-11,46886161.0
2015-12-10,29212727.0
2015-12-09,46361357.0
2015-12-08,34309450.0
2015-12-07,32084249.0
2015-12-04,57776977.0
2015-12-03,41569509.0
2015-12-02,33386563.0
2015-12-01,34852374.0
2015-11-30,39180322.0
2015-11-27,13046445.0
2015-11-25,21388308.0
2015-11-24,42803172.0
2015-11-23,32482528.0
2015-11-20,34287096.0
2015-11-19,43295820.0
2015-11-18,46674697.0
2015-11-17,27616939.0
2015-11-16,38106701.0
2015-11-13,45812403.0
2015-11-12,32525579.0
2015-11-11,45217971.0
2015-11-10,59127931.0
2015-11-09,33871405.0
2015-11-06,33042283.0
2015-11-05,39552680.0
2015-11-04,44886050.0
2015-11-03,45518976.0
2015-11-02,32203267.0
2015-10-30,49365254.0
2015-10-29,51227334.0
2015-10-28,85551352.0
2015-10-27,69884400.0
2015-10-26,66333781.0
2015-10-23,59366914.0
2015-10-22,41654089.0
2015-10-21,42326974.0
2015-10-20,48967763.0
2015-10-19,29759153.0
2015-10-16,39232609.0
2015-10-15,37673452.0
2015-10-14,44462449.0
2015-10-13,33049256.0
2015-10-12,30467204.0
2015-10-09,52766140.0
2015-10-08,61979577.0
2015-10-07,46765550.0
2015-10-06,48856977.0
2015-10-05,52064743.0
2015-10-02,58019758.0
2015-10-01,63929100.0
2015-09-30,65041596.0
2015-09-29,73365384.0
2015-09-28,52109011.0
2015-09-25,56151926.0
2015-09-24,50219475.0
2015-09-23,35756716.0
2015-09-22,50346159.0
2015-09-21,50221965.0
2015-09-18,74285291.0
2015-09-17,64112641.0
2015-09-16,37173489.0
2015-09-15,43341155.0
2015-09-14,58363431.0
2015-09-11,49915473.0
2015-09-10,62892831.0
2015-09-09,85010804.0
2015-09-08,54843626.0
2015-09-04,49996311.0
2015-09-03,53233940.0
2015-09-02,61888812.0
2015-09-01,76845860.0
2015-08-31,56229271.0
2015-08-28,53164407.0
2015-08-27,84616056.0
2015-08-26,96774611.0
2015-08-25,103601599.0
2015-08-24,162206292.0
2015-08-21,128275471.0
2015-08-20,68501622.0
2015-08-19,48286510.0
2015-08-18,34560708.0
2015-08-17,40884745.0
2015-08-14,42929516.0
2015-08-13,48535789.0
2015-08-12,101685610.0
2015-08-11,97082814.0
2015-08-10,54951597.0
2015-08-07,38670405.0
2015-08-06,52903040.0
2015-08-05,99312613.0
2015-08-04,124138623.0
2015-08-03,69975968.0
2015-07-31,42884953.0
2015-07-30,33628268.0
2015-07-29,37011653.0
2015-07-28,33618097.0
2015-07-27,44455540.0
2015-07-24,42162332.0
2015-07-23,50999452.0
2015-07-22,115450607.0
2015-07-21,76756427.0
2015-07-20,58900203.0
2015-07-17,46164710.0
2015-07-16,36222447.0
2015-07-15,33649200.0
2015-07-14,31768139.0
2015-07-13,41440538.0
2015-07-10,61354474.0
2015-07-09,78595038.0
2015-07-08,60761614.0
2015-07-07,46946811.0
2015-07-06,28060431.0
2015-07-02,27210952.0
2015-07-01,30238811.0
2015-06-30,44370682.0
2015-06-29,49161427.0
2015-06-26,44066841.0
2015-06-25,31938100.0
2015-06-24,55280855.0
2015-06-23,30268863.0
2015-06-22,34039345.0
2015-06-19,54716887.0
2015-06-18,35407220.0
2015-06-17,32918071.0
2015-06-16,31494131.0
2015-06-15,43988946.0
2015-06-12,36886246.0
2015-06-11,35390887.0
2015-06-10,39087250.0
2015-06-09,56075420.0
2015-06-08,52674786.0
2015-06-05,35626800.0
2015-06-04,38450118.0
2015-06-03,30983542.0
2015-06-02,33667627.0
2015-06-01,32112797.0
2015-05-29,50884452.0
2015-05-28,30733309.0
2015-05-27,45833246.0
2015-05-26,70697560.0
2015-05-22,45595972.0
2015-05-21,39730364.0
2015-05-20,36454932.0
2015-05-19,44633240.0
2015-05-18,50882918.0
2015-05-15,38208034.0
2015-05-14,45203456.0
2015-05-13,34694235.0
2015-05-12,48160032.0
2015-05-11,42035757.0
2015-05-08,55550382.0
2015-05-07,43940895.0
2015-05-06,72141010.0
2015-05-05,49271416.0
2015-05-04,50988278.0
2015-05-01,58512638.0
2015-04-30,83195423.0
2015-04-29,63386083.0
2015-04-28,118923970.0
2015-04-27,96954207.0
2015-04-24,44525905.0
2015-04-23,45770902.0
2015-04-22,37654505.0
2015-04-21,32435057.0
2015-04-20,47054310.0
2015-04-17,51957046.0
2015-04-16,28368987.0
2015-04-15,28970419.0
2015-04-14,25524593.0
2015-04-13,36365123.0
2015-04-10,40187953.0
2015-04-09,32483974.0
2015-04-08,37329243.0
2015-04-07,35012268.0
2015-04-06,37193975.0
2015-04-02,32220131.0
2015-04-01,40621437.0
2015-03-31,42090553.0
2015-03-30,47099670.0
2015-03-27,39546151.0
2015-03-26,47572869.0
2015-03-25,51655177.0
2015-03-24,32842304.0
2015-03-23,37709674.0
2015-03-20,68695136.0
2015-03-19,45809490.0
2015-03-18,65270945.0
2015-03-17,51023104.0
2015-03-16,35874300.0
2015-03-13,51827283.0
2015-03-12,48362719.0
2015-03-11,68938974.0
2015-03-10,68856582.0
2015-03-09,88528487.0
2015-03-06,72842060.0
2015-03-05,56517146.0
2015-03-04,31666340.0
2015-03-03,37816283.0
2015-03-02,48096663.0
2015-02-27,62014847.0
2015-02-26,91287529.0
2015-02-25,74711746.0
2015-02-24,69228130.0
2015-02-23,70974110.0
2015-02-20,48948419.0
2015-02-19,37362381.0
2015-02-18,44891737.0
2015-02-17,63152405.0
2015-02-13,54272219.0
2015-02-12,74474466.0
2015-02-11,73561797.0
2015-02-10,62008506.0
2015-02-09,38889797.0
2015-02-06,43706567.0
2015-02-05,42246245.0
2015-02-04,70149743.0
2015-02-03,51915749.0
2015-02-02,62739100.0
2015-01-30,83745461.0
2015-01-29,84436432.0
2015-01-28,146477063.0
2015-01-27,95568749.0
2015-01-26,55614979.0
2015-01-23,46464828.0
2015-01-22,53796409.0
2015-01-21,48575897.0
2015-01-20,49899907.0
2015-01-16,78513345.0
2015-01-15,60013996.0
2015-01-14,48956588.0
2015-01-13,67091928.0
2015-01-12,49650790.0
2015-01-09,53699527.0
2015-01-08,59364547.0
2015-01-07,40105934.0
2015-01-06,65797116.0
2015-01-05,64285491.0
2015-01-02,53204626.0
2014-12-31,41403351.0
2014-12-30,29881477.0
2014-12-29,27598920.0
2014-12-26,33720951.0
2014-12-24,14479611.0
2014-12-23,26028419.0
2014-12-22,45167549.0
2014-12-19,88429770.0
2014-12-18,59006218.0
2014-12-17,53411773.0
2014-12-16,60790733.0
2014-12-15,67218082.0
2014-12-12,56028138.0
2014-12-11,41471578.0
2014-12-10,44565318.0
2014-12-09,60208036.0
2014-12-08,57664850.0
2014-12-05,38318895.0
2014-12-04,42155776.0
2014-12-03,43063440.0
2014-12-02,59348940.0
2014-12-01,83814037.0
2014-11-28,24814402.0
2014-11-26,40831886.0
2014-11-25,68840440.0
2014-11-24,47450824.0
2014-11-21,57179298.0
2014-11-20,43395537.0
2014-11-19,41869160.0
2014-11-18,44223978.0
2014-11-17,46746712.0
2014-11-14,44063595.0
2014-11-13,59522855.0
2014-11-12,46942431.0
2014-11-11,27442252.0
2014-11-10,27195547.0
2014-11-07,33691535.0
2014-11-06,34968457.0
2014-11-05,37435905.0
2014-11-04,41574365.0
2014-11-03,52282550.0
2014-10-31,44639285.0
2014-10-30,40654793.0
2014-10-29,52687879.0
2014-10-28,48060949.0
2014-10-27,34187701.0
2014-10-24,47053916.0
2014-10-23,71074674.0
2014-10-22,68263146.0
2014-10-21,94623904.0
2014-10-20,77517279.0
2014-10-17,68179688.0
2014-10-16,72154523.0
2014-10-15,100933600.0
2014-10-14,63688562.0
2014-10-13,53583368.0
2014-10-10,66331592.0
2014-10-09,77376525.0
2014-10-08,57404674.0
2014-10-07,42094183.0
2014-10-06,37051182.0
2014-10-03,43469585.0
2014-10-02,47757828.0
2014-10-01,51491286.0
2014-09-30,55264139.0
2014-09-29,49766312.0
2014-09-26,62370501.0
2014-09-25,100091990.0
2014-09-24,60171828.0
2014-09-23,63402196.0
2014-09-22,52788426.0
2014-09-19,70902406.0
2014-09-18,37299435.0
2014-09-17,60892400.0
2014-09-16,66908133.0
2014-09-15,61316516.0
2014-09-12,64096903.0
2014-09-11,62399743.0
2014-09-10,100869587.0
2014-09-09,189846255.0
2014-09-08,46356742.0
2014-09-05,58457035.0
2014-09-04,85718221.0
2014-09-03,125420521.0
2014-09-02,53564262.0
2014-09-01,53564262.0
2014-08-29,44595247.0
2014-08-28,68459801.0
2014-08-27,52369011.0
2014-08-26,33151984.0
2014-08-25,40270173.0
2014-08-22,44183834.0
2014-08-21,33478198.0
2014-08-20,33478198.0
2014-08-19,69399270.0
2014-08-18,47572000.0
2014-08-15,48951331.0
2014-08-14,28115566.0
2014-08-13,31916439.0
2014-08-12,33795352.0
2014-08-11,36584844.0
2014-08-08,41865193.0
2014-08-07,46711179.0
2014-08-06,38558342.0
2014-08-05,55932663.0
2014-08-04,39958144.0
2014-08-01,48511286.0
2014-07-31,56842647.0
2014-07-30,33010001.0
2014-07-29,43143095.0
2014-07-28,55317689.0
2014-07-25,43469117.0
2014-07-24,45728843.0
2014-07-23,92917719.0
2014-07-22,55196597.0
2014-07-21,39079002.0
2014-07-18,49987593.0
2014-07-17,57298243.0
2014-07-16,53502415.0
2014-07-15,45696176.0
2014-07-14,42810155.0
2014-07-11,34018228.0
2014-07-10,39685552.0
2014-07-09,36436440.0
2014-07-08,65221678.0
2014-07-07,56467939.0
2014-07-03,22891753.0
2014-07-02,28465073.0
2014-07-01,38223477.0
2014-06-30,49589028.0
2014-06-27,64028803.0
2014-06-26,32629359.0
2014-06-25,36868541.0
2014-06-24,39036087.0
2014-06-23,43694391.0
2014-06-20,100898066.0
2014-06-19,35527686.0
2014-06-18,33514108.0
2014-06-17,29726347.0
2014-06-16,35561270.0
2014-06-13,54525280.0
2014-06-12,54748791.0
2014-06-11,45681114.0
2014-06-10,62777042.0
2014-06-09,75414804.0
2014-06-06,87620910.9999999
2014-06-05,75951140.9999999
2014-06-04,83870520.9999999
2014-06-03,73231619.9999999
2014-06-02,92337902.9999999
2014-05-30,141005137.0
2014-05-29,94118632.9999999
2014-05-28,78921884.9999999
2014-05-27,87216604.9999999
2014-05-23,58052490.9999999
2014-05-22,50218945.0
2014-05-21,49249914.0
2014-05-20,58708985.9999999
2014-05-19,79439023.9999999
2014-05-16,69091833.9999999
2014-05-15,57711730.9999999
2014-05-14,41600846.0
2014-05-13,39934594.0
2014-05-12,53324676.9999999
2014-05-09,72899497.9999999
2014-05-08,57574362.9999999
2014-05-07,70715987.9999999
2014-05-06,93641372.9999999
2014-05-05,71766757.9999999
2014-05-02,47878572.0
2014-05-01,61052417.9999999
2014-04-30,114220883.0
2014-04-29,84344672.9999999
2014-04-28,167371680.0
2014-04-25,97568813.9999999
2014-04-24,189978082.0
2014-04-23,98735258.9999999
2014-04-22,50664453.0
2014-04-21,45668931.0
2014-04-17,71106720.9999999
2014-04-16,53732993.9999999
2014-04-15,66622576.9999999
2014-04-14,51445177.0
2014-04-11,67975011.9999999
2014-04-10,59912817.9999999
2014-04-09,51542722.0
2014-04-08,60971882.9999999
2014-04-07,72462529.9999999
2014-04-04,68450521.9999999
2014-04-03,40648111.0
2014-04-02,45104871.0
2014-04-01,50189685.0
2014-03-31,42167188.0
2014-03-28,50141063.0
2014-03-27,55507675.9999999
2014-03-26,74942223.9999999
2014-03-25,70573355.9999999
2014-03-24,88924870.9999999
2014-03-21,93612168.9999999
2014-03-20,52099537.0
2014-03-19,56188957.9999999
2014-03-18,52411863.0
2014-03-17,49886074.0
2014-03-14,59299491.9999999
2014-03-13,64435608.9999999
2014-03-12,50195460.0
2014-03-11,70198848.9999999
2014-03-10,44691430.0
2014-03-07,55415240.9999999
2014-03-06,46423111.0
2014-03-05,50065519.0
2014-03-04,64884833.9999999
2014-03-03,59784493.9999999
2014-02-28,93074652.9999999
2014-02-27,75557320.9999999
2014-02-26,69131285.9999999
2014-02-25,58247349.9999999
2014-02-24,72364949.9999999
2014-02-21,69757246.9999999
2014-02-20,76529102.9999999
2014-02-19,78554419.9999999
2014-02-18,65306247.9999999
2014-02-14,68468035.9999999
2014-02-13,76960155.9999999
2014-02-12,77127063.9999999
2014-02-11,70672251.9999999
2014-02-10,86451021.9999999
2014-02-07,93638600.9999999
2014-02-06,64497222.9999999
2014-02-05,82322155.9999999
2014-02-04,94273542.9999999
2014-02-03,100620772.0
2014-01-31,116336444.0
2014-01-30,169762789.0
2014-01-29,125942796.0
2014-01-28,266833581.0
2014-01-27,144219152.0
2014-01-24,108384437.0
2014-01-23,100978346.0
2014-01-22,95219333.9999999
2014-01-21,82255543.9999999
2014-01-17,108426689.0
2014-01-16,57471329.9999999
2014-01-15,98472618.9999999
2014-01-14,83734370.9999999
2014-01-13,94860842.9999999
2014-01-10,76320663.9999999
2014-01-09,69905198.9999999
2014-01-08,64686684.9999999
2014-01-07,79432765.9999999
2014-01-06,103359151.0
2014-01-03,98303869.9999999
2014-01-02,58791956.9999999
2013-12-31,55819371.9999999
2013-12-30,63407721.9999999
2013-12-27,56471316.9999999
2013-12-26,51002035.0
2013-12-24,41888735.0
2013-12-23,125326831.0
2013-12-20,109103435.0
2013-12-19,80239368.9999999
2013-12-18,141465807.0
2013-12-17,57475648.9999999
2013-12-16,70648451.9999999
2013-12-13,83205282.9999999
2013-12-12,65572317.9999999
2013-12-11,89929692.9999999
2013-12-10,69567609.9999999
2013-12-09,80123532.9999999
2013-12-06,86088351.9999999
2013-12-05,111895315.0
2013-12-04,94452665.9999999
2013-12-03,112741734.0
2013-12-02,118135885.0
2013-11-29,79532214.9999999
2013-11-27,90861840.9999999
2013-11-26,100345728.0
2013-11-25,57348402.9999999
2013-11-22,55931231.9999999
2013-11-21,65506860.9999999
2013-11-20,48545798.0
2013-11-19,52234707.0
2013-11-18,61236223.9999999
2013-11-15,79479763.9999999
2013-11-14,70605086.9999999
2013-11-13,49304927.0
2013-11-12,51114651.0
2013-11-11,56863302.9999999
2013-11-08,69829542.9999999
2013-11-07,65655099.9999999
2013-11-06,55844151.9999999
2013-11-05,66368070.9999999
2013-11-04,61157032.9999999
2013-11-01,68722303.9999999
2013-10-31,68923784.9999999
2013-10-30,88540696.9999999
2013-10-29,158952115.0
2013-10-28,137610123.0
2013-10-25,84448132.9999999
2013-10-24,96191094.9999999
2013-10-23,78431121.9999999
2013-10-22,133515753.0
2013-10-21,99526944.9999999
2013-10-18,72635569.9999999
2013-10-17,63398334.9999999
2013-10-16,62775012.9999999
2013-10-15,80018602.9999999
2013-10-14,65474541.9999999
2013-10-11,66934937.9999999
2013-10-10,69650489.9999999
2013-10-09,75431215.9999999
2013-10-08,72729005.9999999
2013-10-07,78073106.9999999
2013-10-04,64717379.9999999
2013-10-03,80688502.9999999
2013-10-02,72295901.9999999
2013-10-01,88470654.9999999
2013-09-30,65039407.9999999
2013-09-27,57009728.9999999
2013-09-26,59305182.9999999
2013-09-25,79239166.9999999
2013-09-24,91085742.9999999
2013-09-23,190526525.0
2013-09-20,174825322.0
2013-09-19,101134712.0
2013-09-18,114215304.0
2013-09-17,99844772.9999999
2013-09-16,137137665.0
2013-09-13,74708437.9999999
2013-09-12,101012471.0
2013-09-11,224673456.0
2013-09-10,185798872.0
2013-09-09,85171582.9999999
2013-09-06,89881252.9999999
2013-09-05,59091878.9999999
2013-09-04,86257877.9999999
2013-09-03,83025165.9999999
2013-08-30,68100787.9999999
2013-08-29,59913713.9999999
2013-08-28,76901677.9999999
2013-08-27,106047109.0
2013-08-26,82741049.9999999
2013-08-23,55682220.9999999
2013-08-22,61051675.9999999
2013-08-21,83969304.9999999
2013-08-20,89671742.9999999
2013-08-19,127629481.0
2013-08-16,90575855.9999999
2013-08-15,122573507.0
2013-08-14,189092911.0
2013-08-13,220484936.0
2013-08-12,91108289.9999999
2013-08-09,66905208.9999999
2013-08-08,63999837.9999999
2013-08-07,74713967.9999999
2013-08-06,83728539.9999999
2013-08-05,79713591.9999999
2013-08-02,68695325.9999999
2013-08-01,51562322.0
2013-07-31,80739350.9999999
2013-07-30,77355564.9999999
2013-07-29,62110299.9999999
2013-07-26,50068753.0
2013-07-25,57420635.9999999
2013-07-24,148013824.0
2013-07-23,92348402.9999999
2013-07-22,51997596.0
2013-07-19,67194714.9999999
2013-07-18,54760817.9999999
2013-07-17,49764064.0
2013-07-16,54134366.9999999
2013-07-15,60543104.9999999
2013-07-12,69910462.9999999
2013-07-11,81618963.9999999
2013-07-10,70350818.9999999
2013-07-09,88172237.9999999
2013-07-08,74578419.9999999
2013-07-05,68520759.9999999
2013-07-04,60232157.9999999
2013-07-03,60232157.9999999
2013-07-02,117521579.0
2013-07-01,97793044.9999999
2013-06-28,144659417.0
2013-06-27,84350048.9999999
2013-06-26,91986572.9999999
2013-06-25,78584785.9999999
2013-06-24,120186430.0
2013-06-21,120312346.0
2013-06-20,89374557.9999999
2013-06-19,77757784.9999999
2013-06-18,48790448.0
2013-06-17,64860452.9999999
2013-06-14,68020910.9999999
2013-06-13,71528085.9999999
2013-06-12,66356667.9999999
2013-06-11,71596020.9999999
2013-06-10,112589043.0
2013-06-07,101185686.0
2013-06-06,104268458.0
2013-06-05,72647336.9999999
2013-06-04,73181520.9999999
2013-06-03,93087840.9999999
2013-05-31,96075041.9999999
2013-05-30,88428647.9999999
2013-05-29,82695668.9999999
2013-05-28,96536187.9999999
2013-05-24,69106638.9999999
2013-05-23,88345235.9999999
2013-05-22,110814858.0
2013-05-21,114074240.0
2013-05-20,112893984.0
2013-05-17,107019829.0
2013-05-16,150866478.0
2013-05-15,185403085.0
2013-05-14,111778940.0
2013-05-13,79277309.9999999
2013-05-10,83712481.9999999
2013-05-09,99687475.9999999
2013-05-08,118149038.0
2013-05-07,120938076.0
2013-05-06,124160162.0
2013-05-03,90381787.9999999
2013-05-02,105506184.0
2013-05-01,126788697.0
2013-04-30,172884362.0
2013-04-29,160081110.0
2013-04-26,191068990.0
2013-04-25,96209154.9999999
2013-04-24,242458391.0
2013-04-23,166058949.0
2013-04-22,107479442.0
2013-04-19,152318201.0
2013-04-18,166574163.0
2013-04-17,236263461.0
2013-04-16,76442757.9999999
2013-04-15,79379705.9999999
2013-04-12,59681278.9999999
2013-04-11,82154092.9999999
2013-04-10,93981747.9999999
2013-04-09,76688114.9999999
2013-04-08,75264741.9999999
2013-04-05,95923477.9999999
2013-04-04,89664637.9999999
2013-04-03,90803726.9999999
2013-04-02,132443234.0
2013-04-01,97432488.9999999
2013-03-29,110745586.0
2013-03-28,110745586.0
2013-03-27,82852293.9999999
2013-03-26,73573422.9999999
2013-03-25,125283438.0
2013-03-22,98776110.9999999
2013-03-21,95813409.9999999
2013-03-20,77165157.9999999
2013-03-19,131693310.0
2013-03-18,151549090.0
2013-03-15,160989787.0
2013-03-14,75968745.9999999
2013-03-13,101454192.0
2013-03-12,116477473.0
2013-03-11,118558356.0
2013-03-08,97898982.9999999
2013-03-07,117117826.0
2013-03-06,115062269.0
2013-03-05,159607042.0
2013-03-04,145684399.0
2013-03-01,138111792.0
2013-02-28,80628736.9999999
2013-02-27,146836928.0
2013-02-26,125374074.0
2013-02-25,93144463.9999999
2013-02-22,82663643.9999999
2013-02-21,111795180.0
2013-02-20,119074886.0
2013-02-19,108944213.0
2013-02-18,97981176.9999999
2013-02-15,97981176.9999999
2013-02-14,88876500.9999999
2013-02-13,118801221.0
2013-02-12,152262712.0
2013-02-11,129358516.0
2013-02-08,158288984.0
2013-02-07,176145074.0
2013-02-06,148426012.0
2013-02-05,143336536.0
2013-02-04,119278754.0
2013-02-01,134867089.0
2013-01-31,79833214.9999999
2013-01-30,104288317.0
2013-01-29,142768017.0
2013-01-28,196378931.0
2013-01-25,301993503.0
2013-01-24,365212953.0
2013-01-23,215375853.0
2013-01-22,115386173.0
2013-01-21,118287267.0
2013-01-18,118287267.0
2013-01-17,113412579.0
2013-01-16,172700045.0
2013-01-15,219192932.0
2013-01-14,183544396.0
2013-01-11,87688740.9999999
2013-01-10,150285296.0
2013-01-09,101899959.0
2013-01-08,114676751.0
2013-01-07,121038176.0
2013-01-04,148581860.0
2013-01-03,88240949.9999999
2013-01-02,140124866.0
2012-12-31,164872785.0
2012-12-28,88569242.9999999
2012-12-27,113779680.0
2012-12-26,75609029.9999999
2012-12-24,43936977.0
2012-12-21,149129554.0
2012-12-20,120421798.0
2012-12-19,112340424.0
2012-12-18,156417023.0
2012-12-17,189736022.0
2012-12-14,252394499.0
2012-12-13,156314627.0
2012-12-12,121783130.0
2012-12-11,148085903.0
2012-12-10,157620575.0
2012-12-07,196941794.0
2012-12-06,294301791.0
2012-12-05,261159353.0
2012-12-04,139482392.0
2012-12-03,91069096.9999999
2012-11-30,97824985.9999999
2012-11-29,128674525.0
2012-11-28,130264981.0
2012-11-27,133328454.0
2012-11-26,157644431.0
2012-11-23,68206578.9999999
2012-11-21,93306758.9999999
2012-11-20,160687856.0
2012-11-19,205792965.0
2012-11-16,316722763.0
2012-11-15,197477385.0
2012-11-14,119291977.0
2012-11-13,133302610.0
2012-11-12,128950479.0
2012-11-09,232476496.0
2012-11-08,264036339.0
2012-11-07,198412186.0
2012-11-06,93729040.9999999
2012-11-05,132321224.0
2012-11-02,149843064.0
2012-11-01,90361921.9999999
2012-10-31,127500471.0
2012-10-30,254605834.0
2012-10-26,254605834.0
2012-10-25,164081393.0
2012-10-24,139631772.0
2012-10-23,176786197.0
2012-10-22,136682392.0
2012-10-19,186021017.0
2012-10-18,119155512.0
2012-10-17,97327642.9999999
2012-10-16,137442816.0
2012-10-15,108124961.0
2012-10-12,115003665.0
2012-10-11,136520097.0
2012-10-10,127588930.0
2012-10-09,209648887.0
2012-10-08,159494867.0
2012-10-05,148501108.0
2012-10-04,92688812.9999999
2012-10-03,106069719.0
2012-10-02,156997638.0
2012-10-01,135895921.0
2012-09-28,133777077.0
2012-09-27,148522031.0
2012-09-26,144175906.0
2012-09-25,129690449.0
2012-09-24,159936196.0
2012-09-21,142897076.0
2012-09-20,84141931.9999999
2012-09-19,81715003.9999999
2012-09-18,93375666.9999999
2012-09-17,99507498.9999999
2012-09-14,150118311.0
2012-09-13,149589629.0
2012-09-12,178054492.0
2012-09-11,125984852.0
2012-09-10,121998898.0
2012-09-07,82416144.9999999
2012-09-06,97845663.9999999
2012-09-05,84090474.9999999
2012-09-04,91972628.9999999
2012-08-31,84579606.9999999
2012-08-30,75672792.9999999
2012-08-29,50701084.0
2012-08-28,66844322.9999999
2012-08-27,106728601.0
2012-08-24,109334113.0
2012-08-23,105029568.0
2012-08-22,141330637.0
2012-08-21,203176260.0
2012-08-20,153345689.0
2012-08-17,110689894.0
2012-08-16,63694203.9999999
2012-08-15,64377277.9999999
2012-08-14,85041823.9999999
2012-08-13,69707462.9999999
2012-08-10,48765045.0
2012-08-09,55452585.9999999
2012-08-08,61176079.9999999
2012-08-07,72627491.9999999
2012-08-06,75580007.9999999
2012-08-03,86228603.9999999
2012-08-02,83062202.9999999
2012-08-01,96124741.9999999
2012-07-31,115581676.0
2012-07-30,94784969.9999999
2012-07-27,101013241.0
2012-07-26,101702580.0
2012-07-25,219314368.0
2012-07-24,141283044.0
2012-07-23,121993795.0
2012-07-20,99367449.9999999
2012-07-19,109214567.0
2012-07-18,63174887.9999999
2012-07-17,73453036.9999999
2012-07-16,75326341.9999999
2012-07-13,77904448.9999999
2012-07-12,106997163.0
2012-07-11,117329366.0
2012-07-10,127989407.0
2012-07-09,94850223.9999999
2012-07-06,104757156.0
2012-07-05,121095121.0
2012-07-03,60428164.9999999
2012-07-02,100022776.0
2012-06-29,105360031.0
2012-06-28,70760542.9999999
2012-06-27,50764770.0
2012-06-26,69187502.9999999
2012-06-25,76088655.9999999
2012-06-22,71186310.9999999
2012-06-21,81626257.9999999
2012-06-20,89789643.9999999
2012-06-19,90350931.9999999
2012-06-18,110102790.0
2012-06-15,83813379.9999999
2012-06-14,86460282.9999999
2012-06-13,73443229.9999999
2012-06-12,108894961.0
2012-06-11,147815696.0
2012-06-08,86872869.9999999
2012-06-07,94993163.9999999
2012-06-06,100362262.0
2012-06-05,97053375.9999999
2012-06-04,139247129.0
2012-06-01,130245094.0
2012-05-31,122977603.0
2012-05-30,132355209.0
2012-05-29,95126345.9999999
2012-05-25,82116551.9999999
2012-05-24,124049506.0
2012-05-23,146224365.0
2012-05-22,173696754.0
2012-05-21,157772790.0
2012-05-18,183072463.0
2012-05-17,179304713.0
2012-05-16,140223874.0
2012-05-15,119076678.0
2012-05-14,88156102.9999999
2012-05-11,99886331.9999999
2012-05-10,83317751.9999999
2012-05-09,120175923.0
2012-05-08,124312720.0
2012-05-07,115073217.0
2012-05-04,132497421.0
2012-05-03,97637056.9999999
2012-05-02,106906016.0
2012-05-01,152749513.0
2012-04-30,126535038.0
2012-04-27,101692500.0
2012-04-26,134016274.0
2012-04-25,226427670.0
2012-04-24,269099838.0
2012-04-23,241629479.0
2012-04-20,257743808.0
2012-04-19,208678365.0
2012-04-18,238632471.0
2012-04-17,256371472.0
2012-04-16,262696056.0
2012-04-13,214911067.0
2012-04-12,153582163.0
2012-04-11,174152769.0
2012-04-10,222422452.0
2012-04-09,149384046.0
2012-04-05,159994758.0
2012-04-04,143245095.0
2012-04-03,208638360.0
2012-04-02,149586458.0
2012-03-30,182759395.0
2012-03-29,152059432.0
2012-03-28,163864869.0
2012-03-27,151782141.0
2012-03-26,148934219.0
2012-03-23,107621815.0
2012-03-22,156032898.0
2012-03-21,161010374.0
2012-03-20,204167033.0
2012-03-19,225308790.0
2012-03-16,206371879.0
2012-03-15,289917768.0
2012-03-14,354709747.0
2012-03-13,172712659.0
2012-03-12,101820019.0
2012-03-09,104724732.0
2012-03-08,129110723.0
2012-03-07,199629549.0
2012-03-06,202559651.0
2012-03-05,202280183.0
2012-03-02,107927589.0
2012-03-01,170813188.0
2012-02-29,238000378.0
2012-02-28,150096478.0
2012-02-27,136895304.0
2012-02-24,103819905.0
2012-02-23,142006312.0
2012-02-22,120823808.0
2012-02-21,151396399.0
2012-02-17,133947191.0
2012-02-16,236137405.0
2012-02-15,376528040.0
2012-02-14,115483011.0
2012-02-13,129301606.0
2012-02-10,157824975.0
2012-02-09,221053602.0
2012-02-08,101969280.0
2012-02-07,79055262.9999999
2012-02-06,62420595.9999999
2012-02-03,71717008.9999999
2012-02-02,46698547.0
2012-02-01,67510561.9999999
2012-01-31,97977984.9999999
2012-01-30,94832072.9999999
2012-01-27,74971630.9999999
2012-01-26,81057710.9999999
2012-01-25,239565837.0
2012-01-24,136909311.0
2012-01-23,76515445.9999999
2012-01-20,103492249.0
2012-01-19,65434452.9999999
2012-01-18,69197757.9999999
2012-01-17,60724054.9999999
2012-01-13,56539748.9999999
2012-01-12,53180910.9999999
2012-01-11,53798058.9999999
2012-01-10,64581761.9999999
2012-01-09,98505791.9999999
2012-01-06,79596411.9999999
2012-01-05,67816804.9999999
2012-01-04,65061107.9999999
2012-01-03,75564698.9999999
2011-12-30,44943710.0
2011-12-29,54039040.9999999
2011-12-28,57214226.9999999
2011-12-27,66308612.9999999
2011-12-23,67401963.9999999
2011-12-22,50589112.0
2011-12-21,65736677.9999999
2011-12-20,84350727.9999999
2011-12-19,58881913.9999999
2011-12-16,105394401.0
2011-12-15,64112124.9999999
2011-12-14,101788680.0
2011-12-13,84784202.9999999
2011-12-12,75266365.9999999
2011-12-09,74285784.9999999
2011-12-08,94089050.9999999
2011-12-07,76249928.9999999
2011-12-06,70951012.9999999
2011-12-05,89342126.9999999
2011-12-02,94818289.9999999
2011-12-01,96794837.9999999
2011-11-30,101516702.0
2011-11-29,94007857.9999999
2011-11-28,86660853.9999999
2011-11-25,63689800.9999999
2011-11-23,107160445.0
2011-11-22,102324341.0
2011-11-21,112050589.0
2011-11-18,93018764.9999999
2011-11-17,120030148.0
2011-11-16,87302011.9999999
2011-11-15,107744812.0
2011-11-14,108265507.0
2011-11-11,163446017.0
2011-11-10,186245269.0
2011-11-09,139670930.0
2011-11-08,100109842.0
2011-11-07,67565798.9999999
2011-11-04,75556991.9999999
2011-11-03,110381075.0
2011-11-02,82063666.9999999
2011-11-01,132946877.0
2011-10-31,96406302.9999999
2011-10-28,80709747.9999999
2011-10-27,123713317.0
2011-10-26,114074982.0
2011-10-25,107650200.0
2011-10-24,125589044.0
2011-10-21,155310512.0
2011-10-20,137382294.0
2011-10-19,275998093.0
2011-10-18,220400096.0
2011-10-17,171510696.0
2011-10-14,143341730.0
2011-10-13,106545775.0
2011-10-12,155570982.0
2011-10-11,151420465.0
2011-10-10,110628287.0
2011-10-07,133904162.0
2011-10-06,203145054.0
2011-10-05,196617358.0
2011-10-04,308418887.0
2011-10-03,167269011.0
2011-09-30,137059223.0
2011-09-29,162841147.0
2011-09-28,107463181.0
2011-09-27,158124372.0
2011-09-26,203218862.0
2011-09-23,136620610.0
2011-09-22,242120137.0
2011-09-21,151493755.0
2011-09-20,193937289.0
2011-09-19,205964780.0
2011-09-16,174622161.0
2011-09-15,104454581.0
2011-09-14,133680848.0
2011-09-13,110184487.0
2011-09-12,116957988.0
2011-09-09,141269408.0
2011-09-08,104039460.0
2011-09-07,87643793.9999999
2011-09-06,127424129.0
2011-09-02,109791514.0
2011-09-01,85930704.9999999
2011-08-31,130688894.0
2011-08-30,104480264.0
2011-08-29,101313149.0
2011-08-26,160368761.0
2011-08-25,217825076.0
2011-08-24,156566907.0
2011-08-23,164208576.0
2011-08-22,133826210.0
2011-08-19,193970546.0
2011-08-18,212858289.0
2011-08-17,110514943.0
2011-08-16,124722122.0
2011-08-15,115135468.0
2011-08-12,132243405.0
2011-08-11,185491110.0
2011-08-10,219662296.0
2011-08-09,270645704.0
2011-08-08,285951204.0
2011-08-05,301140350.0
2011-08-04,217851424.0
2011-08-03,183125796.0
2011-08-02,159884760.0
2011-08-01,153207957.0
2011-07-29,158145890.0
2011-07-28,148506092.0
2011-07-27,164830470.0
2011-07-26,119145026.0
2011-07-25,147451094.0
2011-07-22,129181885.0
2011-07-21,131629036.0
2011-07-20,235331712.0
2011-07-19,204786344.0
2011-07-18,143157623.0
2011-07-15,121116338.0
2011-07-14,107633155.0
2011-07-13,97909517.9999999
2011-07-12,112901691.0
2011-07-11,110713974.0
2011-07-08,122481639.0
2011-07-07,99915318.9999999
2011-07-06,111156241.0
2011-07-05,88818617.9999999
2011-07-01,108828209.0
2011-06-30,80807390.9999999
2011-06-29,88179069.9999999
2011-06-28,73574906.9999999
2011-06-27,84989932.9999999
2011-06-24,109981312.0
2011-06-23,139939254.0
2011-06-22,97645435.9999999
2011-06-21,123343514.0
2011-06-20,160161274.0
2011-06-17,153872649.0
2011-06-16,127647338.0
2011-06-15,99851884.9999999
2011-06-14,83641900.9999999
2011-06-13,82414107.9999999
2011-06-10,108529400.0
2011-06-09,68841198.9999999
2011-06-08,83471576.9999999
2011-06-07,132493060.0
2011-06-06,115484677.0
2011-06-03,78360764.9999999
2011-06-02,84721111.9999999
2011-06-01,138670602.0
2011-05-31,104434134.0
2011-05-27,50912897.0
2011-05-26,55673750.9999999
2011-05-25,73555432.9999999
2011-05-24,80520649.9999999
2011-05-23,95627216.9999999
2011-05-20,84547707.9999999
2011-05-19,65291309.9999999
2011-05-18,83693266.9999999
2011-05-17,113196657.0
2011-05-16,112535374.0
2011-05-13,81547955.9999999
2011-05-12,80239592.9999999
2011-05-11,84018682.9999999
2011-05-10,70521968.9999999
2011-05-09,51188151.0
2011-05-06,70061284.9999999
2011-05-05,83992299.9999999
2011-05-04,97312228.9999999
2011-05-03,78390248.9999999
2011-05-02,110678246.0
2011-04-29,251585929.0
2011-04-28,90297122.9999999
2011-04-27,89052886.9999999
2011-04-26,84400644.9999999
2011-04-25,66636289.9999999
2011-04-22,188449618.0
2011-04-21,188449618.0
2011-04-20,175163842.0
2011-04-19,104844243.0
2011-04-18,152474427.0
2011-04-15,113458247.0
2011-04-14,75497400.9999999
2011-04-13,86608962.9999999
2011-04-12,106627080.0
2011-04-11,99787617.9999999
2011-04-08,94383316.9999999
2011-04-07,93361519.9999999
2011-04-06,100634681.0
2011-04-05,120740809.0
2011-04-04,115020542.0
2011-04-01,104665400.0
2011-03-31,68592005.9999999
2011-03-30,82351268.9999999
2011-03-29,88224954.9999999
2011-03-28,77337406.9999999
2011-03-25,112292796.0
2011-03-24,101177720.0
2011-03-23,93248497.9999999
2011-03-22,81558161.9999999
2011-03-21,102347560.0
2011-03-18,188302604.0
2011-03-17,164854977.0
2011-03-16,289187626.0
2011-03-15,180262334.0
2011-03-14,109113690.0
2011-03-11,117770016.0
2011-03-10,126972055.0
2011-03-09,113349033.0
2011-03-08,89078954.9999999
2011-03-07,136530149.0
2011-03-04,113316483.0
2011-03-03,125196764.0
2011-03-02,150647189.0
2011-03-01,114032163.0
2011-02-28,100768479.0
2011-02-25,95004482.9999999
2011-02-24,124974514.0
2011-02-23,167962942.0
2011-02-22,218135561.0
2011-02-18,204011724.0
2011-02-17,132643504.0
2011-02-16,120288833.0
2011-02-15,71043440.9999999
2011-02-14,77603490.9999999
2011-02-11,91892947.9999999
2011-02-10,232137360.0
2011-02-09,120686090.0
2011-02-08,95259905.9999999
2011-02-07,121254910.0
2011-02-04,80459574.9999999
2011-02-03,98449147.9999999
2011-02-02,64738806.9999999
2011-02-01,106657943.0
2011-01-31,94193469.9999999
2011-01-28,148014146.0
2011-01-27,71255960.9999999
2011-01-26,126716779.0
2011-01-25,136716650.0
2011-01-24,143670548.0
2011-01-21,188599712.0
2011-01-20,191197293.0
2011-01-19,283902199.0
2011-01-18,470246700.0
2011-01-14,77209747.9999999
2011-01-13,74536181.9999999
2011-01-12,75644309.9999999
2011-01-11,111019993.0
2011-01-10,112139482.0
2011-01-07,77982211.9999999
2011-01-06,75106625.9999999
2011-01-05,63879192.9999999
2011-01-04,77337000.9999999
2011-01-03,111280407.0
2010-12-31,48413827.0
2010-12-30,39414991.0
2010-12-29,40817672.0
2010-12-28,43980797.0
2010-12-27,62453698.9999999
2010-12-23,55875175.9999999
2010-12-22,66536028.9999999
2010-12-21,64087883.9999999
2010-12-20,96402193.9999999
2010-12-17,96787067.9999999
2010-12-16,80507097.9999999
2010-12-15,104327314.0
2010-12-14,87891761.9999999
2010-12-13,109953333.0
2010-12-10,65644242.9999999
2010-12-09,73536525.9999999
2010-12-08,80483500.9999999
2010-12-07,97863464.9999999
2010-12-06,112120127.0
2010-12-03,85592282.9999999
2010-12-02,115912916.0
2010-12-01,115437672.0
2010-11-30,125463303.0
2010-11-29,111439895.0
2010-11-26,59436236.9999999
2010-11-24,103568136.0
2010-11-23,129861284.0
2010-11-22,98268491.9999999
2010-11-19,96210792.9999999
2010-11-18,123622443.0
2010-11-17,119862407.0
2010-11-16,164737342.0
2010-11-15,100900954.0
2010-11-12,198961462.0
2010-11-11,90320432.9999999
2010-11-10,96056372.9999999
2010-11-09,95928804.9999999
2010-11-08,70433306.9999999
2010-11-05,90313264.9999999
2010-11-04,159596437.0
2010-11-03,127086848.0
2010-11-02,108482437.0
2010-11-01,105972251.0
2010-10-29,107627128.0
2010-10-28,137761540.0
2010-10-27,99750069.9999999
2010-10-26,98232336.9999999
2010-10-25,98107995.9999999
2010-10-22,93193855.9999999
2010-10-21,137864321.0
2010-10-20,180406030.0
2010-10-19,308189833.0
2010-10-18,276114391.0
2010-10-15,230548444.0
2010-10-14,108823925.0
2010-10-13,157522589.0
2010-10-12,139634663.0
2010-10-11,106937733.0
2010-10-08,164600814.0
2010-10-07,102099277.0
2010-10-06,167716514.0
2010-10-05,125491450.0
2010-10-04,108824968.0
2010-10-01,112101444.0
2010-09-30,168347452.0
2010-09-29,117410608.0
2010-09-28,258760411.0
2010-09-27,120774913.0
2010-09-24,162371804.0
2010-09-23,196528871.0
2010-09-22,146353774.0
2010-09-21,167418881.0
2010-09-20,164822833.0
2010-09-17,158618691.0
2010-09-16,163025387.0
2010-09-15,107341570.0
2010-09-14,102037313.0
2010-09-13,97194964.9999999
2010-09-10,96940318.9999999
2010-09-09,109643597.0
2010-09-08,131637114.0
2010-09-07,85706312.9999999
2010-09-03,130197067.0
2010-09-02,103856298.0
2010-09-01,174258805.0
2010-08-31,105196602.0
2010-08-30,95821893.9999999
2010-08-27,137146576.0
2010-08-26,116625803.0
2010-08-25,149216228.0
2010-08-24,150638208.0
2010-08-23,103516812.0
2010-08-20,96057205.9999999
2010-08-19,106676227.0
2010-08-18,84923922.9999999
2010-08-17,105662221.0
2010-08-16,79606848.9999999
2010-08-13,88716634.9999999
2010-08-12,133729834.0
2010-08-11,155013068.0
2010-08-10,112979405.0
2010-08-09,75781355.9999999
2010-08-06,111253310.0
2010-08-05,72340617.9999999
2010-08-04,105139076.0
2010-08-03,104413218.0
2010-08-02,107021026.0
2010-07-30,112113960.0
2010-07-29,160951385.0
2010-07-28,129996090.0
2010-07-27,146192641.0
2010-07-26,105137452.0
2010-07-23,133346661.0
2010-07-22,161329322.0
2010-07-21,296417422.0
2010-07-20,268737511.0
2010-07-19,256124484.0
2010-07-16,259964376.0
2010-07-15,206215849.0
2010-07-14,203042784.0
2010-07-13,297738658.0
2010-07-12,140719236.0
2010-07-09,108393537.0
2010-07-08,184537661.0
2010-07-07,163639812.0
2010-07-06,153808676.0
2010-07-02,173624381.0
2010-07-01,255738140.0
2010-06-30,184867060.0
2010-06-29,283336130.0
2010-06-28,146358254.0
2010-06-25,137485271.0
2010-06-24,178782814.0
2010-06-23,192113733.0
2010-06-22,179314996.0
2010-06-21,194122453.0
2010-06-18,196154945.0
2010-06-17,218365231.0
2010-06-16,195922370.0
2010-06-15,146268297.0
2010-06-14,150740100.0
2010-06-11,136439884.0
2010-06-10,194088937.0
2010-06-09,213657171.0
2010-06-08,250192019.0
2010-06-07,221745538.0
2010-06-04,189610442.0
2010-06-03,162539314.0
2010-06-02,172136524.0
2010-06-01,219118382.0
2010-05-28,203903217.0
2010-05-27,166575339.0
2010-05-26,212664144.0
2010-05-25,262003357.0
2010-05-24,188561359.0
2010-05-21,305976755.0
2010-05-20,320728737.0
2010-05-19,256431406.0
2010-05-18,195668956.0
2010-05-17,190708252.0
2010-05-14,189840357.0
2010-05-13,149927526.0
2010-05-12,163594375.0
2010-05-11,212587809.0
2010-05-10,246076208.0
2010-05-07,419004292.0
2010-05-06,321464892.0
2010-05-05,220775786.0
2010-05-04,180954830.0
2010-05-03,113585031.0
2010-04-30,135615676.0
2010-04-29,139709745.0
2010-04-28,189599970.0
2010-04-27,177335424.0
2010-04-26,119767011.0
2010-04-23,199238354.0
2010-04-22,198355815.0
2010-04-21,245597800.0
2010-04-20,184580977.0
2010-04-19,141730491.0
2010-04-16,187635966.0
2010-04-15,94195919.9999999
2010-04-14,101018554.0
2010-04-13,76552524.9999999
2010-04-12,83303835.9999999
2010-04-09,83545643.9999999
2010-04-08,143246621.0
2010-04-07,157125031.0
2010-04-06,111754188.0
2010-04-05,171126319.0
2010-04-01,150785999.0
2010-03-31,107664557.0
2010-03-30,131827325.0
2010-03-29,135185785.0
2010-03-26,160218135.0
2010-03-25,135816674.0
2010-03-24,149570232.0
2010-03-23,150607177.0
2010-03-22,114104634.0
2010-03-19,139861148.0
2010-03-18,85527112.9999999
2010-03-17,112738997.0
2010-03-16,111726636.0
2010-03-15,123375091.0
2010-03-12,104080620.0
2010-03-11,101424638.0
2010-03-10,149054143.0
2010-03-09,230064660.0
2010-03-08,107472239.0
2010-03-05,224904603.0
2010-03-04,91509935.9999999
2010-03-03,93059693.9999999
2010-03-02,141636152.0
2010-03-01,137523183.0
2010-02-26,126865060.0
2010-02-25,166349071.0
2010-02-24,115141376.0
2010-02-23,143828223.0
2010-02-22,97706167.9999999
2010-02-19,103933466.0
2010-02-18,105706111.0
2010-02-17,109098710.0
2010-02-16,135987761.0
2010-02-12,163866906.0
2010-02-11,137585903.0
2010-02-10,92590217.9999999
2010-02-09,158221028.0
2010-02-08,119567119.0
2010-02-05,212576350.0
2010-02-04,189412762.0
2010-02-03,153831769.0
2010-02-02,174585313.0
2010-02-01,187468421.0
2010-01-29,311487785.0
2010-01-28,293375376.0
2010-01-27,430642030.0
2010-01-26,466777486.0
2010-01-25,266424802.0
2010-01-22,220441872.0
2010-01-21,152038565.0
2010-01-20,153037892.0
2010-01-19,182501620.0
2010-01-18,148584065.0
2010-01-15,148584065.0
2010-01-14,108288411.0
2010-01-13,151472335.0
2010-01-12,148614774.0
2010-01-11,115557365.0
2010-01-08,111969081.0
2010-01-07,119282324.0
2010-01-06,138039594.0
2010-01-05,150476004.0
2010-01-04,123432050.0
2009-12-31,88102678.9999999
2009-12-30,103020708.0
2009-12-29,111301071.0
2009-12-28,161141050.0
2009-12-24,125221985.0
2009-12-23,86380986.9999999
2009-12-22,87378542.9999999
2009-12-21,153093108.0
2009-12-18,152192516.0
2009-12-17,97209055.9999999
2009-12-16,88279673.9999999
2009-12-15,104928453.0
2009-12-14,123947124.0
2009-12-11,107443378.0
2009-12-10,122417155.0
2009-12-09,171195185.0
2009-12-08,172599280.0
2009-12-07,178689658.0
2009-12-04,206776668.0
2009-12-03,112179578.0
2009-12-02,178814706.0
2009-12-01,116440583.0
2009-11-30,106213926.0
2009-11-27,73814243.9999999
2009-11-25,71662310.9999999
2009-11-24,79609193.9999999
2009-11-23,118793731.0
2009-11-20,101722565.0
2009-11-19,135581523.0
2009-11-18,93579863.9999999
2009-11-17,99128063.9999999
2009-11-16,121301019.0
2009-11-13,85832760.9999999
2009-11-12,90978852.9999999
2009-11-11,111019510.0
2009-11-10,100298380.0
2009-11-09,132213683.0
2009-11-06,73807362.9999999
2009-11-05,96230798.9999999
2009-11-04,121935499.0
2009-11-03,130635414.0
2009-11-02,169897231.0
2009-10-30,179380894.0
2009-10-29,142471238.0
2009-10-28,203822906.0
2009-10-27,188473866.0
2009-10-26,120320697.0
2009-10-23,105196434.0
2009-10-22,197847825.0
2009-10-21,298431525.0
2009-10-20,285259814.0
2009-10-19,235557336.0
2009-10-16,107856189.0
2009-10-15,93388721.9999999
2009-10-14,93942638.9999999
2009-10-13,87004581.9999999
2009-10-12,72037755.9999999
2009-10-09,73348344.9999999
2009-10-08,109552296.0
2009-10-07,116416909.0
2009-10-06,151270875.0
2009-10-05,105783062.0
2009-10-02,138358668.0
2009-10-01,131177739.0
2009-09-30,134895635.0
2009-09-29,86346378.9999999
2009-09-28,84411998.9999999
2009-09-25,111371862.0
2009-09-24,137719491.0
2009-09-23,148509963.0
2009-09-22,89240990.9999999
2009-09-21,109428907.0
2009-09-18,150436860.0
2009-09-17,202642664.0
2009-09-16,188505499.0
2009-09-15,106617553.0
2009-09-14,80502610.9999999
2009-09-11,87240187.9999999
2009-09-10,122783346.0
2009-09-09,202822886.0
2009-09-08,78761626.9999999
2009-09-04,93656653.9999999
2009-09-03,73525710.9999999
2009-09-02,91100106.9999999
2009-09-01,117256335.0
2009-08-31,77885086.9999999
2009-08-28,113464428.0
2009-08-27,112294826.0
2009-08-26,75999468.9999999
2009-08-25,81088342.9999999
2009-08-24,101732176.0
2009-08-21,104018292.0
2009-08-20,85549729.9999999
2009-08-19,103317865.0
2009-08-18,107787547.0
2009-08-17,131095251.0
2009-08-14,76512274.9999999
2009-08-13,110040595.0
2009-08-12,111267639.0
2009-08-11,88872153.9999999
2009-08-10,75108788.9999999
2009-08-07,96870927.9999999
2009-08-06,85443630.9999999
2009-08-05,105795333.0
2009-08-04,98952370.9999999
2009-08-03,98559873.9999999
2009-07-31,105672952.0
2009-07-30,117400808.0
2009-07-29,95607049.9999999
2009-07-28,90888132.9999999
2009-07-27,108327807.0
2009-07-24,109589914.0
2009-07-23,131740378.0
2009-07-22,218525832.0
2009-07-21,218695309.0
2009-07-20,183881187.0
2009-07-17,150538451.0
2009-07-16,98392160.9999999
2009-07-15,121396114.0
2009-07-14,86875417.9999999
2009-07-13,120943494.0
2009-07-10,111318256.0
2009-07-09,85786434.9999999
2009-07-08,143982048.0
2009-07-07,115445092.0
2009-07-06,124671533.0
2009-07-03,92653847.9999999
2009-07-02,92653847.9999999
2009-07-01,103568150.0
2009-06-30,108562440.0
2009-06-29,141915494.0
2009-06-26,109867982.0
2009-06-25,147422191.0
2009-06-24,121381183.0
2009-06-23,176632470.0
2009-06-22,158728087.0
2009-06-19,180463626.0
2009-06-18,106920023.0
2009-06-17,142853172.0
2009-06-16,128701237.0
2009-06-15,134987111.0
2009-06-12,140771232.0
2009-06-11,131205851.0
2009-06-10,172199727.0
2009-06-09,169240876.0
2009-06-08,232912673.0
2009-06-05,158178874.0
2009-06-04,137657989.0
2009-06-03,141299592.0
2009-06-02,114055732.0
2009-06-01,113166984.0
2009-05-29,114163602.0
2009-05-28,121887528.0
2009-05-27,161740670.0
2009-05-26,159231429.0
2009-05-22,74517204.9999999
2009-05-21,102045258.0
2009-05-20,97193039.9999999
2009-05-19,93105508.9999999
2009-05-18,114771356.0
2009-05-15,91891239.9999999
2009-05-14,111976970.0
2009-05-13,148992221.0
2009-05-12,152369805.0
2009-05-11,101195717.0
2009-05-08,117006064.0
2009-05-07,132973925.0
2009-05-06,118410516.0
2009-05-05,99600311.9999999
2009-05-04,152395194.0
2009-05-01,99397234.9999999
2009-04-30,124622078.0
2009-04-29,114564555.0
2009-04-28,113964158.0
2009-04-27,120203433.0
2009-04-24,135236661.0
2009-04-23,236289193.0
2009-04-22,234691772.0
2009-04-21,117671008.0
2009-04-20,116663519.0
2009-04-17,124420674.0
2009-04-16,148395562.0
2009-04-15,103256790.0
2009-04-14,113688925.0
2009-04-13,97367052.9999999
2009-04-09,132734070.0
2009-04-08,113907367.0
2009-04-07,134196468.0
2009-04-06,164515624.0
2009-04-03,159086263.0
2009-04-02,203091462.0
2009-04-01,147398566.0
2009-03-31,142519909.0
2009-03-30,125715345.0
2009-03-27,123260683.0
2009-03-26,154062776.0
2009-03-25,161662886.0
2009-03-24,160153000.0
2009-03-23,166641097.0
2009-03-20,173926123.0
2009-03-19,125079465.0
2009-03-18,199050355.0
2009-03-17,197005102.0
2009-03-16,199386740.0
2009-03-13,150320072.0
2009-03-12,192203340.0
2009-03-11,211696254.0
2009-03-10,211126251.0
2009-03-09,174619354.0
2009-03-06,252786562.0
2009-03-05,176723638.0
2009-03-04,185381623.0
2009-03-03,181084918.0
2009-03-02,192742970.0
2009-02-27,176686048.0
2009-02-26,157513937.0
2009-02-25,208328001.0
2009-02-24,201773159.0
2009-02-23,196743015.0
2009-02-20,187575094.0
2009-02-19,230700547.0
2009-02-18,171142041.0
2009-02-17,169558382.0
2009-02-13,152266590.0
2009-02-12,204335663.0
2009-02-11,168776993.0
2009-02-10,212329642.0
2009-02-09,178749928.0
2009-02-06,171784417.0
2009-02-05,187353537.0
2009-02-04,202103258.0
2009-02-03,149860816.0
2009-02-02,139603352.0
2009-01-30,162955387.0
2009-01-29,148300005.0
2009-01-28,219701881.0
2009-01-27,154631463.0
2009-01-26,174853854.0
2009-01-23,190942374.0
2009-01-22,352381827.0
2009-01-21,275012619.0
2009-01-20,230207747.0
2009-01-19,262120509.0
2009-01-16,262120509.0
2009-01-15,460808390.0
2009-01-14,267996414.0
2009-01-13,199728781.0
2009-01-12,154530138.0
2009-01-09,137445749.0
2009-01-08,168365988.0
2009-01-07,189300706.0
2009-01-06,323043903.0
2009-01-05,297211453.0
2009-01-02,188749470.0
2008-12-31,152010341.0
2008-12-30,242057340.0
2008-12-29,171970575.0
2008-12-26,77301496.9999999
2008-12-24,67864957.9999999
2008-12-23,160419182.0
2008-12-22,211275512.0
2008-12-19,203740908.0
2008-12-18,214435473.0
2008-12-17,325029152.0
2008-12-16,281118306.0
2008-12-15,223012776.0
2008-12-12,260703436.0
2008-12-11,260820049.0
2008-12-10,234619959.0
2008-12-09,301029386.0
2008-12-08,296423162.0
2008-12-05,261100840.0
2008-12-04,272921397.0
2008-12-03,335054356.0
2008-12-02,287354109.0
2008-12-01,231040523.0
2008-11-28,75301358.9999999
2008-11-26,225125607.0
2008-11-25,308889210.0
2008-11-24,360673138.0
2008-11-21,392392448.0
2008-11-20,429184959.0
2008-11-19,293068307.0
2008-11-18,302588524.0
2008-11-17,290730979.0
2008-11-14,351319710.0
2008-11-13,463840426.0
2008-11-12,294732067.0
2008-11-11,306249097.0
2008-11-10,281471498.0
2008-11-07,273909153.0
2008-11-06,329909594.0
2008-11-05,314406141.0
2008-11-04,349991453.0
2008-11-03,264609660.0
2008-10-31,415042817.0
2008-10-30,409521910.0
2008-10-29,488329408.0
2008-10-28,408927400.0
2008-10-27,302347192.0
2008-10-24,397514551.0
2008-10-23,418857418.0
2008-10-22,562202081.0
2008-10-21,548414363.0
2008-10-20,387292038.0
2008-10-17,440787977.0
2008-10-16,495130125.0
2008-10-15,396043865.0
2008-10-14,495597172.0
2008-10-13,385120190.0
2008-10-10,555075367.0
2008-10-09,404547493.0
2008-10-08,552321070.0
2008-10-07,470441839.0
2008-10-06,526957473.0
2008-10-03,574981988.0
2008-10-02,402629654.0
2008-10-01,324348157.0
2008-09-30,406936404.0
2008-09-29,655513662.999999
2008-09-26,281612436.0
2008-09-25,251510980.0
2008-09-24,261841321.0
2008-09-23,320790365.0
2008-09-22,213484068.0
2008-09-19,357938336.0
2008-09-18,419063309.0
2008-09-17,300113240.0
2008-09-16,299959044.0
2008-09-15,230158509.0
2008-09-12,198326604.0
2008-09-11,242783254.0
2008-09-10,243331158.0
2008-09-09,311256092.0
2008-09-08,261557877.0
2008-09-05,196720713.0
2008-09-04,186052874.0
2008-09-03,183736819.0
2008-09-02,195357351.0
2008-08-29,149837128.0
2008-08-28,107846046.0
2008-08-27,119444822.0
2008-08-26,111444536.0
2008-08-25,121124150.0
2008-08-22,109868108.0
2008-08-21,135004555.0
2008-08-20,126782166.0
2008-08-19,154050652.0
2008-08-18,138003124.0
2008-08-15,177080281.0
2008-08-14,177825207.0
2008-08-13,210705502.0
2008-08-12,209105162.0
2008-08-11,222825442.0
2008-08-08,178556140.0
2008-08-07,168124705.0
2008-08-06,197865206.0
2008-08-05,172162683.0
2008-08-04,148173872.0
2008-08-01,136228365.0
2008-07-31,159379675.0
2008-07-30,181315827.0
2008-07-29,171060505.0
2008-07-28,195238645.0
2008-07-25,158408754.0
2008-07-24,209904240.0
2008-07-23,265441526.0
2008-07-22,469898023.0
2008-07-21,340117365.0
2008-07-18,217103047.0
2008-07-17,189381192.0
2008-07-16,187015969.0
2008-07-15,260010464.0
2008-07-14,221513530.0
2008-07-11,232502298.0
2008-07-10,210171829.0
2008-07-09,224025123.0
2008-07-08,222172923.0
2008-07-07,205097221.0
2008-07-03,130859225.0
2008-07-02,209662096.0
2008-07-01,277819892.0
2008-06-30,171084536.0
2008-06-27,260561805.0
2008-06-26,217402080.0
2008-06-25,161112469.0
2008-06-24,155518461.0
2008-06-23,161504168.0
2008-06-20,222091779.0
2008-06-19,198179401.0
2008-06-18,202866790.0
2008-06-17,225038933.0
2008-06-16,262932376.0
2008-06-13,336489167.0
2008-06-12,327082805.0
2008-06-11,240387315.0
2008-06-10,285234915.0
2008-06-09,472097745.0
2008-06-06,241605525.0
2008-06-05,188860714.0
2008-06-04,181867896.0
2008-06-03,189346969.0
2008-06-02,169960000.0
2008-05-30,152545575.0
2008-05-29,161796593.0
2008-05-28,185994487.0
2008-05-27,197476097.0
2008-05-23,227081708.0
2008-05-22,301741433.0
2008-05-21,289414055.0
2008-05-20,242462311.0
2008-05-19,236574877.0
2008-05-16,191441859.0
2008-05-15,218301846.0
2008-05-14,229205760.0
2008-05-13,205808967.0
2008-05-12,204841490.0
2008-05-09,168267715.0
2008-05-08,224771036.0
2008-05-07,289283225.0
2008-05-06,229717355.0
2008-05-05,213639223.0
2008-05-02,251519926.0
2008-05-01,225894067.0
2008-04-30,284880596.0
2008-04-29,230868855.0
2008-04-28,196803138.0
2008-04-25,248117975.0
2008-04-24,424313911.0
2008-04-23,376047707.0
2008-04-22,359892533.0
2008-04-21,259788130.0
2008-04-18,256690994.0
2008-04-17,176324953.0
2008-04-16,198942940.0
2008-04-15,174509181.0
2008-04-14,211325772.0
2008-04-11,302518622.0
2008-04-10,239122247.0
2008-04-09,218477875.0
2008-04-08,253810382.0
2008-04-07,289771916.0
2008-04-04,213695398.0
2008-04-03,262941028.0
2008-04-02,261241498.0
2008-04-01,258141219.0
2008-03-31,192015873.0
2008-03-28,178829581.0
2008-03-27,249956917.0
2008-03-26,295520631.0
2008-03-25,263172980.0
2008-03-24,266836549.0
2008-03-20,227196550.0
2008-03-19,252634200.0
2008-03-18,301279615.0
2008-03-17,268149518.0
2008-03-14,289213883.0
2008-03-13,316058785.0
2008-03-12,264906992.0
2008-03-11,291355414.0
2008-03-10,250173329.0
2008-03-07,307675865.0
2008-03-06,368424378.0
2008-03-05,305458580.0
2008-03-04,446345774.0
2008-03-03,398443262.0
2008-02-29,313869808.0
2008-02-28,404562928.0
2008-02-27,368783891.0
2008-02-26,376221573.0
2008-02-25,314193600.0
2008-02-22,382469059.0
2008-02-21,234528546.0
2008-02-20,241859492.0
2008-02-19,251261346.0
2008-02-15,225324722.0
2008-02-14,238565096.0
2008-02-13,242133283.0
2008-02-12,306494601.0
2008-02-11,300357519.0
2008-02-08,338992640.0
2008-02-07,521151925.0
2008-02-06,393317435.0
2008-02-05,285260437.0
2008-02-04,224808367.0
2008-02-01,252685874.0
2008-01-31,336417991.0
2008-01-30,310762333.0
2008-01-29,274995602.0
2008-01-28,368710818.0
2008-01-25,388684198.0
2008-01-24,501466091.0
2008-01-23,843264043.999999
2008-01-22,608744359.999999
2008-01-18,431085557.0
2008-01-17,439973891.0
2008-01-16,554343923.0
2008-01-15,587565453.999999
2008-01-14,275112418.0
2008-01-11,308070777.0
2008-01-10,370743450.0
2008-01-09,453884711.0
2008-01-08,380953888.0
2008-01-07,518047922.0
2008-01-04,363957328.0
2008-01-03,210516460.0
2008-01-02,269794140.0
