date,marketcap
2019-03-29,906679217400.0
2019-03-28,900808117440.0
2019-03-27,899614804440.0
2019-03-26,891595741080.0
2019-03-25,900903582480.0
2019-03-22,911929794600.0
2019-03-21,931213732680.0
2019-03-20,898135096320.0
2019-03-19,890354695560.0
2019-03-18,897466841040.0
2019-03-15,888397662240.0
2019-03-14,876989589960.0
2019-03-13,867347620920.0
2019-03-12,863529019320.0
2019-03-11,853934782800.0
2019-03-08,825343003320.0
2019-03-07,823385970000.0
2019-03-06,833027939040.0
2019-03-05,837848923560.0
2019-03-04,839376364200.0
2019-03-01,835175902440.0
2019-02-28,826488583800.0
2019-02-27,834698577240.0
2019-02-26,832121021160.0
2019-02-25,831643695960.0
2019-02-22,825629398440.0
2019-02-21,816512487120.0
2019-02-20,821142541560.0
2019-02-19,815891964360.0
2019-02-15,813457605840.0
2019-02-14,815271441600.0
2019-02-13,812312025360.0
2019-02-12,815701034280.0
2019-02-11,808732086360.0
2019-02-08,813409873320.0
2019-02-07,812455222920.0
2019-02-06,828139686683.0
2019-02-05,827854514615.0
2019-02-04,813928611940.0
2019-02-01,791447547213.0
2019-01-31,791067317789.0
2019-01-30,785411405098.0
2019-01-29,735173592379.0
2019-01-28,742873238226.0
2019-01-25,749812425224.0
2019-01-24,725762914121.0
2019-01-23,731561412846.0
2019-01-22,728614634805.0
2019-01-18,745344729486.0
2019-01-17,740781976391.0
2019-01-16,736409338009.0
2019-01-15,727521475210.0
2019-01-14,712930171042.0
2019-01-11,723814238320.0
2019-01-10,730991068709.0
2019-01-09,728662163483.0
2019-01-08,716494821898.0
2019-01-07,703091734682.0
2019-01-04,704660181058.0
2019-01-03,675810273470.0
2019-01-02,750572884074.0
2018-12-31,749717367868.0
2018-12-28,777831051936.0
2018-12-27,777432751455.0
2018-12-26,782511082589.0
2018-12-24,731030745413.0
2018-12-21,750447893864.0
2018-12-20,780818305544.0
2018-12-19,801032054958.0
2018-12-18,826822011106.0
2018-12-17,816217260798.0
2018-12-14,823884545058.0
2018-12-13,851118340450.0
2018-12-12,841907641826.0
2018-12-11,839567626500.0
2018-12-10,844397019832.0
2018-12-07,838870600658.0
2018-12-06,869888250620.0
2018-12-04,879696399966.0
2018-12-03,920173686353.0
2018-11-30,889106248831.0
2018-11-29,893935642163.0
2018-11-28,900856113022.0
2018-11-27,867498447733.0
2018-11-26,869390375018.0
2018-11-23,857789873508.0
2018-11-21,880144488007.0
2018-11-20,881140239210.0
2018-11-19,925351592606.0
2018-11-16,963538651227.0
2018-11-15,952983688479.0
2018-11-14,930031623259.0
2018-11-13,957066268410.0
2018-11-12,966725055076.0
2018-11-09,1018006242011.0
2018-11-08,1038020841184.0
2018-11-07,1041655333074.0
2018-11-06,1010993604289.0
2018-11-05,1000177654653.0
2018-11-02,1029400564449.0
2018-11-01,1102532260613.0
2018-10-31,1085861806128.0
2018-10-30,1058276173111.0
2018-10-29,1053017041637.0
2018-10-26,1073160507473.0
2018-10-25,1090525564228.0
2018-10-24,1067157159280.0
2018-10-23,1105062597454.0
2018-10-22,1094742792297.0
2018-10-19,1088094456282.0
2018-10-18,1071771302932.0
2018-10-17,1097421972482.0
2018-10-16,1102184959478.0
2018-10-15,1078419638947.0
2018-10-12,1101986501686.0
2018-10-11,1063981834616.0
2018-10-10,1073458194160.0
2018-10-09,1125602978873.0
2018-10-08,1110222500033.0
2018-10-05,1112802451322.0
2018-10-04,1131159797035.0
2018-10-03,1151402491767.0
2018-10-02,1137560060811.0
2018-10-01,1127537942340.0
2018-09-28,1103532955940.0
2018-09-27,1099671030560.0
2018-09-26,1077526066042.0
2018-09-25,1086178734297.0
2018-09-24,1079334815903.0
2018-09-21,1064033769779.0
2018-09-20,1075619545918.0
2018-09-19,1067504614107.0
2018-09-18,1066869107399.0
2018-09-17,1065109242670.0
2018-09-14,1094244780976.0
2018-09-13,1106808259743.0
2018-09-12,1080703599582.0
2018-09-11,1094293666108.0
2018-09-10,1067309073582.0
2018-09-07,1081827957604.0
2018-09-06,1090627281254.0
2018-09-05,1109056975787.0
2018-09-04,1116340860364.0
2018-08-31,1112772245772.0
2018-08-30,1100062111612.0
2018-08-29,1090040659677.0
2018-08-28,1074006336582.0
2018-08-27,1065402553458.0
2018-08-24,1056701000071.0
2018-08-23,1053425696268.0
2018-08-22,1051274750487.0
2018-08-21,1051225865355.0
2018-08-20,1053279040874.0
2018-08-17,1063642688728.0
2018-08-16,1042817622757.0
2018-08-15,1027761002290.0
2018-08-14,1025365630852.0
2018-08-13,1021063739289.0
2018-08-10,1014513131684.0
2018-08-09,1017544009830.0
2018-08-08,1009603581181.0
2018-08-07,1008921581175.0
2018-08-06,1018469581267.0
2018-08-03,1013208438359.0
2018-08-02,1010285581188.0
2018-08-01,981592866625.0
2018-07-31,926984151812.0
2018-07-30,925133008937.0
2018-07-27,930345437559.0
2018-07-26,946080151996.0
2018-07-25,949051723454.0
2018-07-24,940185723368.0
2018-07-23,933414437588.0
2018-07-20,932586294723.0
2018-07-19,934729723315.0
2018-07-18,927520008960.0
2018-07-17,932635009009.0
2018-07-16,930004437555.0
2018-07-13,932050437575.0
2018-07-12,930589008990.0
2018-07-11,915244008841.0
2018-07-10,927276437529.0
2018-07-09,928396866111.0
2018-07-06,915682437417.0
2018-07-05,903162865867.0
2018-07-03,895953151512.0
2018-07-02,911834008808.0
2018-06-29,927720127774.0
2018-06-28,929674699919.0
2018-06-27,922958990497.0
2018-06-26,924312155828.0
2018-06-25,912985660832.0
2018-06-22,926767900318.0
2018-06-21,929474230981.0
2018-06-20,934686423369.0
2018-06-19,930626927375.0
2018-06-18,945912683896.0
2018-06-15,946413856241.0
2018-06-14,956236834203.0
2018-06-13,955735661858.0
2018-06-12,963654184908.0
2018-06-11,958391875286.0
2018-06-08,960747385307.0
2018-06-07,969568018579.0
2018-06-06,972174114773.0
2018-06-05,968816260061.0
2018-06-04,961398909356.0
2018-06-01,953430269071.0
2018-05-31,936540761045.0
2018-05-30,939698146819.0
2018-05-29,941702836199.0
2018-05-25,945110808144.0
2018-05-24,942955767061.0
2018-05-23,944008228985.0
2018-05-22,937994160846.0
2018-05-21,940349670867.0
2018-05-18,933734195913.0
2018-05-17,937142167859.0
2018-05-16,943106118764.0
2018-05-15,934385719962.0
2018-05-14,942955767061.0
2018-05-11,945160925379.0
2018-05-10,948769366263.0
2018-05-09,935389541481.0
2018-05-08,928849403248.0
2018-05-07,924406103227.0
2018-05-04,917766115555.0
2018-05-03,883118360336.0
2018-05-02,881520769317.0
2018-05-01,844227003973.0
2018-04-30,825055911748.0
2018-04-27,810378044263.0
2018-04-26,819863740937.0
2018-04-25,817018031935.0
2018-04-24,813473376862.0
2018-04-23,824956062309.0
2018-04-20,827352448837.0
2018-04-19,862699150127.0
2018-04-18,887861208673.0
2018-04-17,889858197446.0
2018-04-16,877776415367.0
2018-04-13,872334620959.0
2018-04-12,869389062518.0
2018-04-11,860901860231.0
2018-04-10,864945762497.0
2018-04-09,848969852310.0
2018-04-06,840632424181.0
2018-04-05,862699150127.0
2018-04-04,856758108526.0
2018-04-03,840682348900.0
2018-04-02,832145221894.0
2018-03-29,852393980837.0
2018-03-28,845789426212.0
2018-03-27,855239019753.0
2018-03-26,877745309746.0
2018-03-23,837965569193.0
2018-03-22,857830037337.0
2018-03-21,870124669794.0
2018-03-20,890293963535.0
2018-03-19,890598789133.0
2018-03-16,904417549581.0
2018-03-15,907618218361.0
2018-03-14,906551328767.0
2018-03-13,914324381519.0
2018-03-12,923215128130.0
2018-03-09,914375185785.0
2018-03-08,898930688815.0
2018-03-07,889227073942.0
2018-03-06,897558973623.0
2018-03-05,898321037618.0
2018-03-02,895221977371.0
2018-03-01,889074661143.0
2018-02-28,904925592244.0
2018-02-27,906297307436.0
2018-02-26,909243954884.0
2018-02-23,891614874460.0
2018-02-22,876373594555.0
2018-02-21,869108584467.0
2018-02-20,873071317242.0
2018-02-16,876017964690.0
2018-02-15,878863003606.0
2018-02-14,850311005917.0
2018-02-13,834917313212.0
2018-02-12,826636217797.0
2018-02-09,794629529996.0
2018-02-08,785027523656.0
2018-02-07,807240033026.0
2018-02-06,824898724986.0
2018-02-05,791807651801.0
2018-02-02,812097438265.0
2018-02-01,848932761321.0
2018-01-31,847161832328.0
2018-01-30,844834325651.0
2018-01-29,849843524803.0
2018-01-26,867805804590.0
2018-01-25,865781885741.0
2018-01-24,881517854794.0
2018-01-23,895786482681.0
2018-01-22,895584090796.0
2018-01-19,902971394596.0
2018-01-18,907019232295.0
2018-01-17,906209664755.0
2018-01-16,891485655127.0
2018-01-12,896039472538.0
2018-01-11,886881239745.0
2018-01-10,881872040593.0
2018-01-09,882074432478.0
2018-01-08,882175628420.0
2018-01-05,885464496550.0
2018-01-04,875496696218.0
2018-01-03,871448858519.0
2018-01-02,871600652433.0
2017-12-29,871859095863.0
2017-12-28,881390144302.0
2017-12-27,878917223626.0
2017-12-26,878762666084.0
2017-12-22,901637182338.0
2017-12-21,901637182338.0
2017-12-20,898236916408.0
2017-12-19,899215780842.0
2017-12-18,908901386824.0
2017-12-15,896279187539.0
2017-12-14,887263330908.0
2017-12-13,887520926812.0
2017-12-12,884584333509.0
2017-12-11,889581694042.0
2017-12-08,872580364394.0
2017-12-07,872322768490.0
2017-12-06,870725673886.0
2017-12-05,873971382274.0
2017-12-04,874795689166.0
2017-12-01,881235586760.0
2017-11-30,885357121220.0
2017-11-29,873147075382.0
2017-11-28,891642461272.0
2017-11-27,896897417708.0
2017-11-24,901431105615.0
2017-11-22,901379586434.0
2017-11-21,892003095537.0
2017-11-20,875723034419.0
2017-11-17,876598860492.0
2017-11-16,881493182664.0
2017-11-15,871086308152.0
2017-11-14,882729643002.0
2017-11-13,896279187539.0
2017-11-10,899885530192.0
2017-11-09,902873642676.0
2017-11-08,904721689704.0
2017-11-07,897380836230.0
2017-11-06,894506096408.0
2017-11-03,885522534464.0
2017-11-02,862986627645.0
2017-11-01,856723801604.0
2017-10-31,867760749135.0
2017-10-30,855851112730.0
2017-10-27,837011299967.0
2017-10-26,808058563188.0
2017-10-25,802925099220.0
2017-10-24,806467189358.0
2017-10-23,801693067868.0
2017-10-20,802103744986.0
2017-10-19,800717709714.0
2017-10-18,820122203513.0
2017-10-17,823766962930.0
2017-10-16,820738219189.0
2017-10-13,805902508322.0
2017-10-12,800820378994.0
2017-10-11,803643784176.0
2017-10-10,800307032597.0
2017-10-09,799999024759.0
2017-10-06,797226954216.0
2017-10-05,797688965973.0
2017-10-04,787884049794.0
2017-10-03,793017513762.0
2017-10-02,789578092904.0
2017-09-29,788428684124.0
2017-09-28,784131512474.0
2017-09-27,788991408983.0
2017-09-26,783415317199.0
2017-09-25,770165704612.0
2017-09-22,777020716530.0
2017-09-21,784694237333.0
2017-09-20,798404261168.0
2017-09-19,812011971392.0
2017-09-18,811705030560.0
2017-09-15,817895004008.0
2017-09-14,809709915151.0
2017-09-13,816718397485.0
2017-09-12,822908370933.0
2017-09-11,826182406475.0
2017-09-08,811500403338.0
2017-09-07,824954643147.0
2017-09-06,828279835495.0
2017-09-05,829149501186.0
2017-09-01,839227391841.0
2017-08-31,838971607814.0
2017-08-30,835646415466.0
2017-08-29,833395516030.0
2017-08-28,826028936059.0
2017-08-25,817792690397.0
2017-08-24,814774438881.0
2017-08-23,818406572061.0
2017-08-22,817383435954.0
2017-08-21,804236136978.0
2017-08-18,805719684333.0
2017-08-17,807561329326.0
2017-08-16,823368782181.0
2017-08-15,826693974529.0
2017-08-14,817741533592.0
2017-08-11,805617370723.0
2017-08-10,794567500766.0
2017-08-09,820708628302.0
2017-08-08,815714871592.0
2017-08-07,809243370549.0
2017-08-04,796911848877.0
2017-08-03,792733399385.0
2017-08-02,800733601462.0
2017-08-01,764605300365.0
2017-07-31,757879015816.0
2017-07-28,761802681803.0
2017-07-27,767204092122.0
2017-07-26,781981535448.0
2017-07-25,778312652967.0
2017-07-24,775000467394.0
2017-07-21,765726347790.0
2017-07-20,766083044697.0
2017-07-19,769548100374.0
2017-07-18,764758170468.0
2017-07-17,762108422010.0
2017-07-14,759458673551.0
2017-07-13,752987172509.0
2017-07-12,742642962180.0
2017-07-11,741572871457.0
2017-07-10,739177906504.0
2017-07-07,734693716805.0
2017-07-06,727304995142.0
2017-07-05,734235106495.0
2017-07-03,731228661129.0
2017-06-30,737831271427.0
2017-06-29,736089411739.0
2017-06-28,747104112708.0
2017-06-27,736345567576.0
2017-06-26,747052881541.0
2017-06-23,749409515237.0
2017-06-22,746079489362.0
2017-06-21,747309037377.0
2017-06-20,742903156990.0
2017-06-19,749716902240.0
2017-06-16,728865817150.0
2017-06-15,739214512944.0
2017-06-14,743671624499.0
2017-06-13,750997681423.0
2017-06-12,745003634849.0
2017-06-09,763241930407.0
2017-06-08,794031861953.0
2017-06-07,795978646311.0
2017-06-06,791265378919.0
2017-06-05,788601358220.0
2017-06-02,796388495649.0
2017-06-01,784759020672.0
2017-05-31,782607311646.0
2017-05-30,787269347870.0
2017-05-26,786961960866.0
2017-05-25,788293971216.0
2017-05-24,785578719349.0
2017-05-23,787935353045.0
2017-05-22,788908745224.0
2017-05-19,784144246665.0
2017-05-18,781480225965.0
2017-05-17,769748288654.0
2017-05-16,796490957984.0
2017-05-15,797669274831.0
2017-05-12,799718521523.0
2017-05-11,788703820554.0
2017-05-10,781941306471.0
2017-05-09,785665808322.0
2017-05-08,780665792138.0
2017-05-05,760002459950.0
2017-05-04,747604460637.0
2017-05-03,750308551022.0
2017-05-02,752604476821.0
2017-05-01,747859563503.0
2017-04-28,732910535525.0
2017-04-27,733624823551.0
2017-04-26,733063597245.0
2017-04-25,737400345976.0
2017-04-24,732859514952.0
2017-04-21,725869696409.0
2017-04-20,726737046155.0
2017-04-19,717757425253.0
2017-04-18,720410495065.0
2017-04-17,723624791183.0
2017-04-13,719645186466.0
2017-04-12,723471729464.0
2017-04-11,722604379717.0
2017-04-10,730461548006.0
2017-04-07,731328897752.0
2017-04-06,732961556098.0
2017-04-05,734798296737.0
2017-04-04,738624839735.0
2017-04-03,733165638391.0
2017-03-31,742198227277.0
2017-03-30,743593142503.0
2017-03-29,744574749514.0
2017-03-28,742921516653.0
2017-03-27,727835766802.0
2017-03-24,726595842157.0
2017-03-23,728042420909.0
2017-03-22,730625597254.0
2017-03-21,722462760006.0
2017-03-20,730832251361.0
2017-03-17,723237712909.0
2017-03-16,726854159791.0
2017-03-15,725665898673.0
2017-03-14,718071360220.0
2017-03-13,719156294285.0
2017-03-10,718846313123.0
2017-03-09,716469790886.0
2017-03-08,718123023747.0
2017-03-07,720809527145.0
2017-03-06,719879583661.0
2017-03-03,722152778844.0
2017-03-02,717916369639.0
2017-03-01,722204442371.0
2017-02-28,707738654842.0
2017-02-27,707428673681.0
2017-02-24,706033758455.0
2017-02-23,705362132605.0
2017-02-22,708358617165.0
2017-02-21,706240412563.0
2017-02-17,701177386928.0
2017-02-16,699240004669.0
2017-02-15,700092452863.0
2017-02-14,697560940045.0
2017-02-13,688623149894.0
2017-02-10,682578517248.0
2017-02-09,684128423054.0
2017-02-08,679220388000.0
2017-02-07,676596922400.0
2017-02-06,670218300155.0
2017-02-03,663993999417.0
2017-02-02,661164771809.0
2017-02-01,662296462852.0
2017-01-31,624230491395.0
2017-01-30,625670825450.0
2017-01-27,627316921513.0
2017-01-26,627265481011.0
2017-01-25,626956837999.0
2017-01-24,617131702123.0
2017-01-23,617697547645.0
2017-01-20,617286023629.0
2017-01-19,616154332586.0
2017-01-18,617234583127.0
2017-01-17,617286023629.0
2017-01-13,612347735440.0
2017-01-12,613427985982.0
2017-01-11,616000011080.0
2017-01-10,612707818954.0
2017-01-09,612090532930.0
2017-01-06,606534958718.0
2017-01-05,599847693462.0
2017-01-04,596812703846.0
2017-01-03,597481430371.0
2016-12-30,615049156617.0
2016-12-29,619881609842.0
2016-12-28,620040921486.0
2016-12-27,622696115566.0
2016-12-23,618766428328.0
2016-12-22,617545039052.0
2016-12-21,621634037934.0
2016-12-20,621049895237.0
2016-12-19,619403674907.0
2016-12-16,615845714841.0
2016-12-15,615049156617.0
2016-12-14,611703612076.0
2016-12-13,611703612076.0
2016-12-12,601666978455.0
2016-12-09,605118730759.0
2016-12-08,595400720427.0
2016-12-07,589612397333.0
2016-12-06,583877178121.0
2016-12-05,579416452067.0
2016-12-02,583611658713.0
2016-12-01,581434399568.0
2016-11-30,586904099372.0
2016-11-29,591895864242.0
2016-11-28,592480006939.0
2016-11-25,593648292334.0
2016-11-23,590674474965.0
2016-11-22,593701396216.0
2016-11-21,593329669045.0
2016-11-18,584461320819.0
2016-11-17,583877178121.0
2016-11-16,584089593648.0
2016-11-15,568795675749.0
2016-11-14,561361132326.0
2016-11-11,575805388119.0
2016-11-10,572406739697.0
2016-11-09,588815839109.0
2016-11-08,589771708978.0
2016-11-07,586319956675.0
2016-11-04,577982647264.0
2016-11-03,583239931542.0
2016-11-02,589559293452.0
2016-11-01,589030967174.0
2016-10-31,599861655870.0
2016-10-28,600812643170.0
2016-10-27,604827922882.0
2016-10-26,610692344566.0
2016-10-25,624745823557.0
2016-10-24,621575865889.0
2016-10-21,616028439972.0
2016-10-20,618458740850.0
2016-10-19,618775736617.0
2016-10-18,620624878589.0
2016-10-17,621047539612.0
2016-10-14,621470200634.0
2016-10-13,618036079828.0
2016-10-12,619938054428.0
2016-10-11,614443461138.0
2016-10-10,613122645444.0
2016-10-07,602608952515.0
2016-10-06,601710797842.0
2016-10-05,597272857108.0
2016-10-04,597008693969.0
2016-10-03,594472727836.0
2016-09-30,597272857108.0
2016-09-29,592676418491.0
2016-09-28,602027793609.0
2016-09-27,597484187620.0
2016-09-26,596374702436.0
2016-09-23,592499317134.0
2016-09-22,602539896459.0
2016-09-21,596915069298.0
2016-09-20,597020206254.0
2016-09-19,597072774733.0
2016-09-16,604116950804.0
2016-09-15,607533901883.0
2016-09-14,587557880189.0
2016-09-13,567476721539.0
2016-09-12,554282033525.0
2016-09-09,542138715075.0
2016-09-08,554702581350.0
2016-09-07,569632029143.0
2016-09-06,566162509585.0
2016-09-02,566320215020.0
2016-09-01,561063367206.0
2016-08-31,557751553083.0
2016-08-30,557225868301.0
2016-08-29,561536483509.0
2016-08-26,562167305247.0
2016-08-25,565479119369.0
2016-08-24,567897269364.0
2016-08-23,572207884572.0
2016-08-22,570420556315.0
2016-08-19,574888876957.0
2016-08-18,573416959569.0
2016-08-17,574152918263.0
2016-08-16,574994013913.0
2016-08-15,575519698695.0
2016-08-12,568685796536.0
2016-08-11,567371584583.0
2016-08-10,567739563930.0
2016-08-09,571997610659.0
2016-08-08,569684597621.0
2016-08-05,565006003066.0
2016-08-04,556542478085.0
2016-08-03,553125527006.0
2016-08-02,546276160900.0
2016-08-01,554484943180.0
2016-07-29,544864459489.0
2016-07-28,545544167576.0
2016-07-27,538276519570.0
2016-07-26,505441390450.0
2016-07-25,508944501359.0
2016-07-22,515846152703.0
2016-07-21,519872115987.0
2016-07-20,522643233572.0
2016-07-19,522172666435.0
2016-07-18,521963525485.0
2016-07-15,516473575552.0
2016-07-14,516525860790.0
2016-07-13,506487095199.0
2016-07-12,509362783259.0
2016-07-11,507062232811.0
2016-07-08,505493675687.0
2016-07-07,501624568116.0
2016-07-06,499480873380.0
2016-07-05,496657470558.0
2016-07-01,501363141929.0
2016-06-30,499846870042.0
2016-06-29,493572641548.0
2016-06-28,489337537315.0
2016-06-27,481233325510.0
2016-06-24,494421224879.0
2016-06-23,508713915534.0
2016-06-22,505802441512.0
2016-06-21,507708133599.0
2016-06-20,503420326403.0
2016-06-17,504637851903.0
2016-06-16,516389619775.0
2016-06-15,514219248231.0
2016-06-14,515913196753.0
2016-06-13,515277966057.0
2016-06-10,523165413863.0
2016-06-09,527506156951.0
2016-06-08,523747708668.0
2016-06-07,524224131690.0
2016-06-06,522106696037.0
2016-06-03,518348247754.0
2016-06-02,517289529927.0
2016-06-01,521206785885.0
2016-05-31,528617810669.0
2016-05-27,531211669343.0
2016-05-26,531529284691.0
2016-05-25,527347349277.0
2016-05-24,518242375971.0
2016-05-23,510460799948.0
2016-05-20,504055557099.0
2016-05-19,498656096185.0
2016-05-18,500561788272.0
2016-05-17,494897647901.0
2016-05-16,496962147663.0
2016-05-13,479175688181.0
2016-05-12,478222842137.0
2016-05-11,489709930552.0
2016-05-10,494527096662.0
2016-05-09,491192135509.0
2016-05-06,490821584270.0
2016-05-05,493574250618.0
2016-05-04,495585814488.0
2016-05-03,500794753403.0
2016-05-02,492691959536.0
2016-04-29,493218114982.0
2016-04-28,498953209342.0
2016-04-27,514685257174.0
2016-04-26,549043207791.0
2016-04-25,552884142546.0
2016-04-22,556041075222.0
2016-04-21,557566926015.0
2016-04-20,563670329187.0
2016-04-19,562512787206.0
2016-04-18,565511873248.0
2016-04-15,577981757316.0
2016-04-14,589820254848.0
2016-04-13,589504561581.0
2016-04-12,581086074446.0
2016-04-11,573614667115.0
2016-04-08,571720507509.0
2016-04-07,571089120974.0
2016-04-06,583822082765.0
2016-04-05,577771295137.0
2016-04-04,584663931478.0
2016-04-01,578718374940.0
2016-03-31,573456820481.0
2016-03-30,576455906522.0
2016-03-29,566564184140.0
2016-03-28,553462913537.0
2016-03-24,561330814958.0
2016-03-23,563774386216.0
2016-03-22,566908531961.0
2016-03-21,562605721701.0
2016-03-18,562658842816.0
2016-03-17,562021389444.0
2016-03-16,562924448387.0
2016-03-15,555540613498.0
2016-03-14,544597663949.0
2016-03-11,543216514977.0
2016-03-10,537426313516.0
2016-03-09,537160707945.0
2016-03-08,536682617916.0
2016-03-07,541144791518.0
2016-03-04,547200598550.0
2016-03-03,539179310289.0
2016-03-02,535195226715.0
2016-03-01,534026562200.0
2016-02-29,513628054304.0
2016-02-26,514796718819.0
2016-02-25,513999902104.0
2016-02-24,510493908559.0
2016-02-23,503003831441.0
2016-02-22,514637355476.0
2016-02-19,510175181873.0
2016-02-18,511343846388.0
2016-02-17,521224373651.0
2016-02-16,513362448732.0
2016-02-12,499285353439.0
2016-02-11,497744841124.0
2016-02-10,500772744640.0
2016-02-09,504597464870.0
2016-02-08,504703707099.0
2016-02-05,499444716782.0
2016-02-04,513149964275.0
2016-02-03,509059638473.0
2016-02-02,499179601898.0
2016-02-01,509482313834.0
2016-01-29,514290246071.0
2016-01-28,497119059511.0
2016-01-27,493579153359.0
2016-01-26,528291367420.0
2016-01-25,525385474309.0
2016-01-22,535846689506.0
2016-01-21,508795466372.0
2016-01-20,511384352961.0
2016-01-19,510697505498.0
2016-01-15,513180723247.0
2016-01-14,525808149671.0
2016-01-13,514554418172.0
2016-01-12,528132864159.0
2016-01-11,520577542073.0
2016-01-08,512282538104.0
2016-01-07,509587982674.0
2016-01-06,532042611253.0
2016-01-05,542662329710.0
2016-01-04,556610616638.0
2015-12-31,556135106857.0
2015-12-30,567018997414.0
2015-12-29,574521485081.0
2015-12-28,564377276405.0
2015-12-24,591068345551.0
2015-12-23,594241719988.0
2015-12-22,586691277362.0
2015-12-21,587238410886.0
2015-12-18,580125675079.0
2015-12-17,596266114026.0
2015-12-16,609178465183.0
2015-12-15,604527830232.0
2015-12-14,615415787352.0
2015-12-11,619245722017.0
2015-12-10,635605014373.0
2015-12-09,632595779993.0
2015-12-08,646875964959.0
2015-12-07,647149531721.0
2015-12-04,651253033148.0
2015-12-03,630297819194.0
2015-12-02,636206861249.0
2015-12-01,642006476599.0
2015-11-30,647258958426.0
2015-11-27,644578004160.0
2015-11-25,645781697912.0
2015-11-24,650432332862.0
2015-11-23,644249724046.0
2015-11-20,652730293662.0
2015-11-19,649885199339.0
2015-11-18,641732909837.0
2015-11-17,622036102987.0
2015-11-16,624689700577.0
2015-11-13,614649800419.0
2015-11-12,633142913517.0
2015-11-11,635276734259.0
2015-11-10,638887815514.0
2015-11-09,659678889411.0
2015-11-06,662359843677.0
2015-11-05,661593856744.0
2015-11-04,664657804476.0
2015-11-03,667763172907.0
2015-11-02,660190432348.0
2015-10-30,651037767499.0
2015-10-29,656649222734.0
2015-10-28,649784724097.0
2015-10-27,624070094285.0
2015-10-26,628047145082.0
2015-10-23,648749601287.0
2015-10-22,629245708336.0
2015-10-21,619766162600.0
2015-10-20,619820642748.0
2015-10-19,608706692575.0
2015-10-16,604947562369.0
2015-10-15,609414934498.0
2015-10-14,600425710093.0
2015-10-13,609033573462.0
2015-10-12,607998450652.0
2015-10-09,610831418343.0
2015-10-08,596557619591.0
2015-10-07,603531078524.0
2015-10-06,606418526363.0
2015-10-05,603531078524.0
2015-10-02,601351872607.0
2015-10-01,596993460775.0
2015-09-30,599009226247.0
2015-09-29,594160493083.0
2015-09-28,612574783076.0
2015-09-25,622787463060.0
2015-09-24,624361940999.0
2015-09-23,620670061695.0
2015-09-22,615675166167.0
2015-09-21,625502080195.0
2015-09-18,615946627881.0
2015-09-17,618498367988.0
2015-09-16,632017161319.0
2015-09-15,631311360864.0
2015-09-14,626045003622.0
2015-09-11,620072845926.0
2015-09-10,611168901724.0
2015-09-09,598030154791.0
2015-09-08,609757300814.0
2015-09-04,593252428634.0
2015-09-03,599224586331.0
2015-09-02,609920177842.0
2015-09-01,584837115516.0
2015-08-31,612200456235.0
2015-08-28,615077950398.0
2015-08-27,613069133718.0
2015-08-26,595532707027.0
2015-08-25,563228763123.0
2015-08-24,559862637876.0
2015-08-21,574195816348.0
2015-08-20,611603240465.0
2015-08-19,624416233341.0
2015-08-18,632505792403.0
2015-08-17,636089087021.0
2015-08-14,629574005897.0
2015-08-13,625176326139.0
2015-08-12,625664957223.0
2015-08-11,616163797252.0
2015-08-10,649987926751.0
2015-08-07,627185142819.0
2015-08-06,625067741454.0
2015-08-05,623710432886.0
2015-08-04,619602807852.0
2015-08-03,640140933025.0
2015-07-31,655598574602.0
2015-07-30,661381678269.0
2015-07-29,664732635535.0
2015-07-28,666840495750.0
2015-07-27,663543586182.0
2015-07-24,672893837906.0
2015-07-23,676460985962.0
2015-07-22,676785272149.0
2015-07-21,706673649046.0
2015-07-20,713807945159.0
2015-07-17,700566259192.0
2015-07-16,694566964733.0
2015-07-15,685432903801.0
2015-07-14,678893132364.0
2015-07-13,679163370853.0
2015-07-10,666300018771.0
2015-07-09,648950707770.0
2015-07-08,662462632226.0
2015-07-07,679325513947.0
2015-07-06,681000992579.0
2015-07-02,683379091284.0
2015-07-01,684243854449.0
2015-06-30,677893249955.0
2015-06-29,673055980999.0
2015-06-26,692383092289.0
2015-06-25,696480033664.0
2015-06-24,699812212648.0
2015-06-23,693912617069.0
2015-06-22,697080918399.0
2015-06-19,691563704014.0
2015-06-18,698555817294.0
2015-06-17,695387515964.0
2015-06-16,697026292514.0
2015-06-15,693311732334.0
2015-06-12,694677379459.0
2015-06-11,702434255128.0
2015-06-10,704018405793.0
2015-06-09,696043026584.0
2015-06-08,698118810214.0
2015-06-05,702762010438.0
2015-06-04,706640448273.0
2015-06-03,710792015532.0
2015-06-02,709918001372.0
2015-06-01,713058989759.0
2015-05-29,711666029692.0
2015-05-28,719859912441.0
2015-05-27,721307498393.0
2015-05-26,708060721282.0
2015-05-22,724011479700.0
2015-05-21,717729502926.0
2015-05-20,710464260222.0
2015-05-19,710518886107.0
2015-05-18,711174396727.0
2015-05-15,703417521058.0
2015-05-14,704400786988.0
2015-05-13,688340776800.0
2015-05-12,687548701467.0
2015-05-11,690034179235.0
2015-05-08,697135544284.0
2015-05-07,684243835425.0
2015-05-06,680037642281.0
2015-05-05,684335136381.0
2015-05-04,700110747633.0
2015-05-01,701470714120.0
2015-04-30,680799223514.0
2015-04-29,699784355676.0
2015-04-28,710228898298.0
2015-04-27,721598218131.0
2015-04-24,708705735832.0
2015-04-23,705387417603.0
2015-04-22,699675558357.0
2015-04-21,690373387584.0
2015-04-20,694126895089.0
2015-04-17,678623277134.0
2015-04-16,686347886782.0
2015-04-15,689666205011.0
2015-04-14,687055069355.0
2015-04-13,690046995627.0
2015-04-10,691406962114.0
2015-04-09,688469434502.0
2015-04-08,683247163191.0
2015-04-07,685477508230.0
2015-04-06,692766928601.0
2015-04-02,681724000725.0
2015-04-01,675903344160.0
2015-03-31,676882520030.0
2015-03-30,687435859971.0
2015-03-27,675857766809.0
2015-03-26,681286563476.0
2015-03-25,676570639099.0
2015-03-24,694721464317.0
2015-03-23,697572953475.0
2015-03-20,690389394250.0
2015-03-19,699135788879.0
2015-03-18,704482331051.0
2015-03-17,696640735866.0
2015-03-16,685179942903.0
2015-03-13,677722202028.0
2015-03-12,682438126405.0
2015-03-11,670319297483.0
2015-03-10,682767144385.0
2015-03-09,697189099165.0
2015-03-06,694227937347.0
2015-03-05,693186047078.0
2015-03-04,704866185360.0
2015-03-03,709362764418.0
2015-03-02,707882183509.0
2015-02-27,704427494721.0
2015-02-26,715147997229.0
2015-02-25,706237093610.0
2015-02-24,724771773138.0
2015-02-23,729323188525.0
2015-02-20,710103054872.0
2015-02-19,704372658391.0
2015-02-18,705825821135.0
2015-02-17,700972805933.0
2015-02-13,696860081186.0
2015-02-12,693460228728.0
2015-02-11,684796088594.0
2015-02-10,669112898224.0
2015-02-09,656500542332.0
2015-02-06,652168472265.0
2015-02-05,657706941591.0
2015-02-04,653045853544.0
2015-02-03,648075364027.0
2015-02-02,647966122499.0
2015-01-30,639936870201.0
2015-01-29,649440883125.0
2015-01-28,629832028874.0
2015-01-27,596131017529.0
2015-01-26,617760840046.0
2015-01-23,617105390878.0
2015-01-22,613937386571.0
2015-01-21,598370468851.0
2015-01-20,593836945444.0
2015-01-16,578925476892.0
2015-01-15,583459000298.0
2015-01-14,599735987949.0
2015-01-13,602030060034.0
2015-01-12,596731845933.0
2015-01-09,611807176777.0
2015-01-08,611151727610.0
2015-01-07,588538731343.0
2015-01-06,580400237518.0
2015-01-05,580345616754.0
2015-01-02,597168812044.0
2014-12-31,602903992257.0
2014-12-30,614592835738.0
2014-12-29,622185121924.0
2014-12-26,648118480234.0
2014-12-24,636860698053.0
2014-12-23,639874144798.0
2014-12-22,642148444229.0
2014-12-19,635552975880.0
2014-12-18,640499577142.0
2014-12-17,622077751754.0
2014-12-16,606925231798.0
2014-12-15,615340139691.0
2014-12-12,623897191298.0
2014-12-11,634643256108.0
2014-12-10,636519553138.0
2014-12-09,648857627549.0
2014-12-08,639078139998.0
2014-12-05,653861086296.0
2014-12-04,656647103099.0
2014-12-03,659148832473.0
2014-12-02,651757359323.0
2014-12-01,654259088697.0
2014-11-28,676206078202.0
2014-11-26,676604080602.0
2014-11-25,668644032595.0
2014-11-24,674471924886.0
2014-11-21,662219136704.0
2014-11-20,661309416932.0
2014-11-19,651984789266.0
2014-11-18,656533388127.0
2014-11-17,648118480234.0
2014-11-14,649198772464.0
2014-11-13,641466154400.0
2014-11-12,632539529135.0
2014-11-11,623726618841.0
2014-11-10,618780017580.0
2014-11-07,619803452323.0
2014-11-06,618040870265.0
2014-11-05,616278288206.0
2014-11-04,614806376072.0
2014-11-03,619335336485.0
2014-10-31,611409655762.0
2014-10-30,605635231235.0
2014-10-29,607673263421.0
2014-10-28,604276543111.0
2014-10-27,595048786270.0
2014-10-24,595671518326.0
2014-10-23,593463650125.0
2014-10-22,583047041175.0
2014-10-21,580103216907.0
2014-10-20,564761363507.0
2014-10-17,552929454428.0
2014-10-16,544947161700.0
2014-10-15,552193498361.0
2014-10-14,559043550986.0
2014-10-13,565044423533.0
2014-10-10,570252728008.0
2014-10-09,571894476158.0
2014-10-08,570649012044.0
2014-10-07,559043550986.0
2014-10-06,563968795435.0
2014-10-03,563968795435.0
2014-10-02,565553931580.0
2014-10-01,561477867208.0
2014-09-30,570365952019.0
2014-09-29,566742783688.0
2014-09-26,563756310915.0
2014-09-25,547640994037.0
2014-09-24,569351907053.0
2014-09-23,574331987616.0
2014-09-22,565490945718.0
2014-09-19,564931386104.0
2014-09-18,569575730899.0
2014-09-17,568400655710.0
2014-09-16,564371826490.0
2014-09-15,568680435517.0
2014-09-12,568848303401.0
2014-09-11,567561316289.0
2014-09-10,565155209950.0
2014-09-09,548312465574.0
2014-09-08,550382836145.0
2014-09-05,553796149789.0
2014-09-04,549039893072.0
2014-09-03,553628281905.0
2014-09-02,578025081067.0
2014-09-01,578025081067.0
2014-08-29,573548604157.0
2014-08-28,572149705122.0
2014-08-27,571478233586.0
2014-08-26,564534098778.0
2014-08-25,568176831864.0
2014-08-22,566945800714.0
2014-08-21,562805059572.0
2014-08-20,562805059572.0
2014-08-19,562525279765.0
2014-08-18,554859313055.0
2014-08-15,548256509612.0
2014-08-14,545570623466.0
2014-08-13,544115768470.0
2014-08-12,537009361375.0
2014-08-11,537121273298.0
2014-08-08,530126778125.0
2014-08-07,528671923129.0
2014-08-06,528727879090.0
2014-08-05,529618743251.0
2014-08-04,532235656721.0
2014-08-01,535242323262.0
2014-07-31,532291335731.0
2014-07-30,546489483285.0
2014-07-29,547770100515.0
2014-07-28,551333557156.0
2014-07-25,543822458705.0
2014-07-24,540253434163.0
2014-07-23,541144298324.0
2014-07-22,527391582850.0
2014-07-21,523043052168.0
2014-07-18,525776891560.0
2014-07-17,518315347428.0
2014-07-16,527725656910.0
2014-07-15,530732323451.0
2014-07-14,537024051583.0
2014-07-11,530175533351.0
2014-07-10,529145471666.0
2014-07-09,531122076521.0
2014-07-08,530899360481.0
2014-07-07,534340323300.0
2014-07-03,523549731159.0
2014-07-02,520487385608.0
2014-07-01,520710101648.0
2014-06-30,517425040058.0
2014-06-27,521020308256.0
2014-06-26,514902652973.0
2014-06-25,511843825332.0
2014-06-24,511390665681.0
2014-06-23,514506138279.0
2014-06-20,514959297930.0
2014-06-19,520340568780.0
2014-06-18,522153207383.0
2014-06-17,521586757819.0
2014-06-16,522266497295.0
2014-06-13,517055161314.0
2014-06-12,522776301902.0
2014-06-11,531669560045.0
2014-06-10,533878713341.0
2014-06-09,530763240744.0
2014-06-06,522404063618.0
2014-06-05,523844463936.0
2014-06-04,521797153371.0
2014-06-03,515906077914.0
2014-06-02,508712168461.0
2014-05-30,512232247890.0
2014-05-29,514158176405.0
2014-05-28,504957417070.0
2014-05-27,506268343202.0
2014-05-23,496962386092.0
2014-05-22,491411180373.0
2014-05-21,490634335257.0
2014-05-20,489339593399.0
2014-05-19,489242487759.0
2014-05-16,483513255034.0
2014-05-15,476481188313.0
2014-05-14,480567717305.0
2014-05-13,480478703802.0
2014-05-12,479726135097.0
2014-05-09,473828990537.0
2014-05-08,475809540974.0
2014-05-07,476659215319.0
2014-05-06,478333030874.0
2014-05-05,483603940435.0
2014-05-02,476860395073.0
2014-05-01,475975204154.0
2014-04-30,474856644721.0
2014-04-29,476659215319.0
2014-04-28,478075520789.0
2014-04-25,460250994563.0
2014-04-24,456895316262.0
2014-04-23,422276304152.0
2014-04-22,427868296601.0
2014-04-21,427442600241.0
2014-04-17,422429200766.0
2014-04-16,417657216995.0
2014-04-15,416812181555.0
2014-04-14,419805816770.0
2014-04-11,418140048405.0
2014-04-10,421254311001.0
2014-04-09,426758589077.0
2014-04-08,421222122240.0
2014-04-07,421246263811.0
2014-04-04,427965667602.0
2014-04-03,433574559151.0
2014-04-02,436600302654.0
2014-04-01,435876055539.0
2014-03-31,431924885166.0
2014-03-28,442790026618.0
2014-03-27,443284893093.0
2014-03-26,445198376798.0
2014-03-25,449495467359.0
2014-03-24,444711758097.0
2014-03-21,439499164557.0
2014-03-20,436059842553.0
2014-03-19,438171272848.0
2014-03-18,438286741692.0
2014-03-17,434443278733.0
2014-03-14,432752484943.0
2014-03-13,437668158598.0
2014-03-12,442583832253.0
2014-03-11,442154947975.0
2014-03-10,437890848512.0
2014-03-07,437494955332.0
2014-03-06,437750636344.0
2014-03-05,439078528053.0
2014-03-04,438154777299.0
2014-03-03,435284551742.0
2014-02-28,434030890004.0
2014-02-27,435210321770.0
2014-02-26,426698618394.0
2014-02-25,430583320225.0
2014-02-24,435111348475.0
2014-02-21,433214360320.0
2014-02-20,438080547327.0
2014-02-19,443210663122.0
2014-02-18,450320244818.0
2014-02-14,448670689900.0
2014-02-13,449033591982.0
2014-02-12,442014735807.0
2014-02-11,442047726905.0
2014-02-10,436299028016.0
2014-02-07,428620349873.0
2014-02-06,422706695492.0
2014-02-05,420257106439.0
2014-02-04,417141600861.0
2014-02-03,411189345466.0
2014-01-31,410426866469.0
2014-01-30,409756212900.0
2014-01-29,410549846953.0
2014-01-28,415264098815.0
2014-01-27,451338373934.0
2014-01-24,447706350325.0
2014-01-23,455995234904.0
2014-01-22,452166442522.0
2014-01-21,450165959993.0
2014-01-17,443279052924.0
2014-01-16,454412886018.0
2014-01-15,456962681373.0
2014-01-14,447968708690.0
2014-01-13,439228895672.0
2014-01-10,436941458682.0
2014-01-09,439875773015.0
2014-01-08,445566489915.0
2014-01-07,442760485220.0
2014-01-06,445951828763.0
2014-01-03,443533212590.0
2014-01-02,453494631742.0
2013-12-31,459963405167.0
2013-12-30,454634250888.0
2013-12-27,474590168609.0
2013-12-26,477818557873.0
2013-12-24,481013053285.0
2013-12-23,483063631242.0
2013-12-20,465210045475.0
2013-12-19,461346146514.0
2013-12-18,466692901436.0
2013-12-17,470268702667.0
2013-12-16,472395541788.0
2013-12-13,469794188759.0
2013-12-12,474971474428.0
2013-12-11,475666298364.0
2013-12-10,479216679207.0
2013-12-09,479962343919.0
2013-12-06,474530854371.0
2013-12-05,481208790272.0
2013-12-04,478750638762.0
2013-12-03,479870830522.0
2013-12-02,467082680717.0
2013-11-29,471183836631.0
2013-11-27,462617165909.0
2013-11-26,451974496842.0
2013-11-25,443789131939.0
2013-11-22,440450587661.0
2013-11-21,441582642269.0
2013-11-20,436383325597.0
2013-11-19,440238751095.0
2013-11-18,439458345187.0
2013-11-15,444849162114.0
2013-11-14,447534402422.0
2013-11-13,441157274445.0
2013-11-12,440628530377.0
2013-11-11,439813383271.0
2013-11-08,441094570821.0
2013-11-07,434258181169.0
2013-11-06,441399615476.0
2013-11-05,442652840600.0
2013-11-04,443748839156.0
2013-11-01,438087724398.0
2013-10-31,440338691456.0
2013-10-30,442186978031.0
2013-10-29,435263906441.0
2013-10-28,446382268432.0
2013-10-25,443081636345.0
2013-10-24,448095766560.0
2013-10-23,442240893410.0
2013-10-22,437950829881.0
2013-10-21,439209838216.0
2013-10-18,428703078801.0
2013-10-17,425004820796.0
2013-10-16,422152360294.0
2013-10-15,420101891050.0
2013-10-14,417877881680.0
2013-10-11,415158524769.0
2013-10-10,412484658959.0
2013-10-09,409915254195.0
2013-10-08,405157222029.0
2013-10-07,410894155289.0
2013-10-04,406917896113.0
2013-10-03,407238018674.0
2013-10-02,412418949592.0
2013-10-01,411071065125.0
2013-09-30,401627449583.0
2013-09-27,403453071744.0
2013-09-26,406353086574.0
2013-09-25,402433469989.0
2013-09-24,408760015308.0
2013-09-23,410047053590.0
2013-09-20,390632833276.0
2013-09-19,394719597690.0
2013-09-18,388351265413.0
2013-09-17,380528747025.0
2013-09-16,376182903477.0
2013-09-13,388535128025.0
2013-09-12,395045535956.0
2013-09-11,390883555019.0
2013-09-10,413390010166.0
2013-09-09,423026082496.0
2013-09-06,416381956301.0
2013-09-05,413916525826.0
2013-09-04,416775589438.0
2013-09-03,408325430953.0
2013-08-30,407185482761.0
2013-08-29,410932937083.0
2013-08-28,410261002811.0
2013-08-27,408333788345.0
2013-08-26,420351717235.0
2013-08-23,418722025904.0
2013-08-22,420343359843.0
2013-08-21,419841916357.0
2013-08-20,418763812861.0
2013-08-19,424338192952.0
2013-08-16,419816844183.0
2013-08-15,416122877167.0
2013-08-14,416615963261.0
2013-08-13,409152812706.0
2013-08-12,390591046319.0
2013-08-09,379801653970.0
2013-08-08,385284102755.0
2013-08-07,386052982767.0
2013-08-06,386277152205.0
2013-08-05,389764232354.0
2013-08-02,384027155252.0
2013-08-01,379158527158.0
2013-07-31,375716280897.0
2013-07-30,376372184068.0
2013-07-29,371780861872.0
2013-07-26,366135113060.0
2013-07-25,364067772686.0
2013-07-24,365736589614.0
2013-07-23,347869455137.0
2013-07-22,353946937682.0
2013-07-19,352817787920.0
2013-07-18,358470178789.0
2013-07-17,357267966395.0
2013-07-16,357172486820.0
2013-07-15,354885128294.0
2013-07-12,354112989118.0
2013-07-11,354758929202.0
2013-07-10,349314102627.0
2013-07-09,350659119256.0
2013-07-08,344598241854.0
2013-07-05,346565951367.0
2013-07-04,349372220630.0
2013-07-03,349372220630.0
2013-07-02,347454326548.0
2013-07-01,339757842505.0
2013-06-28,336976374044.0
2013-06-27,334639388120.0
2013-06-26,338285086162.0
2013-06-25,342160233731.0
2013-06-24,342083750556.0
2013-06-21,351397701731.0
2013-06-20,354234377737.0
2013-06-19,359470925834.0
2013-06-18,366923786400.0
2013-06-17,367119243405.0
2013-06-14,365462107931.0
2013-06-13,370488752201.0
2013-06-12,367280707887.0
2013-06-11,371878196560.0
2013-06-10,372974455412.0
2013-06-07,375456759370.0
2013-06-06,372609035794.0
2013-06-05,378260292666.0
2013-06-04,381829507533.0
2013-06-03,383027743952.0
2013-05-31,382190678085.0
2013-05-30,383758583187.0
2013-05-29,378124322576.0
2013-05-28,375140628910.0
2013-05-24,378294285189.0
2013-05-23,375736347868.0
2013-05-22,375068394800.0
2013-05-21,373628811470.0
2013-05-20,376407700188.0
2013-05-17,368190007865.0
2013-05-16,369310061482.0
2013-05-15,364442332255.0
2013-05-14,377198026337.0
2013-05-13,386443992467.0
2013-05-10,384939823345.0
2013-05-09,388169112986.0
2013-05-08,391585361501.0
2013-05-07,387210587132.0
2013-05-06,388942936998.0
2013-05-03,379884401880.0
2013-05-02,376119158020.0
2013-05-01,370859635766.0
2013-04-30,373805981298.0
2013-04-29,363118091775.0
2013-04-26,352214924856.0
2013-04-25,344764638517.0
2013-04-24,342301189731.0
2013-04-23,342865132085.0
2013-04-22,336567212982.0
2013-04-19,329695220824.0
2013-04-18,330978442947.0
2013-04-17,340053862566.0
2013-04-16,359842498461.0
2013-04-15,354447900194.0
2013-04-12,362847939749.0
2013-04-11,366672279365.0
2013-04-10,367820425475.0
2013-04-09,360467225021.0
2013-04-08,359817171709.0
2013-04-05,357276054215.0
2013-04-04,361091951581.0
2013-04-03,364696792676.0
2013-04-02,362841185948.0
2013-04-01,362096579427.0
2013-03-29,374171590338.0
2013-03-28,374171590338.0
2013-03-27,382134126779.0
2013-03-26,389788981345.0
2013-03-25,391854845364.0
2013-03-22,390443227970.0
2013-03-21,382683558699.0
2013-03-20,382134126779.0
2013-03-19,384171251283.0
2013-03-18,385210945531.0
2013-03-15,375016870215.0
2013-03-14,365583546788.0
2013-03-13,362075635299.0
2013-03-12,362143257689.0
2013-03-11,370122699727.0
2013-03-08,364924228484.0
2013-03-07,363962299984.0
2013-03-06,359803522989.0
2013-03-05,364437347275.0
2013-03-04,355059812320.0
2013-03-01,363867628638.0
2013-02-28,373106537693.0
2013-02-27,375786074903.0
2013-02-26,379505306362.0
2013-02-25,374289929521.0
2013-02-22,381060621335.0
2013-02-21,377045541920.0
2013-02-20,379403872777.0
2013-02-19,388820290606.0
2013-02-18,388963988185.0
2013-02-15,388963988185.0
2013-02-14,394399137794.0
2013-02-13,394754155342.0
2013-02-12,395506454433.0
2013-02-11,405675171353.0
2013-02-08,401491035962.0
2013-02-07,395776943993.0
2013-02-06,384348760057.0
2013-02-05,384763908821.0
2013-02-04,371714455348.0
2013-02-01,381214134770.0
2013-01-31,382785649324.0
2013-01-30,383911761357.0
2013-01-29,385121911602.0
2013-01-28,378029086556.0
2013-01-25,369667284517.0
2013-01-24,378592142573.0
2013-01-23,431960608753.0
2013-01-22,424199679925.0
2013-01-21,420191057239.0
2013-01-18,420191057239.0
2013-01-17,422443281306.0
2013-01-16,425308984317.0
2013-01-15,408358477067.0
2013-01-14,421661725940.0
2013-01-11,437250814163.0
2013-01-10,439948440751.0
2013-01-09,434561591397.0
2013-01-08,441461128557.0
2013-01-07,440276189775.0
2013-01-04,442881374330.0
2013-01-03,455567698692.0
2013-01-02,461394992312.0
2012-12-31,447228586970.0
2012-12-28,427407684789.0
2012-12-27,431996208176.0
2012-12-26,430268005273.0
2012-12-24,436280440365.0
2012-12-21,435577584731.0
2012-12-20,437590704172.0
2012-12-19,441431919242.0
2012-12-18,447797878975.0
2012-12-17,435158219795.0
2012-12-14,427579456666.0
2012-12-13,444266826212.0
2012-12-12,452075401325.0
2012-12-11,454078288261.0
2012-12-10,444376615952.0
2012-12-07,447252704558.0
2012-12-06,458990309760.0
2012-12-05,451901197131.0
2012-12-04,482978738973.0
2012-12-03,491655064013.0
2012-11-30,490891819829.0
2012-11-29,494313837709.0
2012-11-28,488929191927.0
2012-11-27,490472454892.0
2012-11-26,494456421787.0
2012-11-23,479334122184.0
2012-11-21,471114569433.0
2012-11-20,470454824515.0
2012-11-19,474494650820.0
2012-11-16,442579301708.0
2012-11-15,440853195630.0
2012-11-14,450297293995.0
2012-11-13,455344770369.0
2012-11-12,455287736737.0
2012-11-09,458835564098.0
2012-11-08,451026988985.0
2012-11-07,468012862491.0
2012-11-06,486630652711.0
2012-11-05,488109790746.0
2012-11-02,481579825467.0
2012-11-01,498060993284.0
2012-10-31,497042478671.0
2012-10-30,504289553714.0
2012-10-26,504289553714.0
2012-10-25,508913321178.0
2012-10-24,515001532148.0
2012-10-23,512100531348.0
2012-10-22,529362095598.0
2012-10-19,509165465955.0
2012-10-18,528201561691.0
2012-10-17,538198517652.0
2012-10-16,542522466609.0
2012-10-15,529971584628.0
2012-10-12,525758596072.0
2012-10-11,524411040874.0
2012-10-10,535106320978.0
2012-10-09,530881643591.0
2012-10-08,532818649824.0
2012-10-05,544858145461.0
2012-10-04,556722308637.0
2012-10-03,560604670267.0
2012-10-02,552138617163.0
2012-10-01,550535577522.0
2012-09-28,557981076362.0
2012-09-27,569870810362.0
2012-09-26,556370964652.0
2012-09-25,563363449791.0
2012-09-24,577791723552.0
2012-09-21,585574627166.0
2012-09-20,584407818940.0
2012-09-19,587251652609.0
2012-09-18,587092732492.0
2012-09-17,585311990762.0
2012-09-14,578201570169.0
2012-09-13,571259270330.0
2012-09-12,560226868538.0
2012-09-11,552531789199.0
2012-09-10,554330095784.0
2012-09-07,569134759295.0
2012-09-06,565646880943.0
2012-09-05,560594894072.0
2012-09-04,564559532775.0
2012-08-31,556421149952.0
2012-08-30,555273579425.0
2012-08-29,563301554587.0
2012-08-28,564417341092.0
2012-08-27,565153392159.0
2012-08-24,554733251028.0
2012-08-23,554238089401.0
2012-08-22,559457360605.0
2012-08-21,548744471890.0
2012-08-20,556345872002.0
2012-08-17,542093246791.0
2012-08-16,532248563767.0
2012-08-15,527639880381.0
2012-08-14,528359203014.0
2012-08-13,526945650397.0
2012-08-10,520003350558.0
2012-08-09,519192021541.0
2012-08-08,516247817272.0
2012-08-07,517125636779.0
2012-08-06,518488172559.0
2012-08-03,512783178612.0
2012-08-02,506195368083.0
2012-08-01,505379179168.0
2012-07-31,508668920203.0
2012-07-30,495568255270.0
2012-07-27,487348066910.0
2012-07-26,478786411760.0
2012-07-25,478861367885.0
2012-07-24,500473717219.0
2012-07-23,502897298589.0
2012-07-20,503288736130.0
2012-07-19,511633851364.0
2012-07-18,504921113960.0
2012-07-17,505487449126.0
2012-07-16,505462463751.0
2012-07-13,503846742837.0
2012-07-12,498791368638.0
2012-07-11,503397006088.0
2012-07-10,506545163332.0
2012-07-09,511275727656.0
2012-07-06,504604632544.0
2012-07-05,507985986621.0
2012-07-03,499216120013.0
2012-07-02,493477812232.0
2012-06-29,485269571124.0
2012-06-28,472847002479.0
2012-06-27,477375631183.0
2012-06-26,475319052093.0
2012-06-25,474272066374.0
2012-06-22,483690783136.0
2012-06-21,480009714300.0
2012-06-20,486716239486.0
2012-06-19,488103080092.0
2012-06-18,486748646186.0
2012-06-15,477068182995.0
2012-06-14,474907736275.0
2012-06-13,475431229134.0
2012-06-12,478754993320.0
2012-06-11,474608597498.0
2012-06-08,482211708073.0
2012-06-07,475065615073.0
2012-06-06,474849570401.0
2012-06-05,467678549171.0
2012-06-04,468891723098.0
2012-06-01,466149617645.0
2012-05-31,480059570763.0
2012-05-30,481256125869.0
2012-05-29,475522632649.0
2012-05-25,467229841005.0
2012-05-24,469747592376.0
2012-05-23,474101723460.0
2012-05-22,462809234638.0
2012-05-21,466390590549.0
2012-05-18,440714512213.0
2012-05-17,440498467541.0
2012-05-16,453756131937.0
2012-05-15,459651658662.0
2012-05-14,463847910946.0
2012-05-11,470902600431.0
2012-05-10,474068485818.0
2012-05-09,472955024816.0
2012-05-08,472124083769.0
2012-05-07,473204307129.0
2012-05-04,469689426503.0
2012-05-03,483458119643.0
2012-05-02,486914834396.0
2012-05-01,483715711367.0
2012-04-30,485252952303.0
2012-04-27,501057451006.0
2012-04-26,504962873925.0
2012-04-25,506874038331.0
2012-04-24,465559649502.0
2012-04-23,475048996253.0
2012-04-20,476112600792.0
2012-04-19,488128008324.0
2012-04-18,505494676194.0
2012-04-17,506624756017.0
2012-04-16,482053829274.0
2012-04-13,502910449540.0
2012-04-12,517485155494.0
2012-04-11,520335283284.0
2012-04-10,522196591228.0
2012-04-09,528669621980.0
2012-04-05,526550722311.0
2012-04-04,518764804706.0
2012-04-03,522927819349.0
2012-04-02,514045059562.0
2012-03-30,496439721661.0
2012-03-29,504976613547.0
2012-03-28,511402053027.0
2012-03-27,508802068495.0
2012-03-26,502591914359.0
2012-03-23,493541649731.0
2012-03-22,496265837345.0
2012-03-21,498882382288.0
2012-03-20,501747333396.0
2012-03-19,497723153516.0
2012-03-16,484863994351.0
2012-03-15,484855714145.0
2012-03-14,488184356763.0
2012-03-13,470398475316.0
2012-03-12,457067344437.0
2012-03-09,451411964070.0
2012-03-08,448778858716.0
2012-03-07,439422226484.0
2012-03-06,439066177647.0
2012-03-05,441467437246.0
2012-03-02,451420244275.0
2012-03-01,450832349684.0
2012-02-29,449151467964.0
2012-02-28,443330483487.0
2012-02-27,435340085165.0
2012-02-24,432566216317.0
2012-02-23,427581532597.0
2012-02-22,424807663750.0
2012-02-21,426306380948.0
2012-02-17,415765679327.0
2012-02-16,415840201177.0
2012-02-15,412080987873.0
2012-02-14,421843350175.0
2012-02-13,416163129192.0
2012-02-10,408561900529.0
2012-02-09,408354895391.0
2012-02-08,394700836496.0
2012-02-07,388200875167.0
2012-02-06,384176695287.0
2012-02-03,380624487121.0
2012-02-02,376848713406.0
2012-02-01,377734695396.0
2012-01-31,377974821356.0
2012-01-30,375101590042.0
2012-01-27,370357032282.0
2012-01-26,368162777820.0
2012-01-25,369843659540.0
2012-01-24,348108120063.0
2012-01-23,353903435903.0
2012-01-20,348017037802.0
2012-01-19,354185790911.0
2012-01-18,355311898861.0
2012-01-17,351660328229.0
2012-01-13,347611307732.0
2012-01-12,348919580203.0
2012-01-11,349880084043.0
2012-01-10,350451418223.0
2012-01-09,349201107191.0
2012-01-06,349755880960.0
2012-01-05,346137431150.0
2012-01-04,342336816819.0
2012-01-03,340506891400.0
2011-12-30,333593533301.0
2011-12-29,333692375829.0
2011-12-28,331649630243.0
2011-12-27,334853775538.0
2011-12-23,332217974781.0
2011-12-22,328280747400.0
2011-12-21,326546884715.0
2011-12-20,326139159285.0
2011-12-19,314821689785.0
2011-12-16,313841501378.0
2011-12-15,312128230886.0
2011-12-14,313157840557.0
2011-12-13,320258028846.0
2011-12-12,322753802688.0
2011-12-09,324219966859.0
2011-12-08,321781851159.0
2011-12-07,320488661412.0
2011-12-06,322020720602.0
2011-12-05,323717517340.0
2011-12-02,320991110932.0
2011-12-01,319533183638.0
2011-11-30,314813452908.0
2011-11-29,307400263279.0
2011-11-28,309805431469.0
2011-11-25,299468150376.0
2011-11-23,302285162435.0
2011-11-22,310126669687.0
2011-11-21,303949011663.0
2011-11-18,308833479940.0
2011-11-17,310867988650.0
2011-11-16,316930330390.0
2011-11-15,320274502601.0
2011-11-14,312391810962.0
2011-11-11,316806777230.0
2011-11-10,317300989872.0
2011-11-09,325587288502.0
2011-11-08,334606669217.0
2011-11-07,329252698929.0
2011-11-04,329672779675.0
2011-11-03,332003815969.0
2011-11-02,327341743380.0
2011-11-01,326600424418.0
2011-10-31,333412321999.0
2011-10-28,333552348914.0
2011-10-27,333338190102.0
2011-10-26,329969307260.0
2011-10-25,327638270966.0
2011-10-24,334227772858.0
2011-10-21,323602201057.0
2011-10-20,325611999134.0
2011-10-19,328338405542.0
2011-10-18,347793909879.0
2011-10-17,345940612472.0
2011-10-14,347596224822.0
2011-10-13,336418782237.0
2011-10-12,331278970761.0
2011-10-11,329713964062.0
2011-10-10,320258028846.0
2011-10-07,304599724974.0
2011-10-06,310835041140.0
2011-10-05,311559886348.0
2011-10-04,306823681863.0
2011-10-03,308553426110.0
2011-09-30,314088607699.0
2011-09-29,321707719262.0
2011-09-28,327012268286.0
2011-09-27,328865565693.0
2011-09-26,332086184743.0
2011-09-23,333431158707.0
2011-09-22,331385872352.0
2011-09-21,339896902670.0
2011-09-20,340977275705.0
2011-09-19,339476299428.0
2011-09-16,330297252195.0
2011-09-15,324078921904.0
2011-09-14,321060475105.0
2011-09-13,317200821821.0
2011-09-12,313341168536.0
2011-09-09,311312376426.0
2011-09-08,316804959945.0
2011-09-07,316631770375.0
2011-09-06,313176226088.0
2011-09-02,308483613442.0
2011-09-01,314240104878.0
2011-08-31,317374011391.0
2011-08-30,321629526550.0
2011-08-29,321613032306.0
2011-08-26,316343121091.0
2011-08-25,308211458402.0
2011-08-24,310240250513.0
2011-08-23,308112492934.0
2011-08-22,293960430892.0
2011-08-19,293622298874.0
2011-08-18,301885915520.0
2011-08-17,313753524657.0
2011-08-16,313786513146.0
2011-08-15,316202920010.0
2011-08-12,310908267428.0
2011-08-11,308194964158.0
2011-08-10,299939594633.0
2011-08-09,308450624952.0
2011-08-08,291296610356.0
2011-08-05,308128987178.0
2011-08-04,311221658079.0
2011-08-03,323757284130.0
2011-08-02,320738837331.0
2011-08-01,327204581294.0
2011-07-29,322033635548.0
2011-07-28,323138749950.0
2011-07-27,323773778375.0
2011-07-26,332697164814.0
2011-07-25,328647827714.0
2011-07-22,324359324065.0
2011-07-21,319402803502.0
2011-07-20,319081165728.0
2011-07-19,310792807714.0
2011-07-18,308277435382.0
2011-07-15,300953990689.0
2011-07-14,295057298172.0
2011-07-13,295263476232.0
2011-07-12,291741954966.0
2011-07-11,291948133026.0
2011-07-08,296657239917.0
2011-07-07,294587212195.0
2011-07-06,290100777608.0
2011-07-05,288179198088.0
2011-07-01,283090723566.0
2011-06-30,276831157663.0
2011-06-29,275486876712.0
2011-06-28,276493025645.0
2011-06-27,273837452232.0
2011-06-24,268609310778.0
2011-06-23,272625898602.0
2011-06-22,265531024207.0
2011-06-21,267745085938.0
2011-06-20,259530834608.0
2011-06-17,263596806710.0
2011-06-16,267629855960.0
2011-06-15,268938539288.0
2011-06-14,273621814846.0
2011-06-13,268815078597.0
2011-06-10,268238928704.0
2011-06-09,272839897134.0
2011-06-08,273457200591.0
2011-06-07,273292586336.0
2011-06-06,278231013989.0
2011-06-03,282675598877.0
2011-06-02,284866614612.0
2011-06-01,284379356417.0
2011-05-31,286288881777.0
2011-05-27,277712479085.0
2011-05-26,275728877311.0
2011-05-25,277193944182.0
2011-05-24,273416047027.0
2011-05-23,275235034546.0
2011-05-20,275909952992.0
2011-05-19,280280461465.0
2011-05-18,279737234423.0
2011-05-17,276667178565.0
2011-05-16,274329656143.0
2011-05-13,280255769327.0
2011-05-12,285251811969.0
2011-05-11,285795039011.0
2011-05-10,287622257243.0
2011-05-09,286099575383.0
2011-05-06,285325888384.0
2011-05-05,285399964799.0
2011-05-04,287721025796.0
2011-05-03,286593418149.0
2011-05-02,285013121299.0
2011-04-29,288181945710.0
2011-04-28,285399964799.0
2011-04-27,288198407136.0
2011-04-26,288420636380.0
2011-04-25,290551567913.0
2011-04-22,288647804052.0
2011-04-21,288647804052.0
2011-04-20,281827835463.0
2011-04-19,278082861159.0
2011-04-18,273136202793.0
2011-04-15,269522919894.0
2011-04-14,273605353420.0
2011-04-13,276658947853.0
2011-04-12,273588891995.0
2011-04-11,272271977954.0
2011-04-08,275778261588.0
2011-04-07,278263936840.0
2011-04-06,278231013989.0
2011-04-05,278930624573.0
2011-04-04,280823688507.0
2011-04-01,283597438706.0
2011-03-31,286846512566.0
2011-03-30,286947338797.0
2011-03-29,288865094869.0
2011-03-28,288437097806.0
2011-03-25,288479961455.0
2011-03-24,283088502882.0
2011-03-23,278345332326.0
2011-03-22,279994773990.0
2011-03-21,278435600278.0
2011-03-18,271353669154.0
2011-03-17,274611521595.0
2011-03-16,270812061443.0
2011-03-15,283465987044.0
2011-03-14,290137609297.0
2011-03-11,288849239440.0
2011-03-10,284483553046.0
2011-03-09,289243135956.0
2011-03-08,291942968332.0
2011-03-07,291614721234.0
2011-03-04,295422387563.0
2011-03-03,295061315756.0
2011-03-02,288955919746.0
2011-03-01,286649983888.0
2011-02-28,289850393086.0
2011-02-25,285706273483.0
2011-02-24,281373411799.0
2011-02-23,281160051186.0
2011-02-22,277869374035.0
2011-02-18,287675756067.0
2011-02-17,294027337399.0
2011-02-16,297990921099.0
2011-02-15,295340325789.0
2011-02-14,294749481014.0
2011-02-11,292837441672.0
2011-02-10,290941814685.0
2011-02-09,293912450915.0
2011-02-08,291483422395.0
2011-02-07,288758971488.0
2011-02-04,284344048029.0
2011-02-03,281832957735.0
2011-02-02,282555101349.0
2011-02-01,283137739947.0
2011-01-31,278452012633.0
2011-01-28,275809623500.0
2011-01-27,281644215654.0
2011-01-26,282169411010.0
2011-01-25,280158897539.0
2011-01-24,276917457453.0
2011-01-21,268112229068.0
2011-01-20,273003110818.0
2011-01-19,278058116116.0
2011-01-18,279543434231.0
2011-01-14,285968871161.0
2011-01-13,283671141480.0
2011-01-12,282637163123.0
2011-01-11,280355845797.0
2011-01-10,281024649258.0
2011-01-07,275826035855.0
2011-01-06,273864759448.0
2011-01-05,274086326239.0
2011-01-04,271862452155.0
2011-01-03,270450989636.0
2010-12-31,264698459256.0
2010-12-30,265601138774.0
2010-12-29,266938745695.0
2010-12-28,267086456889.0
2010-12-27,266438168872.0
2010-12-23,263149523159.0
2010-12-22,264418105532.0
2010-12-21,263641505425.0
2010-12-20,262019183736.0
2010-12-17,260718073609.0
2010-12-16,261238517660.0
2010-12-15,260514775152.0
2010-12-14,260457851584.0
2010-12-13,261580059068.0
2010-12-10,260677413917.0
2010-12-09,260024825869.0
2010-12-08,261043351141.0
2010-12-07,258766408419.0
2010-12-06,260344004447.0
2010-12-03,258140249170.0
2010-12-02,258717616789.0
2010-12-01,257294527588.0
2010-11-30,253025259984.0
2010-11-29,257676728687.0
2010-11-26,256156056227.0
2010-11-24,255989351492.0
2010-11-23,251057330917.0
2010-11-22,254822418347.0
2010-11-19,249430943258.0
2010-11-18,250813372768.0
2010-11-17,244364745702.0
2010-11-16,245251126976.0
2010-11-15,249678967376.0
2010-11-12,250488095236.0
2010-11-11,257501892014.0
2010-11-10,258620033529.0
2010-11-09,257034305562.0
2010-11-08,259099817889.0
2010-11-05,257888159083.0
2010-11-04,258815200048.0
2010-11-03,254367029802.0
2010-11-02,251569643029.0
2010-11-01,247357298994.0
2010-10-29,244755078740.0
2010-10-28,248219284453.0
2010-10-27,250325456471.0
2010-10-26,250504359113.0
2010-10-25,251146782238.0
2010-10-22,250032706692.0
2010-10-21,251699754042.0
2010-10-20,252521079810.0
2010-10-19,251675358227.0
2010-10-18,258595637715.0
2010-10-15,255944625831.0
2010-10-14,245836626533.0
2010-10-13,244071995923.0
2010-10-12,242770885797.0
2010-10-11,240184929419.0
2010-10-08,239135909380.0
2010-10-07,235191919308.0
2010-10-06,235167523493.0
2010-10-05,234964225035.0
2010-10-04,226588328594.0
2010-10-01,229743520651.0
2010-09-30,230743749061.0
2010-09-29,233687510723.0
2010-09-28,233272781870.0
2010-09-27,236772768112.0
2010-09-24,238393790319.0
2010-09-23,235621010875.0
2010-09-22,234666848537.0
2010-09-21,231421065540.0
2010-09-20,230980682923.0
2010-09-17,224570669267.0
2010-09-16,225549297306.0
2010-09-15,220370723933.0
2010-09-14,218609193462.0
2010-09-13,217777359629.0
2010-09-10,214817009811.0
2010-09-09,214539731866.0
2010-09-08,214417403362.0
2010-09-07,210250078962.0
2010-09-03,211032981393.0
2010-09-02,205650527178.0
2010-09-01,204149964185.0
2010-08-31,198253730249.0
2010-08-30,197764416230.0
2010-08-27,197046755668.0
2010-08-26,195953954358.0
2010-08-25,198082470343.0
2010-08-24,195668521180.0
2010-08-23,200455643337.0
2010-08-20,203587253062.0
2010-08-19,203782978670.0
2010-08-18,206384498207.0
2010-08-17,205487422505.0
2010-08-16,201956206331.0
2010-08-13,203146870445.0
2010-08-12,205340628299.0
2010-08-11,204035790914.0
2010-08-10,211554916347.0
2010-08-09,213463241023.0
2010-08-06,212110287759.0
2010-08-05,213422464855.0
2010-08-04,214466334764.0
2010-08-03,213610035229.0
2010-08-02,213544793360.0
2010-07-30,209793385877.0
2010-07-29,210494735972.0
2010-07-28,212818977564.0
2010-07-27,215363410466.0
2010-07-26,211448898310.0
2010-07-23,211987143731.0
2010-07-22,211240124328.0
2010-07-21,207338660546.0
2010-07-20,205422180636.0
2010-07-19,200276228197.0
2010-07-16,203799289138.0
2010-07-15,205063350355.0
2010-07-14,206104773693.0
2010-07-13,205347152486.0
2010-07-12,209821929195.0
2010-07-09,211726176254.0
2010-07-08,210478425504.0
2010-07-07,210947351440.0
2010-07-06,202763574463.0
2010-07-02,201385339975.0
2010-07-01,202641245958.0
2010-06-30,205128592224.0
2010-06-29,208912620642.0
2010-06-28,218804919070.0
2010-06-25,216448654176.0
2010-06-24,218315290488.0
2010-06-23,219914105069.0
2010-06-22,222251458365.0
2010-06-21,219264840265.0
2010-06-18,222433252510.0
2010-06-17,220644527974.0
2010-06-16,216895023729.0
2010-06-15,210759471327.0
2010-06-14,206368818087.0
2010-06-11,205743900713.0
2010-06-10,203309157696.0
2010-06-09,197376500546.0
2010-06-08,202351492110.0
2010-06-07,203658137528.0
2010-06-04,207736332081.0
2010-06-03,213543194176.0
2010-06-02,214216806410.0
2010-06-01,211684673673.0
2010-05-28,208478928701.0
2010-05-27,205614047752.0
2010-05-26,198114227680.0
2010-05-25,199015894177.0
2010-05-24,200265728925.0
2010-05-21,196662309261.0
2010-05-20,192961499875.0
2010-05-19,201548026914.0
2010-05-18,204810582556.0
2010-05-17,206320123227.0
2010-05-14,205995490824.0
2010-05-13,209680068589.0
2010-05-12,212707265740.0
2010-05-11,208186759539.0
2010-05-10,206133459595.0
2010-05-07,191419495965.0
2010-05-06,199851822612.0
2010-05-05,207752563701.0
2010-05-04,209939774511.0
2010-05-03,216164600824.0
2010-04-30,211895684735.0
2010-04-29,218023121326.0
2010-04-28,212309591047.0
2010-04-27,212666686690.0
2010-04-26,218721080991.0
2010-04-23,219800483728.0
2010-04-22,216261584754.0
2010-04-21,210378028254.0
2010-04-20,198504598143.0
2010-04-19,200517319037.0
2010-04-16,200785140769.0
2010-04-15,202018743897.0
2010-04-14,199397337249.0
2010-04-13,196751583171.0
2010-04-12,196637961831.0
2010-04-09,196232171328.0
2010-04-08,194738862278.0
2010-04-07,195266389931.0
2010-04-06,194406114065.0
2010-04-05,193553954010.0
2010-04-01,191508769876.0
2010-03-31,190721536300.0
2010-03-30,191407322250.0
2010-03-29,188603309876.0
2010-03-26,186765602099.0
2010-03-25,183327950263.0
2010-03-24,185528047438.0
2010-03-23,184711099590.0
2010-03-22,181791117677.0
2010-03-19,179768888652.0
2010-03-18,181710231752.0
2010-03-17,181281536346.0
2010-03-16,181548459901.0
2010-03-15,181055055755.0
2010-03-12,183287507300.0
2010-03-11,182397762119.0
2010-03-10,181863915010.0
2010-03-09,180391791165.0
2010-03-08,177204885698.0
2010-03-05,177099733995.0
2010-03-04,170434733730.0
2010-03-03,169318507957.0
2010-03-02,168930255515.0
2010-03-01,169043495810.0
2010-02-26,165508780864.0
2010-02-25,163389569614.0
2010-02-24,162302462775.0
2010-02-23,159392996033.0
2010-02-22,162108336553.0
2010-02-19,163122646060.0
2010-02-18,164140191003.0
2010-02-17,163834442205.0
2010-02-16,164521972572.0
2010-02-12,162079217620.0
2010-02-11,160696068293.0
2010-02-10,157821382499.0
2010-02-09,158690097340.0
2010-02-08,157015758681.0
2010-02-05,158099630083.0
2010-02-04,155341420022.0
2010-02-03,161149029476.0
2010-02-02,158423173785.0
2010-02-01,157509162827.0
2010-01-29,155351935192.0
2010-01-28,161197561032.0
2010-01-27,168148897474.0
2010-01-26,166576475081.0
2010-01-25,164259093314.0
2010-01-22,159951917778.0
2010-01-21,168300963014.0
2010-01-20,171255725874.0
2010-01-19,173937094306.0
2010-01-18,166568386488.0
2010-01-15,166568386488.0
2010-01-14,169399393883.0
2010-01-13,170386202174.0
2010-01-12,168016244556.0
2010-01-11,169949418176.0
2010-01-08,171461984984.0
2010-01-07,170329582027.0
2010-01-06,170645037136.0
2010-01-05,173403247198.0
2010-01-04,173103969273.0
2009-12-31,170452528633.0
2009-12-30,171186972837.0
2009-12-29,169132470328.0
2009-12-28,171162707060.0
2009-12-24,166734955839.0
2009-12-23,161199457401.0
2009-12-22,159811594680.0
2009-12-21,158112659281.0
2009-12-18,155879316971.0
2009-12-17,153031805527.0
2009-12-16,155560268070.0
2009-12-15,154874312932.0
2009-12-14,157115631464.0
2009-12-11,155273124059.0
2009-12-10,156676939225.0
2009-12-09,157769681712.0
2009-12-08,151444537243.0
2009-12-07,150710724770.0
2009-12-04,154196334017.0
2009-12-03,156716820337.0
2009-12-02,156517414774.0
2009-12-01,157107655242.0
2009-11-30,159452664666.0
2009-11-27,159995047799.0
2009-11-25,162866487911.0
2009-11-24,163065893474.0
2009-11-23,164214469519.0
2009-11-20,159460640889.0
2009-11-19,159931238018.0
2009-11-18,164278279299.0
2009-11-17,165107806443.0
2009-11-16,164812686209.0
2009-11-13,163073869697.0
2009-11-12,161111718953.0
2009-11-11,162116722993.0
2009-11-10,161901364984.0
2009-11-09,160688979159.0
2009-11-06,155009908715.0
2009-11-05,154762725579.0
2009-11-04,152194302161.0
2009-11-03,150551200319.0
2009-11-02,150997868781.0
2009-10-30,150351794756.0
2009-10-29,156613129444.0
2009-10-28,153462521544.0
2009-10-27,157426704143.0
2009-10-26,161502553857.0
2009-10-23,162667082347.0
2009-10-22,163672086387.0
2009-10-21,163448752156.0
2009-10-20,158535399075.0
2009-10-19,151436561020.0
2009-10-16,149992864742.0
2009-10-15,151994896598.0
2009-10-14,152577160843.0
2009-10-13,151564180581.0
2009-10-12,152194302161.0
2009-10-09,151923110595.0
2009-10-08,150965963891.0
2009-10-07,151747633699.0
2009-10-06,151556204358.0
2009-10-05,148376882056.0
2009-10-02,147480354644.0
2009-10-01,144257880978.0
2009-09-30,147839284658.0
2009-09-29,147863213325.0
2009-09-28,148478897943.0
2009-09-25,144681977849.0
2009-09-24,145832325317.0
2009-09-23,147165141695.0
2009-09-22,146355931751.0
2009-09-21,145990993934.0
2009-09-18,146784337016.0
2009-09-17,146411465767.0
2009-09-16,144285306308.0
2009-09-15,138961974228.0
2009-09-14,137819560190.0
2009-09-11,136581944982.0
2009-09-10,136899282215.0
2009-09-09,135772735039.0
2009-09-08,137192819155.0
2009-09-04,135114260281.0
2009-09-03,132131290293.0
2009-09-02,131044410271.0
2009-09-01,131138024754.0
2009-08-31,133448239809.0
2009-08-28,134907991079.0
2009-08-27,134431985230.0
2009-08-26,132813565343.0
2009-08-25,134392318076.0
2009-08-24,134122581428.0
2009-08-21,134249516321.0
2009-08-20,131956754815.0
2009-08-19,130584271283.0
2009-08-18,130108265434.0
2009-08-17,126609622443.0
2009-08-14,132313759202.0
2009-08-13,133614841856.0
2009-08-12,131147544871.0
2009-08-11,129180054028.0
2009-08-10,130679472453.0
2009-08-07,131306213488.0
2009-08-06,130036864556.0
2009-08-05,130988876255.0
2009-08-04,131337947211.0
2009-08-03,132036089123.0
2009-07-31,129624326154.0
2009-07-30,129148320305.0
2009-07-29,126958693399.0
2009-07-28,126934893106.0
2009-07-27,127014227414.0
2009-07-24,126923786303.0
2009-07-23,125205405188.0
2009-07-22,124348594659.0
2009-07-21,120199410341.0
2009-07-20,121309297312.0
2009-07-17,120389812680.0
2009-07-16,117033971444.0
2009-07-15,116526231871.0
2009-07-14,112868920264.0
2009-07-13,112924454280.0
2009-07-10,109893883707.0
2009-07-09,108180262650.0
2009-07-08,108862537700.0
2009-07-07,107418653291.0
2009-07-06,109965284584.0
2009-07-03,111083898330.0
2009-07-02,111083898330.0
2009-07-01,113313192390.0
2009-06-30,112995855157.0
2009-06-29,112630917339.0
2009-06-26,113003788588.0
2009-06-25,110956963436.0
2009-06-24,108069194618.0
2009-06-23,106315906407.0
2009-06-22,108981539162.0
2009-06-19,110655493065.0
2009-06-18,107799457970.0
2009-06-17,107561455046.0
2009-06-16,108172329219.0
2009-06-15,107966060018.0
2009-06-12,108664201930.0
2009-06-11,111028364314.0
2009-06-10,111266367238.0
2009-06-09,113225924651.0
2009-06-08,114122402333.0
2009-06-05,114772943660.0
2009-06-04,114035134594.0
2009-06-03,111821707396.0
2009-06-02,110663426496.0
2009-06-01,110552358465.0
2009-05-29,107743923955.0
2009-05-28,107156850074.0
2009-05-27,105554297049.0
2009-05-26,103753408253.0
2009-05-22,97184527534.0
2009-05-21,98517343912.0
2009-05-20,99858093720.0
2009-05-19,101111575790.0
2009-05-18,100476901324.0
2009-05-15,97121060088.0
2009-05-14,97541531921.0
2009-05-13,94796564858.0
2009-05-12,98707746252.0
2009-05-11,102793463124.0
2009-05-08,102491992752.0
2009-05-07,102388858152.0
2009-05-06,105117958354.0
2009-05-05,105284560401.0
2009-05-04,104776820828.0
2009-05-01,100944973743.0
2009-04-30,99826359997.0
2009-04-29,99278953271.0
2009-04-28,98296794535.0
2009-04-27,98953682607.0
2009-04-24,98295207849.0
2009-04-23,99485222472.0
2009-04-22,96399117883.0
2009-04-21,96597453654.0
2009-04-20,95597841371.0
2009-04-17,97914403170.0
2009-04-16,96351517298.0
2009-04-15,93328880156.0
2009-04-14,93860420021.0
2009-04-13,95375705308.0
2009-04-09,94860032304.0
2009-04-08,92281667288.0
2009-04-07,91234454420.0
2009-04-06,93971488053.0
2009-04-03,92019864071.0
2009-04-02,89417698763.0
2009-04-01,86228459573.0
2009-03-31,83396224771.0
2009-03-30,82896418629.0
2009-03-27,84768708302.0
2009-03-26,87164604410.0
2009-03-25,84483104793.0
2009-03-24,84752841441.0
2009-03-23,85411316199.0
2009-03-20,80595723692.0
2009-03-19,80619523984.0
2009-03-18,80540189676.0
2009-03-17,79064571544.0
2009-03-16,75700796876.0
2009-03-13,76105401848.0
2009-03-12,76438605942.0
2009-03-11,73527036832.0
2009-03-10,70312013992.0
2009-03-09,65934743538.0
2009-03-06,67672164887.0
2009-03-05,70480599397.0
2009-03-04,72329088778.0
2009-03-03,70107728149.0
2009-03-02,69766590623.0
2009-02-27,70853470646.0
2009-02-26,70758269476.0
2009-02-25,72321155347.0
2009-02-24,71599213143.0
2009-02-23,68981180972.0
2009-02-20,72352889071.0
2009-02-19,71908616945.0
2009-02-18,74867786640.0
2009-02-17,74994721533.0
2009-02-13,78667900003.0
2009-02-12,78755167742.0
2009-02-11,76811477191.0
2009-02-10,77612753704.0
2009-02-09,81325599327.0
2009-02-06,79112172128.0
2009-02-05,76525873681.0
2009-02-04,74217245313.0
2009-02-03,73765039756.0
2009-02-02,72598825426.0
2009-01-30,71504011973.0
2009-01-29,73780906618.0
2009-01-28,74732918316.0
2009-01-27,71980017822.0
2009-01-26,71115273863.0
2009-01-23,70099794718.0
2009-01-22,70099794718.0
2009-01-21,65712607475.0
2009-01-20,62039429006.0
2009-01-19,65315935934.0
2009-01-16,65315935934.0
2009-01-15,66148946170.0
2009-01-14,67695965180.0
2009-01-13,69584121715.0
2009-01-12,70337797642.0
2009-01-09,71861016360.0
2009-01-08,73542903693.0
2009-01-07,72202153885.0
2009-01-06,73796773480.0
2009-01-05,75034388687.0
2009-01-02,71995884684.0
2008-12-31,67711832041.0
2008-12-30,68457574538.0
2008-12-29,68711444325.0
2008-12-26,68076769859.0
2008-12-24,67465895686.0
2008-12-23,68528975416.0
2008-12-22,68021235843.0
2008-12-19,71400877372.0
2008-12-18,70948671816.0
2008-12-17,70734469183.0
2008-12-16,75708730307.0
2008-12-15,75169257011.0
2008-12-12,77961824660.0
2008-12-11,75367592782.0
2008-12-10,77914224075.0
2008-12-09,79381908776.0
2008-12-08,79112172128.0
2008-12-05,74574249700.0
2008-12-04,72519491118.0
2008-12-03,76081601556.0
2008-12-02,73360434785.0
2008-12-01,70552000275.0
2008-11-28,73519103401.0
2008-11-26,75367592782.0
2008-11-25,72035551838.0
2008-11-24,73741239464.0
2008-11-21,65514271704.0
2008-11-20,63856184663.0
2008-11-19,68457574538.0
2008-11-18,71329476495.0
2008-11-17,69925259240.0
2008-11-14,71591279712.0
2008-11-13,76510006820.0
2008-11-12,71496078542.0
2008-11-11,75185123873.0
2008-11-10,76065734694.0
2008-11-07,77938024367.0
2008-11-06,78620299418.0
2008-11-05,81952340362.0
2008-11-04,88053148662.0
2008-11-03,84855976041.0
2008-10-31,85355782183.0
2008-10-30,88092815816.0
2008-10-29,82944019214.0
2008-10-28,79262907314.0
2008-10-27,73058964413.0
2008-10-24,76462406235.0
2008-10-23,77930090936.0
2008-10-22,76851144345.0
2008-10-21,72582958564.0
2008-10-20,78096692984.0
2008-10-17,77271616178.0
2008-10-16,80833726616.0
2008-10-15,77707954873.0
2008-10-14,82571147966.0
2008-10-13,87474008212.0
2008-10-10,76795610329.0
2008-10-09,70401265089.0
2008-10-08,71234275325.0
2008-10-07,70734469183.0
2008-10-06,77858690059.0
2008-10-03,77009812961.0
2008-10-02,79413642500.0
2008-10-01,86569597098.0
2008-09-30,90171374690.0
2008-09-29,83507292802.0
2008-09-26,100289502223.0
2008-09-25,103175249752.0
2008-09-24,100657063561.0
2008-09-23,99194638661.0
2008-09-22,102487049799.0
2008-09-19,110198017453.0
2008-09-18,104864467818.0
2008-09-17,99968863608.0
2008-09-16,109392510690.0
2008-09-15,109767892483.0
2008-09-12,116477842023.0
2008-09-11,119379230461.0
2008-09-10,118565903244.0
2008-09-09,118620646422.0
2008-09-08,123500609724.0
2008-09-05,125268032330.0
2008-09-04,126081359547.0
2008-09-03,130570300149.0
2008-09-02,129968125190.0
2008-08-29,132580156829.0
2008-08-28,135872567968.0
2008-08-27,136599870190.0
2008-08-26,135794363427.0
2008-08-25,134941933940.0
2008-08-22,138257806441.0
2008-08-21,136302692938.0
2008-08-20,137514863310.0
2008-08-19,135708338433.0
2008-08-18,137162942879.0
2008-08-15,137436658770.0
2008-08-14,140236381305.0
2008-08-13,140220740397.0
2008-08-12,138210883716.0
2008-08-11,135731799795.0
2008-08-08,132595797737.0
2008-08-07,127919166239.0
2008-08-06,128404034388.0
2008-08-05,125627773215.0
2008-08-04,119832816793.0
2008-08-01,122515232519.0
2008-07-31,124306116487.0
2008-07-30,125033418710.0
2008-07-29,122843691587.0
2008-07-28,120747809912.0
2008-07-25,126785200408.0
2008-07-24,124368680119.0
2008-07-23,130022868368.0
2008-07-22,126706995868.0
2008-07-21,130046329730.0
2008-07-18,129154797973.0
2008-07-17,134363220344.0
2008-07-16,135145265745.0
2008-07-15,132666181823.0
2008-07-14,135982054324.0
2008-07-11,134965395302.0
2008-07-10,138132679176.0
2008-07-09,136271411122.0
2008-07-08,140416251747.0
2008-07-07,136983072437.0
2008-07-03,133041563616.0
2008-07-02,131524395538.0
2008-07-01,136607690644.0
2008-06-30,130945681941.0
2008-06-27,133018102254.0
2008-06-26,131586959170.0
2008-06-25,138727033681.0
2008-06-24,135489365721.0
2008-06-23,135418981635.0
2008-06-20,137069097431.0
2008-06-19,141472013039.0
2008-06-18,139790615426.0
2008-06-17,141886497101.0
2008-06-16,138296908711.0
2008-06-13,134801165768.0
2008-06-12,135497186175.0
2008-06-11,141401628953.0
2008-06-10,145178908239.0
2008-06-09,142027265273.0
2008-06-06,145178908239.0
2008-06-05,148142860309.0
2008-06-04,144826987809.0
2008-06-03,144967755981.0
2008-06-02,145538649124.0
2008-05-30,147611069436.0
2008-05-29,146000055910.0
2008-05-28,146250310439.0
2008-05-27,145796724106.0
2008-05-23,141683165297.0
2008-05-22,138461138245.0
2008-05-21,139352670002.0
2008-05-20,145382240044.0
2008-05-19,143583535621.0
2008-05-16,146727436338.0
2008-05-15,148377473929.0
2008-05-14,145663776388.0
2008-05-13,148557344372.0
2008-05-12,147149662650.0
2008-05-09,143466228811.0
2008-05-08,144725321907.0
2008-05-07,142793669766.0
2008-05-06,145976594548.0
2008-05-05,144467246924.0
2008-05-02,141503294855.0
2008-05-01,140768172178.0
2008-04-30,136036797502.0
2008-04-29,136897047443.0
2008-04-28,134699499866.0
2008-04-25,132736565910.0
2008-04-24,132118750043.0
2008-04-23,127387375367.0
2008-04-22,125283673238.0
2008-04-21,131508754630.0
2008-04-18,125940591375.0
2008-04-17,120818193999.0
2008-04-16,120200378132.0
2008-04-15,116039896598.0
2008-04-14,115570669358.0
2008-04-11,115070160301.0
2008-04-10,120865116723.0
2008-04-09,118432955526.0
2008-04-08,119527819087.0
2008-04-07,121913057560.0
2008-04-04,119715509983.0
2008-04-03,118565903244.0
2008-04-02,115343876192.0
2008-04-01,116939327014.0
2008-03-31,112223515042.0
2008-03-28,111840312795.0
2008-03-27,109681867488.0
2008-03-26,113443505867.0
2008-03-25,110252760631.0
2008-03-24,109118794800.0
2008-03-20,104223190590.0
2008-03-19,101407827146.0
2008-03-18,103871270159.0
2008-03-17,99108613667.0
2008-03-14,99014768219.0
2008-03-13,100054888602.0
2008-03-12,98561181886.0
2008-03-11,99593560020.0
2008-03-10,93603014044.0
2008-03-07,95605050271.0
2008-03-06,94572750341.0
2008-03-05,97356753764.0
2008-03-04,97458497871.0
2008-03-03,95198386662.0
2008-02-29,97771316031.0
2008-02-28,101595518042.0
2008-02-27,96160302505.0
2008-02-26,93180709528.0
2008-02-25,93642116314.0
2008-02-22,93423143602.0
2008-02-21,95049798036.0
2008-02-20,96832861550.0
2008-02-19,95550307093.0
2008-02-15,97466318325.0
2008-02-14,99679506810.0
2008-02-13,101196674888.0
2008-02-12,97646188767.0
2008-02-11,101235777158.0
2008-02-08,98131056916.0
2008-02-07,94815184416.0
2008-02-06,95409538920.0
2008-02-05,101165393072.0
2008-02-04,102956277040.0
2008-02-01,104598572382.0
2008-01-31,105857665478.0
2008-01-30,103370761102.0
2008-01-29,102870252046.0
2008-01-28,101673722582.0
2008-01-25,101673722582.0
2008-01-24,106045356374.0
2008-01-23,108760618006.0
2008-01-22,121717546210.0
2008-01-18,126190845903.0
2008-01-17,125823284565.0
2008-01-16,124845727814.0
2008-01-15,132196954583.0
2008-01-14,139814076789.0
2008-01-11,135051420296.0
2008-01-10,139219722284.0
2008-01-09,140298944937.0
2008-01-08,133925274919.0
2008-01-07,138922545031.0
2008-01-04,140807274448.0
2008-01-03,152444110014.0
2008-01-02,152373725928.0
