Date,OpenPrice
2019-03-29,189.83
2019-03-28,188.95
2019-03-27,188.75
2019-03-26,191.664
2019-03-25,191.51
2019-03-22,195.34
2019-03-21,190.02
2019-03-20,186.23
2019-03-19,188.35
2019-03-18,185.8
2019-03-15,184.85
2019-03-14,183.9
2019-03-13,182.25
2019-03-12,180.0
2019-03-11,175.49
2019-03-08,170.32
2019-03-07,173.87
2019-03-06,174.67
2019-03-05,175.94
2019-03-04,175.69
2019-03-01,174.28
2019-02-28,174.32
2019-02-27,173.21
2019-02-26,173.71
2019-02-25,174.16
2019-02-22,171.58
2019-02-21,171.8
2019-02-20,171.19
2019-02-19,169.71
2019-02-15,171.25
2019-02-14,169.71
2019-02-13,171.39
2019-02-12,170.1
2019-02-11,171.05
2019-02-08,168.99
2019-02-07,172.4
2019-02-06,174.65
2019-02-05,172.86
2019-02-04,167.41
2019-02-01,166.96
2019-01-31,166.11
2019-01-30,163.25
2019-01-29,156.25
2019-01-28,155.79
2019-01-25,155.48
2019-01-24,154.11
2019-01-23,154.15
2019-01-22,156.41
2019-01-18,157.5
2019-01-17,154.2
2019-01-16,153.08
2019-01-15,150.27
2019-01-14,150.85
2019-01-11,152.88
2019-01-10,152.5
2019-01-09,151.29
2019-01-08,149.56
2019-01-07,148.7
2019-01-04,144.53
2019-01-03,143.98
2019-01-02,154.89
2018-12-31,158.53
2018-12-28,157.5
2018-12-27,155.84
2018-12-26,148.3
2018-12-24,148.15
2018-12-21,156.86
2018-12-20,160.4
2018-12-19,166.0
2018-12-18,165.38
2018-12-17,165.45
2018-12-14,169.0
2018-12-13,170.49
2018-12-12,170.4
2018-12-11,171.66
2018-12-10,165.0
2018-12-07,173.49
2018-12-06,171.76
2018-12-04,180.95
2018-12-03,184.46
2018-11-30,180.29
2018-11-29,182.66
2018-11-28,176.73
2018-11-27,171.51
2018-11-26,174.24
2018-11-23,174.94
2018-11-21,179.73
2018-11-20,178.37
2018-11-19,190.0
2018-11-16,190.5
2018-11-15,188.39
2018-11-14,193.9
2018-11-13,191.63
2018-11-12,199.0
2018-11-09,205.55
2018-11-08,209.98
2018-11-07,205.97
2018-11-06,201.92
2018-11-05,204.3
2018-11-02,209.55
2018-11-01,219.05
2018-10-31,216.88
2018-10-30,211.15
2018-10-29,219.19
2018-10-26,215.9
2018-10-25,217.71
2018-10-24,222.6
2018-10-23,215.83
2018-10-22,219.79
2018-10-19,218.06
2018-10-18,217.86
2018-10-17,222.3
2018-10-16,218.93
2018-10-15,221.16
2018-10-12,220.42
2018-10-11,214.52
2018-10-10,225.46
2018-10-09,223.64
2018-10-08,222.21
2018-10-05,227.96
2018-10-04,230.78
2018-10-03,230.05
2018-10-02,227.25
2018-10-01,227.95
2018-09-28,224.79
2018-09-27,223.82
2018-09-26,221.0
2018-09-25,219.75
2018-09-24,216.82
2018-09-21,220.78
2018-09-20,220.24
2018-09-19,218.5
2018-09-18,217.79
2018-09-17,222.15
2018-09-14,225.75
2018-09-13,223.52
2018-09-12,224.94
2018-09-11,218.01
2018-09-10,220.95
2018-09-07,221.85
2018-09-06,226.23
2018-09-05,228.99
2018-09-04,228.41
2018-08-31,226.51
2018-08-30,223.25
2018-08-29,220.15
2018-08-28,219.01
2018-08-27,217.15
2018-08-24,216.6
2018-08-23,214.65
2018-08-22,214.1
2018-08-21,216.8
2018-08-20,218.1
2018-08-17,213.44
2018-08-16,211.75
2018-08-15,209.22
2018-08-14,210.155
2018-08-13,207.7
2018-08-10,207.36
2018-08-09,207.28
2018-08-08,206.05
2018-08-07,209.32
2018-08-06,208.0
2018-08-03,207.03
2018-08-02,200.58
2018-08-01,199.13
2018-07-31,190.3
2018-07-30,191.9
2018-07-27,194.99
2018-07-26,194.61
2018-07-25,193.0602
2018-07-24,192.45
2018-07-23,190.68
2018-07-20,191.78
2018-07-19,189.69
2018-07-18,191.78
2018-07-17,189.75
2018-07-16,191.52
2018-07-13,191.08
2018-07-12,189.53
2018-07-11,188.5
2018-07-10,190.71
2018-07-09,189.5
2018-07-06,185.42
2018-07-05,185.26
2018-07-03,187.79
2018-07-02,183.82
2018-06-29,186.29
2018-06-28,184.1
2018-06-27,185.2278
2018-06-26,182.99
2018-06-25,183.4
2018-06-22,186.12
2018-06-21,187.25
2018-06-20,186.35
2018-06-19,185.14
2018-06-18,187.88
2018-06-15,190.03
2018-06-14,191.55
2018-06-13,192.42
2018-06-12,191.385
2018-06-11,191.35
2018-06-08,191.17
2018-06-07,194.14
2018-06-06,193.63
2018-06-05,193.065
2018-06-04,191.635
2018-06-01,187.9912
2018-05-31,187.22
2018-05-30,187.72
2018-05-29,187.6
2018-05-25,188.23
2018-05-24,188.77
2018-05-23,186.35
2018-05-22,188.375
2018-05-21,188.0
2018-05-18,187.19
2018-05-17,188.0
2018-05-16,186.07
2018-05-15,186.78
2018-05-14,189.01
2018-05-11,189.49
2018-05-10,187.74
2018-05-09,186.55
2018-05-08,184.99
2018-05-07,185.18
2018-05-04,178.25
2018-05-03,175.88
2018-05-02,175.225
2018-05-01,166.4102
2018-04-30,162.1302
2018-04-27,164.0
2018-04-26,164.12
2018-04-25,162.62
2018-04-24,165.67
2018-04-23,166.8348
2018-04-20,170.595
2018-04-19,174.95
2018-04-18,177.81
2018-04-17,176.49
2018-04-16,175.0301
2018-04-13,174.78
2018-04-12,173.41
2018-04-11,172.23
2018-04-10,173.0
2018-04-09,169.88
2018-04-06,170.97
2018-04-05,172.58
2018-04-04,164.88
2018-04-03,167.64
2018-04-02,167.88
2018-03-29,167.805
2018-03-28,167.25
2018-03-27,173.68
2018-03-26,168.07
2018-03-23,168.39
2018-03-22,170.0
2018-03-21,175.04
2018-03-20,175.24
2018-03-19,177.32
2018-03-16,178.65
2018-03-15,178.5
2018-03-14,180.32
2018-03-13,182.59
2018-03-12,180.29
2018-03-09,177.96
2018-03-08,175.48
2018-03-07,174.94
2018-03-06,177.91
2018-03-05,175.21
2018-03-02,172.8
2018-03-01,178.54
2018-02-28,179.26
2018-02-27,179.1
2018-02-26,176.35
2018-02-23,173.67
2018-02-22,171.8
2018-02-21,172.83
2018-02-20,172.05
2018-02-16,172.36
2018-02-15,169.79
2018-02-14,163.045
2018-02-13,161.95
2018-02-12,158.5
2018-02-09,157.07
2018-02-08,160.29
2018-02-07,163.085
2018-02-06,154.83
2018-02-05,159.1
2018-02-02,166.0
2018-02-01,167.165
2018-01-31,166.87
2018-01-30,165.525
2018-01-29,170.16
2018-01-26,172.0
2018-01-25,174.505
2018-01-24,177.25
2018-01-23,177.3
2018-01-22,177.3
2018-01-19,178.61
2018-01-18,179.37
2018-01-17,176.15
2018-01-16,177.9
2018-01-12,176.18
2018-01-11,174.59
2018-01-10,173.16
2018-01-09,174.55
2018-01-08,174.35
2018-01-05,173.44
2018-01-04,172.54
2018-01-03,172.53
2018-01-02,170.16
2017-12-29,170.52
2017-12-28,171.0
2017-12-27,170.1
2017-12-26,170.8
2017-12-22,174.68
2017-12-21,174.17
2017-12-20,174.87
2017-12-19,175.03
2017-12-18,174.88
2017-12-15,173.63
2017-12-14,172.4
2017-12-13,172.5
2017-12-12,172.15
2017-12-11,169.2
2017-12-08,170.49
2017-12-07,169.03
2017-12-06,167.5
2017-12-05,169.06
2017-12-04,172.48
2017-12-01,169.95
2017-11-30,170.43
2017-11-29,172.63
2017-11-28,174.3
2017-11-27,175.05
2017-11-24,175.1
2017-11-22,173.36
2017-11-21,170.78
2017-11-20,170.29
2017-11-17,171.04
2017-11-16,171.18
2017-11-15,169.97
2017-11-14,173.04
2017-11-13,173.5
2017-11-10,175.11
2017-11-09,175.11
2017-11-08,174.66
2017-11-07,173.91
2017-11-06,172.365
2017-11-03,174.0
2017-11-02,167.64
2017-11-01,169.87
2017-10-31,167.9
2017-10-30,163.89
2017-10-27,159.29
2017-10-26,157.23
2017-10-25,156.91
2017-10-24,156.29
2017-10-23,156.89
2017-10-20,156.61
2017-10-19,156.75
2017-10-18,160.42
2017-10-17,159.78
2017-10-16,157.9
2017-10-13,156.73
2017-10-12,156.35
2017-10-11,155.97
2017-10-10,156.055
2017-10-09,155.81
2017-10-06,154.97
2017-10-05,154.18
2017-10-04,153.63
2017-10-03,154.01
2017-10-02,154.26
2017-09-29,153.21
2017-09-28,153.89
2017-09-27,153.8
2017-09-26,151.78
2017-09-25,149.99
2017-09-22,152.02
2017-09-21,155.8
2017-09-20,157.9
2017-09-19,159.51
2017-09-18,160.11
2017-09-15,158.47
2017-09-14,158.99
2017-09-13,159.87
2017-09-12,162.61
2017-09-11,160.5
2017-09-08,160.86
2017-09-07,162.09
2017-09-06,162.71
2017-09-05,163.75
2017-09-01,164.8
2017-08-31,163.64
2017-08-30,163.8
2017-08-29,160.1
2017-08-28,160.14
2017-08-25,159.65
2017-08-24,160.43
2017-08-23,159.07
2017-08-22,158.23
2017-08-21,157.5
2017-08-18,157.86
2017-08-17,160.52
2017-08-16,161.94
2017-08-15,160.66
2017-08-14,159.32
2017-08-11,156.6
2017-08-10,159.9
2017-08-09,159.26
2017-08-08,158.6
2017-08-07,157.06
2017-08-04,156.07
2017-08-03,157.05
2017-08-02,159.28
2017-08-01,149.1
2017-07-31,149.9
2017-07-28,149.89
2017-07-27,153.75
2017-07-26,153.35
2017-07-25,151.8
2017-07-24,150.58
2017-07-21,149.99
2017-07-20,151.5
2017-07-19,150.48
2017-07-18,149.2
2017-07-17,148.82
2017-07-14,147.97
2017-07-13,145.5
2017-07-12,145.87
2017-07-11,144.73
2017-07-10,144.11
2017-07-07,142.9
2017-07-06,143.02
2017-07-05,143.69
2017-07-03,144.8762
2017-06-30,144.45
2017-06-29,144.71
2017-06-28,144.49
2017-06-27,145.01
2017-06-26,147.17
2017-06-23,145.13
2017-06-22,145.77
2017-06-21,145.52
2017-06-20,146.87
2017-06-19,143.66
2017-06-16,143.78
2017-06-15,143.32
2017-06-14,147.5
2017-06-13,147.16
2017-06-12,145.74
2017-06-09,155.19
2017-06-08,155.25
2017-06-07,155.02
2017-06-06,153.9
2017-06-05,154.34
2017-06-02,153.58
2017-06-01,153.17
2017-05-31,153.97
2017-05-30,153.42
2017-05-26,154.0
2017-05-25,153.73
2017-05-24,153.84
2017-05-23,154.9
2017-05-22,154.0
2017-05-19,153.38
2017-05-18,151.27
2017-05-17,153.6
2017-05-16,155.94
2017-05-15,156.01
2017-05-12,154.7
2017-05-11,152.45
2017-05-10,153.63
2017-05-09,153.87
2017-05-08,149.03
2017-05-05,146.76
2017-05-04,146.52
2017-05-03,145.59
2017-05-02,147.54
2017-05-01,145.1
2017-04-28,144.09
2017-04-27,143.9225
2017-04-26,144.47
2017-04-25,143.91
2017-04-24,143.5
2017-04-21,142.44
2017-04-20,141.22
2017-04-19,141.88
2017-04-18,141.41
2017-04-17,141.48
2017-04-13,141.91
2017-04-12,141.6
2017-04-11,142.94
2017-04-10,143.6
2017-04-07,143.73
2017-04-06,144.29
2017-04-05,144.22
2017-04-04,143.25
2017-04-03,143.71
2017-03-31,143.72
2017-03-30,144.19
2017-03-29,143.68
2017-03-28,140.91
2017-03-27,139.39
2017-03-24,141.5
2017-03-23,141.26
2017-03-22,139.845
2017-03-21,142.11
2017-03-20,140.4
2017-03-17,141.0
2017-03-16,140.72
2017-03-15,139.41
2017-03-14,139.3
2017-03-13,138.85
2017-03-10,139.25
2017-03-09,138.74
2017-03-08,138.95
2017-03-07,139.06
2017-03-06,139.365
2017-03-03,138.78
2017-03-02,140.0
2017-03-01,137.89
2017-02-28,137.08
2017-02-27,137.14
2017-02-24,135.91
2017-02-23,137.38
2017-02-22,136.43
2017-02-21,136.23
2017-02-17,135.1
2017-02-16,135.67
2017-02-15,135.52
2017-02-14,133.47
2017-02-13,133.08
2017-02-10,132.46
2017-02-09,131.65
2017-02-08,131.35
2017-02-07,130.54
2017-02-06,129.13
2017-02-03,128.31
2017-02-02,127.975
2017-02-01,127.03
2017-01-31,121.15
2017-01-30,120.93
2017-01-27,122.14
2017-01-26,121.67
2017-01-25,120.42
2017-01-24,119.55
2017-01-23,120.0
2017-01-20,120.45
2017-01-19,119.4
2017-01-18,120.0
2017-01-17,118.34
2017-01-13,119.11
2017-01-12,118.895
2017-01-11,118.74
2017-01-10,118.77
2017-01-09,117.95
2017-01-06,116.78
2017-01-05,115.92
2017-01-04,115.85
2017-01-03,115.8
2016-12-30,116.65
2016-12-29,116.45
2016-12-28,117.52
2016-12-27,116.52
2016-12-23,115.59
2016-12-22,116.35
2016-12-21,116.8
2016-12-20,116.74
2016-12-19,115.8
2016-12-16,116.47
2016-12-15,115.38
2016-12-14,115.04
2016-12-13,113.84
2016-12-12,113.29
2016-12-09,112.31
2016-12-08,110.86
2016-12-07,109.26
2016-12-06,109.5
2016-12-05,110.0
2016-12-02,109.17
2016-12-01,110.365
2016-11-30,111.6
2016-11-29,110.78
2016-11-28,111.43
2016-11-25,111.13
2016-11-23,111.36
2016-11-22,111.95
2016-11-21,110.12
2016-11-18,109.72
2016-11-17,109.81
2016-11-16,106.7
2016-11-15,106.57
2016-11-14,107.71
2016-11-11,107.12
2016-11-10,111.09
2016-11-09,109.88
2016-11-08,110.31
2016-11-07,110.08
2016-11-04,108.53
2016-11-03,110.98
2016-11-02,111.4
2016-11-01,113.46
2016-10-31,113.65
2016-10-28,113.87
2016-10-27,115.39
2016-10-26,114.31
2016-10-25,117.95
2016-10-24,117.1
2016-10-21,116.81
2016-10-20,116.86
2016-10-19,117.25
2016-10-18,118.18
2016-10-17,117.33
2016-10-14,117.88
2016-10-13,116.79
2016-10-12,117.35
2016-10-11,117.7
2016-10-10,115.02
2016-10-07,114.31
2016-10-06,113.7
2016-10-05,113.4
2016-10-04,113.06
2016-10-03,112.71
2016-09-30,112.46
2016-09-29,113.16
2016-09-28,113.69
2016-09-27,113.0
2016-09-26,111.64
2016-09-23,114.42
2016-09-22,114.35
2016-09-21,113.85
2016-09-20,113.05
2016-09-19,115.19
2016-09-16,115.12
2016-09-15,113.86
2016-09-14,108.73
2016-09-13,107.51
2016-09-12,102.65
2016-09-09,104.64
2016-09-08,107.25
2016-09-07,107.83
2016-09-06,107.9
2016-09-02,107.7
2016-09-01,106.14
2016-08-31,105.66
2016-08-30,105.8
2016-08-29,106.62
2016-08-26,107.41
2016-08-25,107.39
2016-08-24,108.565
2016-08-23,108.59
2016-08-22,108.86
2016-08-19,108.77
2016-08-18,109.23
2016-08-17,109.1
2016-08-16,109.63
2016-08-15,108.14
2016-08-12,107.78
2016-08-11,108.52
2016-08-10,108.71
2016-08-09,108.23
2016-08-08,107.52
2016-08-05,106.27
2016-08-04,105.58
2016-08-03,104.81
2016-08-02,106.05
2016-08-01,104.41
2016-07-29,104.19
2016-07-28,102.83
2016-07-27,104.265
2016-07-26,96.82
2016-07-25,98.25
2016-07-22,99.26
2016-07-21,99.83
2016-07-20,100.0
2016-07-19,99.56
2016-07-18,98.7
2016-07-15,98.92
2016-07-14,97.39
2016-07-13,97.41
2016-07-12,97.17
2016-07-11,96.75
2016-07-08,96.49
2016-07-07,95.7
2016-07-06,94.6
2016-07-05,95.39
2016-07-01,95.49
2016-06-30,94.44
2016-06-29,93.97
2016-06-28,92.9
2016-06-27,93.0
2016-06-24,92.91
2016-06-23,95.94
2016-06-22,96.25
2016-06-21,94.94
2016-06-20,96.0
2016-06-17,96.62
2016-06-16,96.45
2016-06-15,97.82
2016-06-14,97.32
2016-06-13,98.69
2016-06-10,98.53
2016-06-09,98.5
2016-06-08,99.02
2016-06-07,99.25
2016-06-06,97.99
2016-06-03,97.79
2016-06-02,97.6
2016-06-01,99.02
2016-05-31,99.6
2016-05-27,99.44
2016-05-26,99.68
2016-05-25,98.67
2016-05-24,97.22
2016-05-23,95.87
2016-05-20,94.64
2016-05-19,94.64
2016-05-18,94.16
2016-05-17,94.55
2016-05-16,92.39
2016-05-13,90.0
2016-05-12,92.72
2016-05-11,93.48
2016-05-10,93.33
2016-05-09,93.0
2016-05-06,93.37
2016-05-05,94.0
2016-05-04,95.2
2016-05-03,94.2
2016-05-02,93.965
2016-04-29,93.99
2016-04-28,97.61
2016-04-27,96.0
2016-04-26,103.91
2016-04-25,105.0
2016-04-22,105.01
2016-04-21,106.93
2016-04-20,106.64
2016-04-19,107.88
2016-04-18,108.89
2016-04-15,112.11
2016-04-14,111.62
2016-04-13,110.8
2016-04-12,109.34
2016-04-11,108.97
2016-04-08,108.91
2016-04-07,109.95
2016-04-06,110.23
2016-04-05,109.51
2016-04-04,110.42
2016-04-01,108.78
2016-03-31,109.72
2016-03-30,108.65
2016-03-29,104.89
2016-03-28,106.0
2016-03-24,105.47
2016-03-23,106.48
2016-03-22,105.25
2016-03-21,105.93
2016-03-18,106.34
2016-03-17,105.52
2016-03-16,104.61
2016-03-15,103.96
2016-03-14,101.91
2016-03-11,102.24
2016-03-10,101.41
2016-03-09,101.31
2016-03-08,100.78
2016-03-07,102.39
2016-03-04,102.37
2016-03-03,100.58
2016-03-02,100.51
2016-03-01,97.65
2016-02-29,96.86
2016-02-26,97.2
2016-02-25,96.05
2016-02-24,93.98
2016-02-23,96.4
2016-02-22,96.31
2016-02-19,96.0
2016-02-18,98.84
2016-02-17,96.67
2016-02-16,95.02
2016-02-12,94.19
2016-02-11,93.79
2016-02-10,95.92
2016-02-09,94.29
2016-02-08,93.13
2016-02-05,96.52
2016-02-04,95.86
2016-02-03,95.0
2016-02-02,95.42
2016-02-01,96.47
2016-01-29,94.79
2016-01-28,93.79
2016-01-27,96.04
2016-01-26,99.93
2016-01-25,101.52
2016-01-22,98.63
2016-01-21,97.06
2016-01-20,95.1
2016-01-19,98.41
2016-01-15,96.2
2016-01-14,97.96
2016-01-13,100.32
2016-01-12,100.55
2016-01-11,98.97
2016-01-08,98.55
2016-01-07,98.68
2016-01-06,100.56
2016-01-05,105.75
2016-01-04,102.61
2015-12-31,107.01
2015-12-30,108.58
2015-12-29,106.96
2015-12-28,107.59
2015-12-24,109.0
2015-12-23,107.27
2015-12-22,107.4
2015-12-21,107.28
2015-12-18,108.91
2015-12-17,112.02
2015-12-16,111.07
2015-12-15,111.94
2015-12-14,112.18
2015-12-11,115.19
2015-12-10,116.04
2015-12-09,117.64
2015-12-08,117.52
2015-12-07,118.98
2015-12-04,115.29
2015-12-03,116.55
2015-12-02,117.05
2015-12-01,118.75
2015-11-30,117.99
2015-11-27,118.29
2015-11-25,119.21
2015-11-24,117.33
2015-11-23,119.27
2015-11-20,119.2
2015-11-19,117.64
2015-11-18,115.76
2015-11-17,114.92
2015-11-16,111.38
2015-11-13,115.2
2015-11-12,116.26
2015-11-11,116.37
2015-11-10,116.9
2015-11-09,120.96
2015-11-06,121.11
2015-11-05,121.85
2015-11-04,123.13
2015-11-03,120.79
2015-11-02,119.87
2015-10-30,120.99
2015-10-29,118.7
2015-10-28,116.93
2015-10-27,115.4
2015-10-26,118.08
2015-10-23,116.7
2015-10-22,114.33
2015-10-21,114.0
2015-10-20,111.34
2015-10-19,110.8
2015-10-16,111.78
2015-10-15,110.93
2015-10-14,111.29
2015-10-13,110.82
2015-10-12,112.73
2015-10-09,110.0
2015-10-08,110.19
2015-10-07,111.74
2015-10-06,110.63
2015-10-05,109.88
2015-10-02,108.01
2015-10-01,109.07
2015-09-30,110.17
2015-09-29,112.83
2015-09-28,113.85
2015-09-25,116.44
2015-09-24,113.25
2015-09-23,113.63
2015-09-22,113.38
2015-09-21,113.67
2015-09-18,112.21
2015-09-17,115.66
2015-09-16,116.25
2015-09-15,115.93
2015-09-14,116.58
2015-09-11,111.79
2015-09-10,110.27
2015-09-09,113.76
2015-09-08,111.65
2015-09-04,108.97
2015-09-03,112.49
2015-09-02,110.23
2015-09-01,110.15
2015-08-31,112.03
2015-08-28,112.17
2015-08-27,112.23
2015-08-26,107.085
2015-08-25,111.11
2015-08-24,94.87
2015-08-21,110.43
2015-08-20,114.08
2015-08-19,116.1
2015-08-18,116.43
2015-08-17,116.04
2015-08-14,114.32
2015-08-13,116.04
2015-08-12,112.53
2015-08-11,117.81
2015-08-10,116.53
2015-08-07,114.58
2015-08-06,115.97
2015-08-05,112.95
2015-08-04,117.42
2015-08-03,121.5
2015-07-31,122.6
2015-07-30,122.32
2015-07-29,123.15
2015-07-28,123.38
2015-07-27,123.09
2015-07-24,125.32
2015-07-23,126.2
2015-07-22,121.99
2015-07-21,132.85
2015-07-20,130.97
2015-07-17,129.08
2015-07-16,127.74
2015-07-15,125.72
2015-07-14,126.04
2015-07-13,125.03
2015-07-10,121.94
2015-07-09,123.85
2015-07-08,124.48
2015-07-07,125.89
2015-07-06,124.94
2015-07-02,126.43
2015-07-01,126.9
2015-06-30,125.57
2015-06-29,125.46
2015-06-26,127.67
2015-06-25,128.86
2015-06-24,127.21
2015-06-23,127.48
2015-06-22,127.49
2015-06-19,127.71
2015-06-18,127.23
2015-06-17,127.72
2015-06-16,127.03
2015-06-15,126.1
2015-06-12,128.185
2015-06-11,129.18
2015-06-10,127.92
2015-06-09,126.7
2015-06-08,128.9
2015-06-05,129.5
2015-06-04,129.58
2015-06-03,130.66
2015-06-02,129.86
2015-06-01,131.2
2015-05-29,131.23
2015-05-28,131.86
2015-05-27,130.34
2015-05-26,132.6
2015-05-22,131.6
2015-05-21,130.07
2015-05-20,130.0
2015-05-19,130.69
2015-05-18,128.38
2015-05-15,129.07
2015-05-14,127.41
2015-05-13,126.15
2015-05-12,125.6
2015-05-11,127.39
2015-05-08,126.68
2015-05-07,124.77
2015-05-06,126.56
2015-05-05,128.15
2015-05-04,129.5
2015-05-01,126.1
2015-04-30,127.5
2015-04-29,130.16
2015-04-28,134.455
2015-04-27,132.31
2015-04-24,130.49
2015-04-23,128.3
2015-04-22,126.99
2015-04-21,128.1
2015-04-20,125.57
2015-04-17,125.55
2015-04-16,126.28
2015-04-15,126.41
2015-04-14,127.0
2015-04-13,128.37
2015-04-10,125.95
2015-04-09,125.85
2015-04-08,125.85
2015-04-07,127.64
2015-04-06,124.47
2015-04-02,125.03
2015-04-01,124.82
2015-03-31,126.09
2015-03-30,124.05
2015-03-27,124.57
2015-03-26,122.76
2015-03-25,126.54
2015-03-24,127.23
2015-03-23,127.12
2015-03-20,128.25
2015-03-19,128.75
2015-03-18,127.0
2015-03-17,125.9
2015-03-16,123.88
2015-03-13,124.4
2015-03-12,122.31
2015-03-11,124.75
2015-03-10,126.41
2015-03-09,127.96
2015-03-06,128.4
2015-03-05,128.58
2015-03-04,129.1
2015-03-03,128.96
2015-03-02,129.25
2015-02-27,130.0
2015-02-26,128.785
2015-02-25,131.56
2015-02-24,132.94
2015-02-23,130.02
2015-02-20,128.62
2015-02-19,128.48
2015-02-18,127.625
2015-02-17,127.49
2015-02-13,127.28
2015-02-12,126.06
2015-02-11,122.77
2015-02-10,120.17
2015-02-09,118.55
2015-02-06,120.02
2015-02-05,120.02
2015-02-04,118.5
2015-02-03,118.5
2015-02-02,118.05
2015-01-30,118.4
2015-01-29,116.32
2015-01-28,117.625
2015-01-27,112.42
2015-01-26,113.74
2015-01-23,112.3
2015-01-22,110.26
2015-01-21,108.95
2015-01-20,107.84
2015-01-16,107.03
2015-01-15,110.0
2015-01-14,109.04
2015-01-13,111.43
2015-01-12,112.6
2015-01-09,112.67
2015-01-08,109.23
2015-01-07,107.2
2015-01-06,106.54
2015-01-05,108.29
2015-01-02,111.39
2014-12-31,112.82
2014-12-30,113.64
2014-12-29,113.79
2014-12-26,112.1
2014-12-24,112.58
2014-12-23,113.23
2014-12-22,112.16
2014-12-19,112.26
2014-12-18,111.87
2014-12-17,107.12
2014-12-16,106.37
2014-12-15,110.7
2014-12-12,110.46
2014-12-11,112.26
2014-12-10,114.41
2014-12-09,110.19
2014-12-08,114.1
2014-12-05,115.99
2014-12-04,115.77
2014-12-03,115.75
2014-12-02,113.5
2014-12-01,118.81
2014-11-28,119.27
2014-11-26,117.94
2014-11-25,119.07
2014-11-24,116.85
2014-11-21,117.51
2014-11-20,114.91
2014-11-19,115.44
2014-11-18,113.94
2014-11-17,114.27
2014-11-14,113.15
2014-11-13,111.8
2014-11-12,109.38
2014-11-11,108.7
2014-11-10,109.02
2014-11-07,108.75
2014-11-06,108.6
2014-11-05,109.1
2014-11-04,109.36
2014-11-03,108.22
2014-10-31,108.01
2014-10-30,106.959
2014-10-29,106.65
2014-10-28,105.4
2014-10-27,104.85
2014-10-24,105.18
2014-10-23,104.08
2014-10-22,102.84
2014-10-21,103.02
2014-10-20,98.315
2014-10-17,97.5
2014-10-16,95.55
2014-10-15,97.97
2014-10-14,100.39
2014-10-13,101.33
2014-10-10,100.69
2014-10-09,101.54
2014-10-08,98.76
2014-10-07,99.43
2014-10-06,99.95
2014-10-03,99.44
2014-10-02,99.27
2014-10-01,100.59
2014-09-30,100.81
2014-09-29,98.65
2014-09-26,98.53
2014-09-25,100.51
2014-09-24,102.16
2014-09-23,100.6
2014-09-22,101.8
2014-09-19,102.29
2014-09-18,101.93
2014-09-17,101.27
2014-09-16,99.8
2014-09-15,102.81
2014-09-12,101.21
2014-09-11,100.41
2014-09-10,98.01
2014-09-09,99.08
2014-09-08,99.3
2014-09-05,98.8
2014-09-04,98.85
2014-09-03,103.1
2014-09-02,103.06
2014-09-01,103.06
2014-08-29,102.86
2014-08-28,101.59
2014-08-27,101.02
2014-08-26,101.42
2014-08-25,101.79
2014-08-22,100.29
2014-08-21,100.57
2014-08-20,100.57
2014-08-19,99.41
2014-08-18,98.49
2014-08-15,97.9
2014-08-14,97.33
2014-08-13,96.15
2014-08-12,96.04
2014-08-11,95.27
2014-08-08,94.26
2014-08-07,94.93
2014-08-06,94.75
2014-08-05,95.36
2014-08-04,96.37
2014-08-01,94.9
2014-07-31,97.16
2014-07-30,98.44
2014-07-29,99.33
2014-07-28,97.82
2014-07-25,96.85
2014-07-24,97.035
2014-07-23,95.42
2014-07-22,94.68
2014-07-21,94.99
2014-07-18,93.62
2014-07-17,95.03
2014-07-16,96.97
2014-07-15,96.8
2014-07-14,95.86
2014-07-11,95.38
2014-07-10,93.75
2014-07-09,95.45
2014-07-08,96.2
2014-07-07,94.15
2014-07-03,93.69
2014-07-02,93.85
2014-07-01,93.56
2014-06-30,92.16
2014-06-27,90.86
2014-06-26,90.43
2014-06-25,90.25
2014-06-24,90.75
2014-06-23,91.33
2014-06-20,91.92
2014-06-19,92.26
2014-06-18,92.26
2014-06-17,92.4
2014-06-16,91.58
2014-06-13,92.18
2014-06-12,94.04
2014-06-11,94.13
2014-06-10,94.64
2014-06-09,92.7
2014-06-06,650.0
2014-06-05,646.25
2014-06-04,637.28
2014-06-03,628.47
2014-06-02,634.0
2014-05-30,637.98
2014-05-29,628.0
2014-05-28,626.09
2014-05-27,615.89
2014-05-23,607.25
2014-05-22,606.6
2014-05-21,604.0
2014-05-20,604.51
2014-05-19,597.63
2014-05-16,588.81
2014-05-15,594.7
2014-05-14,592.43
2014-05-13,592.0
2014-05-12,587.45
2014-05-09,584.61
2014-05-08,588.25
2014-05-07,595.1
2014-05-06,601.62
2014-05-05,590.13
2014-05-02,592.89
2014-05-01,592.0
2014-04-30,592.64
2014-04-29,593.77
2014-04-28,572.57
2014-04-25,564.1
2014-04-24,568.36
2014-04-23,529.04
2014-04-22,528.29
2014-04-21,525.28
2014-04-17,520.0
2014-04-16,518.25
2014-04-15,519.96
2014-04-14,521.79
2014-04-11,519.18
2014-04-10,530.7
2014-04-09,522.8
2014-04-08,525.07
2014-04-07,528.24
2014-04-04,540.0
2014-04-03,541.67
2014-04-02,542.38
2014-04-01,537.9
2014-03-31,539.23
2014-03-28,537.71
2014-03-27,539.76
2014-03-26,547.11
2014-03-25,541.24
2014-03-24,538.25
2014-03-21,533.68
2014-03-20,530.0
2014-03-19,532.26
2014-03-18,525.76
2014-03-17,527.25
2014-03-14,528.26
2014-03-13,537.44
2014-03-12,534.35
2014-03-11,535.1
2014-03-10,528.36
2014-03-07,531.39
2014-03-06,532.78
2014-03-05,530.85
2014-03-04,531.17
2014-03-03,523.2
2014-02-28,529.08
2014-02-27,517.14
2014-02-26,523.61
2014-02-25,529.08
2014-02-24,523.04
2014-02-21,532.72
2014-02-20,532.76
2014-02-19,544.5
2014-02-18,546.0
2014-02-14,542.47
2014-02-13,534.66
2014-02-12,536.92
2014-02-11,530.61
2014-02-10,518.66
2014-02-07,521.25
2014-02-06,510.57
2014-02-05,506.69
2014-02-04,505.91
2014-02-03,502.41
2014-01-31,495.1
2014-01-30,502.48
2014-01-29,504.0
2014-01-28,508.89
2014-01-27,550.76
2014-01-24,554.0
2014-01-23,549.85
2014-01-22,550.88
2014-01-21,541.0
2014-01-17,551.48
2014-01-16,555.0
2014-01-15,553.52
2014-01-14,538.05
2014-01-13,530.0
2014-01-10,539.83
2014-01-09,546.8
2014-01-08,538.81
2014-01-07,544.32
2014-01-06,537.49
2014-01-03,553.0
2014-01-02,555.68
2013-12-31,554.17
2013-12-30,557.46
2013-12-27,563.82
2013-12-26,568.1
2013-12-24,569.89
2013-12-23,567.88
2013-12-20,545.39
2013-12-19,549.37
2013-12-18,549.7
2013-12-17,555.81
2013-12-16,555.02
2013-12-13,562.42
2013-12-12,562.22
2013-12-11,566.89
2013-12-10,563.56
2013-12-09,561.0
2013-12-06,565.79
2013-12-05,572.87
2013-12-04,565.6
2013-12-03,558.0
2013-12-02,558.0
2013-11-29,549.7
2013-11-27,536.25
2013-11-26,524.07
2013-11-25,521.02
2013-11-22,519.6
2013-11-21,517.6
2013-11-20,519.05
2013-11-19,519.03
2013-11-18,524.84
2013-11-15,526.55
2013-11-14,523.06
2013-11-13,518.0
2013-11-12,517.0
2013-11-11,519.99
2013-11-08,514.59
2013-11-07,519.58
2013-11-06,524.15
2013-11-05,524.44
2013-11-04,521.17
2013-11-01,524.4
2013-10-31,525.0
2013-10-30,519.59
2013-10-29,536.28
2013-10-28,529.27
2013-10-25,531.3
2013-10-24,525.0
2013-10-23,519.0
2013-10-22,526.11
2013-10-21,511.52
2013-10-18,506.1
2013-10-17,500.0
2013-10-16,500.7
2013-10-15,497.89
2013-10-14,489.54
2013-10-11,486.99
2013-10-10,491.56
2013-10-09,484.64
2013-10-08,489.61
2013-10-07,486.45
2013-10-04,483.5
2013-10-03,490.51
2013-10-02,485.72
2013-10-01,478.45
2013-09-30,476.84
2013-09-27,483.78
2013-09-26,486.0
2013-09-25,488.96
2013-09-24,495.0
2013-09-23,496.0
2013-09-20,478.5
2013-09-19,470.84
2013-09-18,463.47
2013-09-17,447.5
2013-09-16,461.0
2013-09-13,470.0
2013-09-12,468.4
2013-09-11,467.07
2013-09-10,506.38
2013-09-09,505.0
2013-09-06,498.7
2013-09-05,500.55
2013-09-04,500.0
2013-09-03,493.0
2013-08-30,492.0
2013-08-29,491.76
2013-08-28,486.0
2013-08-27,498.0
2013-08-26,500.75
2013-08-23,502.76
2013-08-22,504.99
2013-08-21,503.18
2013-08-20,509.43
2013-08-19,504.4
2013-08-16,500.0
2013-08-15,496.95
2013-08-14,497.91
2013-08-13,471.03
2013-08-12,456.86
2013-08-09,458.64
2013-08-08,464.02
2013-08-07,463.65
2013-08-06,468.04
2013-08-05,464.6
2013-08-02,458.01
2013-08-01,455.29
2013-07-31,454.99
2013-07-30,450.0
2013-07-29,440.38
2013-07-26,435.3
2013-07-25,440.51
2013-07-24,438.93
2013-07-23,426.0
2013-07-22,429.55
2013-07-19,433.9
2013-07-18,433.31
2013-07-17,429.37
2013-07-16,426.43
2013-07-15,425.01
2013-07-12,427.82
2013-07-11,422.99
2013-07-10,419.6
2013-07-09,413.86
2013-07-08,420.04
2013-07-05,420.33
2013-07-04,420.95
2013-07-03,420.95
2013-07-02,410.0
2013-07-01,402.9
2013-06-28,391.31
2013-06-27,399.01
2013-06-26,403.59
2013-06-25,405.72
2013-06-24,407.4
2013-06-21,418.9
2013-06-20,419.56
2013-06-19,431.08
2013-06-18,431.56
2013-06-17,431.35
2013-06-14,435.4
2013-06-13,432.29
2013-06-12,439.5
2013-06-11,436.0
2013-06-10,444.79
2013-06-07,436.28
2013-06-06,445.11
2013-06-05,445.65
2013-06-04,453.2
2013-06-03,450.46
2013-05-31,452.45
2013-05-30,445.65
2013-05-29,440.2
2013-05-28,450.0
2013-05-24,440.55
2013-05-23,436.01
2013-05-22,443.79
2013-05-21,437.9
2013-05-20,431.76
2013-05-17,439.0
2013-05-16,422.83
2013-05-15,439.15
2013-05-14,453.9
2013-05-13,451.53
2013-05-10,458.0
2013-05-09,459.89
2013-05-08,459.32
2013-05-07,465.24
2013-05-06,456.0
2013-05-03,451.31
2013-05-02,442.0
2013-05-01,444.5
2013-04-30,435.11
2013-04-29,420.55
2013-04-26,409.81
2013-04-25,411.55
2013-04-24,393.6
2013-04-23,404.0
2013-04-22,393.0
2013-04-19,387.99
2013-04-18,405.0
2013-04-17,420.26
2013-04-16,421.51
2013-04-15,426.85
2013-04-12,434.15
2013-04-11,433.5
2013-04-10,428.47
2013-04-09,426.38
2013-04-08,424.79
2013-04-05,424.63
2013-04-04,433.55
2013-04-03,431.66
2013-04-02,427.3
2013-04-01,442.0
2013-03-29,450.0
2013-03-28,450.0
2013-03-27,456.8
2013-03-26,465.43
2013-03-25,464.8
2013-03-22,454.6
2013-03-21,450.22
2013-03-20,457.5
2013-03-19,459.5
2013-03-18,441.45
2013-03-15,437.88
2013-03-14,432.88
2013-03-13,428.43
2013-03-12,435.81
2013-03-11,429.7
2013-03-08,430.0
2013-03-07,424.46
2013-03-06,434.77
2013-03-05,421.17
2013-03-04,427.7
2013-03-01,438.0
2013-02-28,444.0
2013-02-27,448.97
2013-02-26,444.0
2013-02-25,453.8
2013-02-22,449.25
2013-02-21,445.6
2013-02-20,457.5
2013-02-19,461.1
2013-02-18,469.07
2013-02-15,469.07
2013-02-14,464.52
2013-02-13,467.24
2013-02-12,479.51
2013-02-11,476.5
2013-02-08,473.95
2013-02-07,463.25
2013-02-06,456.45
2013-02-05,444.3
2013-02-04,453.56
2013-02-01,459.33
2013-01-31,456.8
2013-01-30,457.14
2013-01-29,458.37
2013-01-28,437.6
2013-01-25,451.81
2013-01-24,460.0
2013-01-23,508.81
2013-01-22,504.55
2013-01-21,498.35
2013-01-18,498.35
2013-01-17,510.43
2013-01-16,494.71
2013-01-15,498.04
2013-01-14,503.0
2013-01-11,521.14
2013-01-10,528.5
2013-01-09,522.71
2013-01-08,528.87
2013-01-07,522.05
2013-01-04,537.15
2013-01-03,547.95
2013-01-02,554.0
2012-12-31,510.09
2012-12-28,510.23
2012-12-27,513.54
2012-12-26,518.66
2012-12-24,520.15
2012-12-21,512.69
2012-12-20,530.15
2012-12-19,531.37
2012-12-18,525.27
2012-12-17,508.92
2012-12-14,515.0
2012-12-13,531.15
2012-12-12,547.86
2012-12-11,539.7
2012-12-10,525.0
2012-12-07,553.47
2012-12-06,528.9
2012-12-05,568.9
2012-12-04,581.79
2012-12-03,593.7
2012-11-30,586.6
2012-11-29,590.27
2012-11-28,577.24
2012-11-27,589.6
2012-11-26,575.9
2012-11-23,567.39
2012-11-21,564.25
2012-11-20,571.56
2012-11-19,540.62
2012-11-16,525.12
2012-11-15,537.53
2012-11-14,545.5
2012-11-13,539.09
2012-11-12,554.38
2012-11-09,540.01
2012-11-08,560.65
2012-11-07,573.95
2012-11-06,590.25
2012-11-05,583.29
2012-11-02,596.09
2012-11-01,598.25
2012-10-31,594.49
2012-10-30,609.43
2012-10-26,609.43
2012-10-25,620.0
2012-10-24,621.44
2012-10-23,631.15
2012-10-22,612.42
2012-10-19,631.45
2012-10-18,640.0
2012-10-17,649.29
2012-10-16,635.63
2012-10-15,632.3
2012-10-12,629.92
2012-10-11,646.75
2012-10-10,639.76
2012-10-09,638.64
2012-10-08,647.0
2012-10-05,665.0
2012-10-04,671.25
2012-10-03,665.14
2012-10-02,662.16
2012-10-01,671.5
2012-09-28,678.75
2012-09-27,664.29
2012-09-26,668.63
2012-09-25,688.0
2012-09-24,686.91
2012-09-21,702.56
2012-09-20,699.17
2012-09-19,700.45
2012-09-18,699.9
2012-09-17,699.33
2012-09-14,689.97
2012-09-13,677.36
2012-09-12,666.85
2012-09-11,665.27
2012-09-10,680.45
2012-09-07,678.05
2012-09-06,673.33
2012-09-05,675.4
2012-09-04,665.79
2012-08-31,667.27
2012-08-30,670.64
2012-08-29,675.25
2012-08-28,674.8
2012-08-27,679.99
2012-08-24,659.77
2012-08-23,666.13
2012-08-22,654.52
2012-08-21,670.84
2012-08-20,650.01
2012-08-17,640.0
2012-08-16,631.13
2012-08-15,631.3
2012-08-14,632.0
2012-08-13,623.28
2012-08-10,618.71
2012-08-09,617.85
2012-08-08,619.05
2012-08-07,622.5
2012-08-06,617.11
2012-08-03,614.0
2012-08-02,603.0
2012-08-01,615.83
2012-07-31,603.04
2012-07-30,591.0
2012-07-27,575.22
2012-07-26,579.82
2012-07-25,574.89
2012-07-24,607.5
2012-07-23,595.0
2012-07-20,613.96
2012-07-19,611.28
2012-07-18,606.76
2012-07-17,610.9
2012-07-16,605.2
2012-07-13,602.99
2012-07-12,600.33
2012-07-11,606.13
2012-07-10,618.0
2012-07-09,605.36
2012-07-06,607.25
2012-07-05,600.24
2012-07-03,595.0
2012-07-02,584.73
2012-06-29,578.0
2012-06-28,571.85
2012-06-27,575.0
2012-06-26,571.33
2012-06-25,577.3
2012-06-22,578.94
2012-06-21,585.74
2012-06-20,588.01
2012-06-19,583.42
2012-06-18,570.96
2012-06-15,571.0
2012-06-14,571.24
2012-06-13,574.5
2012-06-12,574.71
2012-06-11,587.64
2012-06-08,571.12
2012-06-07,577.29
2012-06-06,567.89
2012-06-05,560.98
2012-06-04,561.5
2012-06-01,569.0
2012-05-31,581.0
2012-05-30,569.2
2012-05-29,570.9
2012-05-25,564.61
2012-05-24,576.0
2012-05-23,557.33
2012-05-22,569.9
2012-05-21,534.76
2012-05-18,533.89
2012-05-17,545.31
2012-05-16,554.05
2012-05-15,561.43
2012-05-14,562.69
2012-05-11,565.18
2012-05-10,575.19
2012-05-09,563.71
2012-05-08,569.94
2012-05-07,561.5
2012-05-04,577.04
2012-05-03,590.73
2012-05-02,580.48
2012-05-01,584.9
2012-04-30,597.94
2012-04-27,605.0
2012-04-26,614.5
2012-04-25,615.99
2012-04-24,562.91
2012-04-23,570.8
2012-04-20,591.82
2012-04-19,600.16
2012-04-18,613.88
2012-04-17,578.96
2012-04-16,610.0
2012-04-13,624.1
2012-04-12,625.23
2012-04-11,636.0
2012-04-10,640.0
2012-04-09,626.19
2012-04-05,627.09
2012-04-04,624.71
2012-04-03,627.3
2012-04-02,601.93
2012-03-30,608.9
2012-03-29,612.5
2012-03-28,618.65
2012-03-27,606.43
2012-03-26,599.99
2012-03-23,600.49
2012-03-22,598.06
2012-03-21,602.94
2012-03-20,599.32
2012-03-19,598.56
2012-03-16,584.55
2012-03-15,600.0
2012-03-14,578.11
2012-03-13,557.54
2012-03-12,549.0
2012-03-09,544.4
2012-03-08,534.86
2012-03-07,536.76
2012-03-06,523.65
2012-03-05,545.69
2012-03-02,544.46
2012-03-01,548.17
2012-02-29,541.55
2012-02-28,527.98
2012-02-27,521.31
2012-02-24,519.76
2012-02-23,515.08
2012-02-22,513.06
2012-02-21,507.16
2012-02-17,503.3
2012-02-16,491.31
2012-02-15,514.47
2012-02-14,504.7
2012-02-13,499.74
2012-02-10,491.17
2012-02-09,480.95
2012-02-08,470.66
2012-02-07,465.46
2012-02-06,458.38
2012-02-03,457.3
2012-02-02,456.01
2012-02-01,458.49
2012-01-31,455.84
2012-01-30,445.83
2012-01-27,444.34
2012-01-26,448.45
2012-01-25,454.26
2012-01-24,425.0
2012-01-23,422.97
2012-01-20,427.49
2012-01-19,430.03
2012-01-18,426.99
2012-01-17,424.2
2012-01-13,419.53
2012-01-12,422.41
2012-01-11,422.39
2012-01-10,426.0
2012-01-09,425.52
2012-01-06,419.77
2012-01-05,414.95
2012-01-04,410.2
2012-01-03,409.5
2011-12-30,403.51
2011-12-29,403.25
2011-12-28,406.9
2011-12-27,403.16
2011-12-23,399.69
2011-12-22,397.0
2011-12-21,396.52
2011-12-20,387.5
2011-12-19,382.47
2011-12-16,380.98
2011-12-15,383.33
2011-12-14,386.7
2011-12-13,393.0
2011-12-12,391.66
2011-12-09,392.7
2011-12-08,391.48
2011-12-07,389.7
2011-12-06,392.54
2011-12-05,393.28
2011-12-02,390.0
2011-12-01,382.45
2011-11-30,381.02
2011-11-29,375.84
2011-11-28,372.47
2011-11-25,368.2
2011-11-23,374.7
2011-11-22,371.39
2011-11-21,370.23
2011-11-18,378.89
2011-11-17,383.82
2011-11-16,389.44
2011-11-15,380.8
2011-11-14,384.37
2011-11-11,386.75
2011-11-10,397.11
2011-11-09,397.0
2011-11-08,402.21
2011-11-07,399.91
2011-11-04,402.0
2011-11-03,399.07
2011-11-02,400.0
2011-11-01,397.0
2011-10-31,402.11
2011-10-28,403.0
2011-10-27,407.7
2011-10-26,402.0
2011-10-25,405.03
2011-10-24,396.18
2011-10-21,398.31
2011-10-20,400.0
2011-10-19,401.45
2011-10-18,421.59
2011-10-17,421.43
2011-10-14,417.0
2011-10-13,405.04
2011-10-12,407.41
2011-10-11,392.58
2011-10-10,379.18
2011-10-07,375.77
2011-10-06,373.11
2011-10-05,367.86
2011-10-04,374.9
2011-10-03,380.36
2011-09-30,387.12
2011-09-29,401.92
2011-09-28,400.07
2011-09-27,408.96
2011-09-26,400.0
2011-09-23,400.25
2011-09-22,401.0
2011-09-21,419.71
2011-09-20,415.35
2011-09-19,396.9
2011-09-16,396.0
2011-09-15,391.57
2011-09-14,387.02
2011-09-13,382.14
2011-09-12,373.02
2011-09-09,383.95
2011-09-08,382.4
2011-09-07,385.57
2011-09-06,367.08
2011-09-02,374.94
2011-09-01,385.98
2011-08-31,390.86
2011-08-30,388.25
2011-08-29,388.17
2011-08-26,371.17
2011-08-25,365.0
2011-08-24,373.46
2011-08-23,360.3
2011-08-22,364.64
2011-08-19,361.73
2011-08-18,370.7
2011-08-17,382.36
2011-08-16,381.5
2011-08-15,379.9
2011-08-12,378.41
2011-08-11,370.54
2011-08-10,371.15
2011-08-09,361.79
2011-08-08,361.0
2011-08-05,379.91
2011-08-04,389.55
2011-08-03,391.07
2011-08-02,397.84
2011-08-01,398.0
2011-07-29,387.52
2011-07-28,391.63
2011-07-27,400.32
2011-07-26,400.0
2011-07-25,390.18
2011-07-22,388.32
2011-07-21,387.02
2011-07-20,396.05
2011-07-19,377.92
2011-07-18,365.43
2011-07-15,360.99
2011-07-14,360.95
2011-07-13,358.33
2011-07-12,353.5
2011-07-11,356.33
2011-07-08,353.52
2011-07-07,354.72
2011-07-06,349.0
2011-07-05,342.97
2011-07-01,335.95
2011-06-30,334.7
2011-06-29,336.08
2011-06-28,333.58
2011-06-27,327.62
2011-06-24,331.5
2011-06-23,318.95
2011-06-22,325.02
2011-06-21,316.53
2011-06-20,317.3
2011-06-17,329.07
2011-06-16,326.79
2011-06-15,329.6
2011-06-14,330.02
2011-06-13,327.2
2011-06-10,330.65
2011-06-09,333.27
2011-06-08,332.0
2011-06-07,338.17
2011-06-06,345.7
2011-06-03,343.03
2011-06-02,346.55
2011-06-01,349.11
2011-05-31,341.14
2011-05-27,334.8
2011-05-26,335.72
2011-05-25,333.43
2011-05-24,335.28
2011-05-23,330.0
2011-05-20,339.75
2011-05-19,342.08
2011-05-18,336.5
2011-05-17,332.0
2011-05-16,339.25
2011-05-13,345.79
2011-05-12,346.45
2011-05-11,349.15
2011-05-10,348.89
2011-05-09,347.82
2011-05-06,349.85
2011-05-05,348.4
2011-05-04,348.32
2011-05-03,347.91
2011-05-02,349.75
2011-04-29,347.04
2011-04-28,346.2
2011-04-27,352.28
2011-04-26,353.63
2011-04-25,350.57
2011-04-22,354.43
2011-04-21,354.43
2011-04-20,343.74
2011-04-19,333.25
2011-04-18,326.16
2011-04-15,333.62
2011-04-14,334.65
2011-04-13,335.0
2011-04-12,330.45
2011-04-11,334.2
2011-04-08,340.0
2011-04-07,338.04
2011-04-06,341.45
2011-04-05,336.52
2011-04-04,344.56
2011-04-01,351.11
2011-03-31,346.3
2011-03-30,350.71
2011-03-29,347.59
2011-03-28,353.18
2011-03-25,348.13
2011-03-24,341.85
2011-03-23,339.25
2011-03-22,342.62
2011-03-21,336.13
2011-03-18,336.6
2011-03-17,336.94
2011-03-16,342.0
2011-03-15,341.77
2011-03-14,353.0
2011-03-11,345.02
2011-03-10,349.76
2011-03-09,354.69
2011-03-08,354.79
2011-03-07,361.6
2011-03-04,360.0
2011-03-03,357.44
2011-03-02,349.94
2011-03-01,355.27
2011-02-28,351.17
2011-02-25,345.26
2011-02-24,344.03
2011-02-23,338.65
2011-02-22,342.15
2011-02-18,358.3
2011-02-17,357.16
2011-02-16,360.52
2011-02-15,359.21
2011-02-14,356.79
2011-02-11,354.84
2011-02-10,357.82
2011-02-09,355.19
2011-02-08,353.52
2011-02-07,348.0
2011-02-04,343.76
2011-02-03,343.8
2011-02-02,344.45
2011-02-01,341.54
2011-01-31,335.8
2011-01-28,344.33
2011-01-27,343.9
2011-01-26,342.9
2011-01-25,336.41
2011-01-24,327.06
2011-01-21,333.77
2011-01-20,336.18
2011-01-19,348.58
2011-01-18,327.05
2011-01-14,345.94
2011-01-13,345.31
2011-01-12,343.43
2011-01-11,344.95
2011-01-10,338.83
2011-01-07,334.12
2011-01-06,335.0
2011-01-05,329.55
2011-01-04,332.5
2011-01-03,325.9
2010-12-31,323.0
2010-12-30,325.4
2010-12-29,326.3
2010-12-28,326.0
2010-12-27,323.19
2010-12-23,325.0
2010-12-22,324.38
2010-12-21,323.09
2010-12-20,321.6
2010-12-17,321.38
2010-12-16,321.09
2010-12-15,320.0
2010-12-14,321.99
2010-12-13,324.35
2010-12-10,319.65
2010-12-09,322.15
2010-12-08,319.77
2010-12-07,323.88
2010-12-06,318.54
2010-12-03,316.94
2010-12-02,317.5
2010-12-01,315.75
2010-11-30,313.54
2010-11-29,316.23
2010-11-26,313.82
2010-11-24,312.0
2010-11-23,310.3
2010-11-22,306.69
2010-11-19,308.0
2010-11-18,305.47
2010-11-17,301.08
2010-11-16,305.6
2010-11-15,308.48
2010-11-12,315.5
2010-11-11,315.0
2010-11-10,316.64
2010-11-09,321.0
2010-11-08,316.95
2010-11-05,317.99
2010-11-04,315.11
2010-11-03,311.37
2010-11-02,307.0
2010-11-01,302.63
2010-10-29,304.22
2010-10-28,307.95
2010-10-27,307.65
2010-10-26,306.99
2010-10-25,309.12
2010-10-22,309.07
2010-10-21,312.31
2010-10-20,309.0
2010-10-19,303.49
2010-10-18,318.5
2010-10-15,307.44
2010-10-14,301.69
2010-10-13,300.03
2010-10-12,295.41
2010-10-11,294.77
2010-10-08,291.89
2010-10-07,290.44
2010-10-06,289.61
2010-10-05,282.4
2010-10-04,281.68
2010-10-01,286.4
2010-09-30,289.0
2010-09-29,287.16
2010-09-28,291.7
2010-09-27,293.98
2010-09-24,292.1
2010-09-23,286.45
2010-09-22,282.71
2010-09-21,283.85
2010-09-20,276.1
2010-09-17,277.68
2010-09-16,270.27
2010-09-15,268.0
2010-09-14,266.17
2010-09-13,265.95
2010-09-10,263.2
2010-09-09,265.01
2010-09-08,259.78
2010-09-07,256.51
2010-09-03,254.93
2010-09-02,251.37
2010-09-01,247.5
2010-08-31,241.88
2010-08-30,240.76
2010-08-27,241.53
2010-08-26,245.48
2010-08-25,237.99
2010-08-24,243.0
2010-08-23,251.75
2010-08-20,249.38
2010-08-19,252.85
2010-08-18,252.36
2010-08-17,250.1
2010-08-16,247.72
2010-08-13,251.03
2010-08-12,246.66
2010-08-11,255.14
2010-08-10,259.89
2010-08-09,261.49
2010-08-06,259.7
2010-08-05,261.48
2010-08-04,262.63
2010-08-03,261.0
2010-08-02,260.44
2010-07-30,256.0
2010-07-29,260.71
2010-07-28,263.67
2010-07-27,260.68
2010-07-26,259.98
2010-07-23,257.09
2010-07-22,257.74
2010-07-21,265.0
2010-07-20,242.99
2010-07-19,249.75
2010-07-16,253.13
2010-07-15,248.27
2010-07-14,249.49
2010-07-13,256.21
2010-07-12,258.53
2010-07-09,256.94
2010-07-08,262.58
2010-07-07,250.62
2010-07-06,251.25
2010-07-02,250.55
2010-07-01,254.11
2010-06-30,256.74
2010-06-29,264.25
2010-06-28,266.96
2010-06-25,270.02
2010-06-24,270.97
2010-06-23,274.64
2010-06-22,272.24
2010-06-21,277.75
2010-06-18,272.23
2010-06-17,270.61
2010-06-16,261.0
2010-06-15,255.62
2010-06-14,256.0
2010-06-11,248.17
2010-06-10,244.81
2010-06-09,251.56
2010-06-08,253.38
2010-06-07,258.37
2010-06-04,258.47
2010-06-03,265.2
2010-06-02,264.74
2010-06-01,259.7
2010-05-28,259.18
2010-05-27,250.73
2010-05-26,250.2
2010-05-25,239.9
2010-05-24,247.26
2010-05-21,231.65
2010-05-20,241.4
2010-05-19,249.48
2010-05-18,257.035
2010-05-17,254.16
2010-05-14,255.21
2010-05-13,263.26
2010-05-12,259.64
2010-05-11,252.0
2010-05-10,251.17
2010-05-07,244.0
2010-05-06,254.0
2010-05-05,252.88
2010-05-04,262.44
2010-05-03,264.42
2010-04-30,269.74
2010-04-29,263.05
2010-04-28,263.0
2010-04-27,267.0
2010-04-26,271.98
2010-04-23,267.01
2010-04-22,258.18
2010-04-21,258.26
2010-04-20,249.24
2010-04-19,246.55
2010-04-16,248.99
2010-04-15,245.95
2010-04-14,245.17
2010-04-13,242.23
2010-04-12,242.9
2010-04-09,241.46
2010-04-08,240.4
2010-04-07,239.72
2010-04-06,238.28
2010-04-05,234.99
2010-04-01,237.67
2010-03-31,235.85
2010-03-30,236.67
2010-03-29,232.91
2010-03-26,228.98
2010-03-25,230.87
2010-03-24,227.85
2010-03-23,225.66
2010-03-22,220.5
2010-03-19,225.16
2010-03-18,223.92
2010-03-17,224.79
2010-03-16,224.19
2010-03-15,225.5
2010-03-12,227.05
2010-03-11,223.86
2010-03-10,223.71
2010-03-09,218.15
2010-03-08,219.98
2010-03-05,215.0
2010-03-04,209.39
2010-03-03,209.16
2010-03-02,209.97
2010-03-01,205.75
2010-02-26,202.45
2010-02-25,197.38
2010-02-24,198.5
2010-02-23,199.91
2010-02-22,202.44
2010-02-19,201.85
2010-02-18,201.63
2010-02-17,204.25
2010-02-16,202.19
2010-02-12,198.17
2010-02-11,194.79
2010-02-10,195.82
2010-02-09,196.46
2010-02-08,195.68
2010-02-05,192.7
2010-02-04,196.85
2010-02-03,195.26
2010-02-02,195.93
2010-02-01,192.58
2010-01-29,201.33
2010-01-28,205.32
2010-01-27,206.81
2010-01-26,205.86
2010-01-25,202.83
2010-01-22,206.78
2010-01-21,212.29
2010-01-20,214.91
2010-01-19,208.39
2010-01-18,211.4
2010-01-15,211.4
2010-01-14,210.04
2010-01-13,208.12
2010-01-12,209.32
2010-01-11,212.97
2010-01-08,210.4
2010-01-07,211.68
2010-01-06,214.38
2010-01-05,214.79
2010-01-04,213.5
2009-12-31,213.11
2009-12-30,208.75
2009-12-29,212.65
2009-12-28,211.15
2009-12-24,203.43
2009-12-23,201.19
2009-12-22,199.79
2009-12-21,196.0
2009-12-18,193.1
2009-12-17,194.87
2009-12-16,195.0
2009-12-15,195.76
2009-12-14,195.47
2009-12-11,197.75
2009-12-10,199.69
2009-12-09,191.25
2009-12-08,189.04
2009-12-07,193.32
2009-12-04,199.7
2009-12-03,197.87
2009-12-02,199.05
2009-12-01,202.25
2009-11-30,200.91
2009-11-27,199.1
2009-11-25,205.5
2009-11-24,205.3
2009-11-23,203.12
2009-11-20,198.33
2009-11-19,204.57
2009-11-18,206.42
2009-11-17,206.07
2009-11-16,205.4
2009-11-13,202.9
2009-11-12,203.33
2009-11-11,204.63
2009-11-10,201.07
2009-11-09,196.95
2009-11-06,193.0
2009-11-05,192.7
2009-11-04,190.71
2009-11-03,188.0
2009-11-02,189.81
2009-10-30,196.18
2009-10-29,194.89
2009-10-28,197.28
2009-10-27,201.64
2009-10-26,203.5
2009-10-23,205.7
2009-10-22,204.52
2009-10-21,199.62
2009-10-20,200.47
2009-10-19,187.88
2009-10-16,189.25
2009-10-15,189.6
2009-10-14,192.15
2009-10-13,190.62
2009-10-12,190.97
2009-10-09,188.9
2009-10-08,190.77
2009-10-07,189.82
2009-10-06,187.75
2009-10-05,186.2
2009-10-02,181.38
2009-10-01,185.49
2009-09-30,186.04
2009-09-29,186.66
2009-09-28,183.83
2009-09-25,182.13
2009-09-24,187.2
2009-09-23,185.4
2009-09-22,185.1
2009-09-21,184.44
2009-09-18,185.9
2009-09-17,182.0
2009-09-16,178.0
2009-09-15,174.04
2009-09-14,170.85
2009-09-11,172.96
2009-09-10,172.06
2009-09-09,172.72
2009-09-08,172.43
2009-09-04,167.2
2009-09-03,166.44
2009-09-02,164.5
2009-09-01,168.09
2009-08-31,168.09
2009-08-28,172.06
2009-08-27,168.61
2009-08-26,168.94
2009-08-25,169.43
2009-08-24,170.0
2009-08-21,167.81
2009-08-20,164.89
2009-08-19,162.72
2009-08-18,161.75
2009-08-17,163.59
2009-08-14,167.81
2009-08-13,166.63
2009-08-12,162.49
2009-08-11,163.61
2009-08-10,165.38
2009-08-07,165.51
2009-08-06,165.55
2009-08-05,165.99
2009-08-04,165.03
2009-08-03,165.15
2009-07-31,163.0
2009-07-30,161.63
2009-07-29,158.94
2009-07-28,158.96
2009-07-27,160.0
2009-07-24,156.94
2009-07-23,156.51
2009-07-22,157.5
2009-07-21,153.43
2009-07-20,153.14
2009-07-17,149.17
2009-07-16,145.89
2009-07-15,144.87
2009-07-14,142.08
2009-07-13,139.51
2009-07-10,136.41
2009-07-09,137.8
2009-07-08,135.92
2009-07-07,138.48
2009-07-06,138.7
2009-07-03,141.31
2009-07-02,141.31
2009-07-01,143.52
2009-06-30,142.66
2009-06-29,143.45
2009-06-26,139.74
2009-06-25,135.8
2009-06-24,135.43
2009-06-23,136.36
2009-06-22,140.62
2009-06-19,138.07
2009-06-18,136.0
2009-06-17,136.71
2009-06-16,136.63
2009-06-15,135.98
2009-06-12,138.86
2009-06-11,139.61
2009-06-10,142.0
2009-06-09,143.81
2009-06-08,143.9
2009-06-05,145.5
2009-06-04,140.11
2009-06-03,140.09
2009-06-02,138.99
2009-06-01,136.37
2009-05-29,135.4
2009-05-28,133.5
2009-05-27,131.78
2009-05-26,124.82
2009-05-22,124.09
2009-05-21,125.0
2009-05-20,127.77
2009-05-19,126.84
2009-05-18,123.84
2009-05-15,122.15
2009-05-14,119.76
2009-05-13,123.13
2009-05-12,129.71
2009-05-11,127.28
2009-05-08,129.08
2009-05-07,132.09
2009-05-06,133.49
2009-05-05,131.75
2009-05-04,128.2
2009-05-01,125.82
2009-04-30,126.37
2009-04-29,124.83
2009-04-28,123.33
2009-04-27,122.86
2009-04-24,124.5
2009-04-23,126.65
2009-04-22,122.6
2009-04-21,118.95
2009-04-20,121.76
2009-04-17,121.04
2009-04-16,119.2
2009-04-15,117.01
2009-04-14,119.55
2009-04-13,120.0
2009-04-09,118.45
2009-04-08,115.26
2009-04-07,116.42
2009-04-06,114.94
2009-04-03,113.91
2009-04-02,110.06
2009-04-01,104.05
2009-03-31,105.5
2009-03-30,104.1
2009-03-27,108.5
2009-03-26,107.91
2009-03-25,107.5
2009-03-24,106.36
2009-03-23,102.68
2009-03-20,102.13
2009-03-19,101.95
2009-03-18,99.88
2009-03-17,95.22
2009-03-16,96.51
2009-03-13,96.3
2009-03-12,92.9
2009-03-11,89.9
2009-03-10,84.78
2009-03-09,84.05
2009-03-06,88.33
2009-03-05,90.25
2009-03-04,89.1
2009-03-03,89.1
2009-03-02,87.99
2009-02-27,88.0
2009-02-26,92.11
2009-02-25,89.86
2009-02-24,87.25
2009-02-23,91.6
2009-02-20,89.49
2009-02-19,93.32
2009-02-18,95.15
2009-02-17,97.0
2009-02-13,99.11
2009-02-12,95.83
2009-02-11,96.4
2009-02-10,101.17
2009-02-09,100.0
2009-02-06,97.07
2009-02-05,92.78
2009-02-04,93.32
2009-02-03,91.79
2009-02-02,89.0
2009-01-30,92.62
2009-01-29,93.09
2009-01-28,92.15
2009-01-27,90.1
2009-01-26,88.88
2009-01-23,86.95
2009-01-22,88.0
2009-01-21,79.5
2009-01-20,81.97
2009-01-19,84.27
2009-01-16,84.27
2009-01-15,80.5
2009-01-14,86.24
2009-01-13,88.34
2009-01-12,90.45
2009-01-09,93.21
2009-01-08,90.46
2009-01-07,91.6
2009-01-06,95.96
2009-01-05,93.11
2009-01-02,85.58
2008-12-31,86.0
2008-12-30,87.42
2008-12-29,86.62
2008-12-26,86.55
2008-12-24,86.1
2008-12-23,86.99
2008-12-22,90.0
2008-12-19,89.99
2008-12-18,89.5
2008-12-17,91.0
2008-12-16,94.0
2008-12-15,95.98
2008-12-12,92.89
2008-12-11,97.15
2008-12-10,97.83
2008-12-09,97.96
2008-12-08,97.14
2008-12-05,90.3
2008-12-04,94.36
2008-12-03,89.36
2008-12-02,90.0
2008-12-01,91.33
2008-11-28,94.7
2008-11-26,90.1
2008-11-25,94.62
2008-11-24,85.1
2008-11-21,81.97
2008-11-20,85.07
2008-11-19,89.68
2008-11-18,89.6
2008-11-17,88.5
2008-11-14,93.63
2008-11-13,90.0
2008-11-12,92.5
2008-11-11,94.83
2008-11-10,100.3
2008-11-07,99.15
2008-11-06,101.05
2008-11-05,109.0
2008-11-04,109.99
2008-11-03,105.91
2008-10-31,107.37
2008-10-30,108.4
2008-10-29,100.74
2008-10-28,95.37
2008-10-27,95.07
2008-10-24,90.22
2008-10-23,96.55
2008-10-22,97.27
2008-10-21,96.97
2008-10-20,99.89
2008-10-17,99.43
2008-10-16,99.78
2008-10-15,103.83
2008-10-14,116.38
2008-10-13,104.79
2008-10-10,85.69
2008-10-09,93.5
2008-10-08,85.99
2008-10-07,100.5
2008-10-06,92.0
2008-10-03,104.0
2008-10-02,108.07
2008-10-01,111.88
2008-09-30,108.3
2008-09-29,119.5
2008-09-26,125.0
2008-09-25,130.04
2008-09-24,127.4
2008-09-23,131.59
2008-09-22,139.94
2008-09-19,140.79
2008-09-18,130.54
2008-09-17,138.35
2008-09-16,133.62
2008-09-15,142.0
2008-09-12,150.77
2008-09-11,148.0
2008-09-10,152.48
2008-09-09,156.86
2008-09-08,164.89
2008-09-05,158.35
2008-09-04,165.74
2008-09-03,167.0
2008-09-02,172.55
2008-08-29,172.84
2008-08-28,175.29
2008-08-27,173.16
2008-08-26,172.66
2008-08-25,175.92
2008-08-22,175.97
2008-08-21,174.58
2008-08-20,174.8
2008-08-19,174.32
2008-08-18,175.36
2008-08-15,179.07
2008-08-14,178.16
2008-08-13,178.05
2008-08-12,173.51
2008-08-11,170.12
2008-08-08,163.9
2008-08-07,162.89
2008-08-06,159.97
2008-08-05,155.5
2008-08-04,156.58
2008-08-01,159.94
2008-07-31,157.7
2008-07-30,157.71
2008-07-29,155.25
2008-07-28,162.18
2008-07-25,160.37
2008-07-24,164.3
2008-07-23,165.15
2008-07-22,148.9
2008-07-21,166.9
2008-07-18,168.21
2008-07-17,174.09
2008-07-16,170.08
2008-07-15,172.3
2008-07-14,179.24
2008-07-11,175.37
2008-07-10,174.91
2008-07-09,180.25
2008-07-08,175.4
2008-07-07,173.0
2008-07-03,169.59
2008-07-02,175.05
2008-07-01,164.05
2008-06-30,170.04
2008-06-27,166.44
2008-06-26,174.14
2008-06-25,174.5
2008-06-24,172.06
2008-06-23,174.78
2008-06-20,179.04
2008-06-19,178.48
2008-06-18,181.0
2008-06-17,178.17
2008-06-16,171.25
2008-06-13,171.5
2008-06-12,181.45
2008-06-11,184.34
2008-06-10,180.33
2008-06-09,184.92
2008-06-06,188.0
2008-06-05,186.25
2008-06-04,184.0
2008-06-03,186.9
2008-06-02,188.5
2008-05-30,187.5
2008-05-29,186.93
2008-05-28,187.49
2008-05-27,182.8
2008-05-23,180.75
2008-05-22,179.18
2008-05-21,185.61
2008-05-20,181.83
2008-05-19,187.9
2008-05-16,190.3
2008-05-15,186.78
2008-05-14,191.29
2008-05-13,188.6
2008-05-12,185.12
2008-05-09,183.18
2008-05-08,183.75
2008-05-07,186.13
2008-05-06,184.56
2008-05-05,181.81
2008-05-02,180.31
2008-05-01,175.01
2008-04-30,176.26
2008-04-29,171.11
2008-04-28,169.74
2008-04-25,170.6
2008-04-24,165.31
2008-04-23,164.05
2008-04-22,167.41
2008-04-21,162.35
2008-04-18,159.04
2008-04-17,154.18
2008-04-16,151.76
2008-04-15,149.4
2008-04-14,146.66
2008-04-11,152.72
2008-04-10,151.13
2008-04-09,153.35
2008-04-08,153.48
2008-04-07,156.13
2008-04-04,152.2
2008-04-03,147.1
2008-04-02,149.0
2008-04-01,146.3
2008-03-31,143.2
2008-03-28,141.82
2008-03-27,144.88
2008-03-26,140.87
2008-03-25,139.96
2008-03-24,134.01
2008-03-20,131.12
2008-03-19,133.09
2008-03-18,129.18
2008-03-17,122.57
2008-03-14,129.99
2008-03-13,123.94
2008-03-12,127.0
2008-03-11,124.1
2008-03-10,122.15
2008-03-07,120.5
2008-03-06,124.9
2008-03-05,123.6
2008-03-04,121.98
2008-03-03,124.44
2008-02-29,129.29
2008-02-28,127.2
2008-02-27,118.24
2008-02-26,117.64
2008-02-25,118.59
2008-02-22,122.48
2008-02-21,126.1
2008-02-20,122.22
2008-02-19,126.05
2008-02-15,126.27
2008-02-14,129.46
2008-02-13,126.74
2008-02-12,130.75
2008-02-11,128.06
2008-02-08,122.08
2008-02-07,119.97
2008-02-06,130.83
2008-02-05,130.4
2008-02-04,134.21
2008-02-01,136.31
2008-01-31,129.69
2008-01-30,131.5
2008-01-29,131.21
2008-01-28,128.01
2008-01-25,139.03
2008-01-24,140.0
2008-01-23,136.18
2008-01-22,147.91
2008-01-18,161.71
2008-01-17,161.42
2008-01-16,165.11
2008-01-15,177.8
2008-01-14,177.6
2008-01-11,176.0
2008-01-10,177.64
2008-01-09,171.5
2008-01-08,180.08
2008-01-07,181.25
2008-01-04,191.45
2008-01-03,195.49
2008-01-02,199.49
