Date,Volume
2019-03-29,23563961.0
2019-03-28,20780363.0
2019-03-27,29848427.0
2019-03-26,49800538.0
2019-03-25,43845293.0
2019-03-22,42407666.0
2019-03-21,51034237.0
2019-03-20,31035231.0
2019-03-19,31646369.0
2019-03-18,26219832.0
2019-03-15,39042912.0
2019-03-14,23579508.0
2019-03-13,31032524.0
2019-03-12,32467584.0
2019-03-11,32011034.0
2019-03-08,23999358.0
2019-03-07,24796374.0
2019-03-06,20810384.0
2019-03-05,19737419.0
2019-03-04,27436203.0
2019-03-01,25886167.0
2019-02-28,28215416.0
2019-02-27,27835389.0
2019-02-26,17070211.0
2019-02-25,21873358.0
2019-02-22,18913154.0
2019-02-21,17249670.0
2019-02-20,26114362.0
2019-02-19,18972826.0
2019-02-15,24626814.0
2019-02-14,21835747.0
2019-02-13,22490233.0
2019-02-12,22283523.0
2019-02-11,20993425.0
2019-02-08,23819966.0
2019-02-07,31741690.0
2019-02-06,28239591.0
2019-02-05,36101628.0
2019-02-04,31495582.0
2019-02-01,32668138.0
2019-01-31,40739649.0
2019-01-30,61109780.0
2019-01-29,41587239.0
2019-01-28,26192058.0
2019-01-25,33547893.0
2019-01-24,25441549.0
2019-01-23,23130570.0
2019-01-22,30393970.0
2019-01-18,33751023.0
2019-01-17,29821160.0
2019-01-16,30569706.0
2019-01-15,28710324.0
2019-01-14,32439186.0
2019-01-11,27023241.0
2019-01-10,35780670.0
2019-01-09,45099081.0
2019-01-08,41025314.0
2019-01-07,54777764.0
2019-01-04,58607070.0
2019-01-03,91312195.0
2019-01-02,37039737.0
2018-12-31,35003466.0
2018-12-28,42291424.0
2018-12-27,53117065.0
2018-12-26,58582544.0
2018-12-24,37169232.0
2018-12-21,95744384.0
2018-12-20,64772960.0
2018-12-19,49047297.0
2018-12-18,33841518.0
2018-12-17,44287922.0
2018-12-14,40703710.0
2018-12-13,31897827.0
2018-12-12,35627674.0
2018-12-11,47281665.0
2018-12-10,62025994.0
2018-12-07,42281631.0
2018-12-06,43098410.0
2018-12-04,41344282.0
2018-12-03,40798002.0
2018-11-30,39531549.0
2018-11-29,41769992.0
2018-11-28,46062539.0
2018-11-27,41387377.0
2018-11-26,44998520.0
2018-11-23,23623972.0
2018-11-21,31124210.0
2018-11-20,67825247.0
2018-11-19,41920872.0
2018-11-16,36928253.0
2018-11-15,46478801.0
2018-11-14,60800957.0
2018-11-13,46882936.0
2018-11-12,51135518.0
2018-11-09,34365750.0
2018-11-08,25362636.0
2018-11-07,33424434.0
2018-11-06,31882881.0
2018-11-05,66163669.0
2018-11-02,91328654.0
2018-11-01,58323180.0
2018-10-31,38358933.0
2018-10-30,36659990.0
2018-10-29,45935520.0
2018-10-26,47258375.0
2018-10-25,29855768.0
2018-10-24,40925163.0
2018-10-23,38767846.0
2018-10-22,28792082.0
2018-10-19,33078726.0
2018-10-18,32581315.0
2018-10-17,22885397.0
2018-10-16,29183963.0
2018-10-15,30791007.0
2018-10-12,40337851.0
2018-10-11,53124392.0
2018-10-10,41990554.0
2018-10-09,26891029.0
2018-10-08,29663923.0
2018-10-05,33580463.0
2018-10-04,32042000.0
2018-10-03,28654799.0
2018-10-02,24788170.0
2018-10-01,23600802.0
2018-09-28,22929364.0
2018-09-27,30181227.0
2018-09-26,23984706.0
2018-09-25,24554379.0
2018-09-24,27693358.0
2018-09-21,96246748.0
2018-09-20,26608794.0
2018-09-19,27123833.0
2018-09-18,31571712.0
2018-09-17,37195133.0
2018-09-14,31999289.0
2018-09-13,41706377.0
2018-09-12,49278740.0
2018-09-11,35749049.0
2018-09-10,39516453.0
2018-09-07,37619810.0
2018-09-06,34289976.0
2018-09-05,33332960.0
2018-09-04,27390132.0
2018-08-31,43340134.0
2018-08-30,48793824.0
2018-08-29,27254804.0
2018-08-28,22776766.0
2018-08-27,20525117.0
2018-08-24,18476356.0
2018-08-23,18883224.0
2018-08-22,19018131.0
2018-08-21,26159755.0
2018-08-20,30287695.0
2018-08-17,35426997.0
2018-08-16,28500367.0
2018-08-15,28807564.0
2018-08-14,20748010.0
2018-08-13,25890880.0
2018-08-10,24611202.0
2018-08-09,23492626.0
2018-08-08,22525487.0
2018-08-07,25587387.0
2018-08-06,25425387.0
2018-08-03,33447396.0
2018-08-02,62404012.0
2018-08-01,67935716.0
2018-07-31,39373038.0
2018-07-30,21029535.0
2018-07-27,24023972.0
2018-07-26,19075964.0
2018-07-25,16826483.0
2018-07-24,18697898.0
2018-07-23,15989365.0
2018-07-20,20706042.0
2018-07-19,20286752.0
2018-07-18,16393381.0
2018-07-17,15534523.0
2018-07-16,15043110.0
2018-07-13,12519792.0
2018-07-12,18041131.0
2018-07-11,18831470.0
2018-07-10,15939149.0
2018-07-09,19756634.0
2018-07-06,17485245.0
2018-07-05,16604248.0
2018-07-03,13954806.0
2018-07-02,17731343.0
2018-06-29,22737666.0
2018-06-28,17365235.0
2018-06-27,25285328.0
2018-06-26,24569201.0
2018-06-25,31663096.0
2018-06-22,27200447.0
2018-06-21,25711898.0
2018-06-20,20628701.0
2018-06-19,33578455.0
2018-06-18,18484865.0
2018-06-15,61719160.0
2018-06-14,21610074.0
2018-06-13,21638393.0
2018-06-12,16911141.0
2018-06-11,18308460.0
2018-06-08,26656799.0
2018-06-07,21347180.0
2018-06-06,20933619.0
2018-06-05,21565963.0
2018-06-04,26266174.0
2018-06-01,23442510.0
2018-05-31,27482793.0
2018-05-30,18690547.0
2018-05-29,22514075.0
2018-05-25,17460963.0
2018-05-24,23233975.0
2018-05-23,20058415.0
2018-05-22,15240704.0
2018-05-21,18400787.0
2018-05-18,18297728.0
2018-05-17,17294029.0
2018-05-16,19183064.0
2018-05-15,23695159.0
2018-05-14,20778772.0
2018-05-11,26212221.0
2018-05-10,27989289.0
2018-05-09,23211241.0
2018-05-08,28402777.0
2018-05-07,42451423.0
2018-05-04,56201317.0
2018-05-03,34068180.0
2018-05-02,66539371.0
2018-05-01,53569376.0
2018-04-30,42427424.0
2018-04-27,35655839.0
2018-04-26,27963014.0
2018-04-25,28382084.0
2018-04-24,33692017.0
2018-04-23,36515477.0
2018-04-20,65491140.0
2018-04-19,34808800.0
2018-04-18,20754538.0
2018-04-17,26605442.0
2018-04-16,21578420.0
2018-04-13,25124255.0
2018-04-12,22889285.0
2018-04-11,22431640.0
2018-04-10,28614241.0
2018-04-09,29017718.0
2018-04-06,35005290.0
2018-04-05,26933197.0
2018-04-04,34605489.0
2018-04-03,30278046.0
2018-04-02,37586791.0
2018-03-29,38398505.0
2018-03-28,41668545.0
2018-03-27,40922579.0
2018-03-26,37541236.0
2018-03-23,41028784.0
2018-03-22,41490767.0
2018-03-21,37054935.0
2018-03-20,19649350.0
2018-03-19,33446771.0
2018-03-16,39404688.0
2018-03-15,22743798.0
2018-03-14,29368356.0
2018-03-13,31693529.0
2018-03-12,32207081.0
2018-03-09,32185162.0
2018-03-08,23774107.0
2018-03-07,31703462.0
2018-03-06,23788506.0
2018-03-05,28401366.0
2018-03-02,38453950.0
2018-03-01,48801970.0
2018-02-28,37782138.0
2018-02-27,38928125.0
2018-02-26,38162174.0
2018-02-23,33812360.0
2018-02-22,30991940.0
2018-02-21,37471623.0
2018-02-20,33930540.0
2018-02-16,40176091.0
2018-02-15,51147171.0
2018-02-14,40644933.0
2018-02-13,32549163.0
2018-02-12,60819539.0
2018-02-09,70672608.0
2018-02-08,54390516.0
2018-02-07,51608580.0
2018-02-06,68243838.0
2018-02-05,72738522.0
2018-02-02,86593825.0
2018-02-01,47230787.0
2018-01-31,32478930.0
2018-01-30,46048185.0
2018-01-29,50640406.0
2018-01-26,39143011.0
2018-01-25,41529004.0
2018-01-24,51105090.0
2018-01-23,32689146.0
2018-01-22,27108551.0
2018-01-19,32425067.0
2018-01-18,31193352.0
2018-01-17,34386836.0
2018-01-16,29565947.0
2018-01-12,25418080.0
2018-01-11,18667729.0
2018-01-10,23959895.0
2018-01-09,21583997.0
2018-01-08,20567766.0
2018-01-05,23660018.0
2018-01-04,22434597.0
2018-01-03,29517899.0
2018-01-02,25555934.0
2017-12-29,25999922.0
2017-12-28,16480187.0
2017-12-27,21498213.0
2017-12-26,33185536.0
2017-12-22,16349444.0
2017-12-21,20949896.0
2017-12-20,23475649.0
2017-12-19,27436447.0
2017-12-18,29421114.0
2017-12-15,40169307.0
2017-12-14,20476541.0
2017-12-13,23818447.0
2017-12-12,19409230.0
2017-12-11,35273759.0
2017-12-08,23355231.0
2017-12-07,25673308.0
2017-12-06,28560000.0
2017-12-05,27350154.0
2017-12-04,32542385.0
2017-12-01,39759288.0
2017-11-30,41527218.0
2017-11-29,41666364.0
2017-11-28,26428802.0
2017-11-27,20716802.0
2017-11-24,14026673.0
2017-11-22,25588925.0
2017-11-21,25131295.0
2017-11-20,16262447.0
2017-11-17,21899544.0
2017-11-16,23637484.0
2017-11-15,29158070.0
2017-11-14,24782487.0
2017-11-13,16982080.0
2017-11-10,25145500.0
2017-11-09,29482596.0
2017-11-08,24409527.0
2017-11-07,24361485.0
2017-11-06,35026306.0
2017-11-03,59398631.0
2017-11-02,41393373.0
2017-11-01,33637762.0
2017-10-31,36046828.0
2017-10-30,44700772.0
2017-10-27,44454160.0
2017-10-26,17000469.0
2017-10-25,21207098.0
2017-10-24,17757230.0
2017-10-23,21984327.0
2017-10-20,23974146.0
2017-10-19,42584166.0
2017-10-18,16374164.0
2017-10-17,18997275.0
2017-10-16,24121452.0
2017-10-13,16394188.0
2017-10-12,16125054.0
2017-10-11,16905640.0
2017-10-10,15617014.0
2017-10-09,16262923.0
2017-10-06,17407558.0
2017-10-05,21283769.0
2017-10-04,20163750.0
2017-10-03,16230293.0
2017-10-02,18698842.0
2017-09-29,26299810.0
2017-09-28,22005455.0
2017-09-27,25504227.0
2017-09-26,36660045.0
2017-09-25,44387336.0
2017-09-22,46645443.0
2017-09-21,37334510.0
2017-09-20,52125209.0
2017-09-19,20564400.0
2017-09-18,28157282.0
2017-09-15,48760947.0
2017-09-14,23334975.0
2017-09-13,44860475.0
2017-09-12,71572415.0
2017-09-11,31580798.0
2017-09-08,28611535.0
2017-09-07,21928502.0
2017-09-06,21651726.0
2017-09-05,29536314.0
2017-09-01,16591051.0
2017-08-31,26785096.0
2017-08-30,27269584.0
2017-08-29,29516910.0
2017-08-28,25965972.0
2017-08-25,25480063.0
2017-08-24,19818918.0
2017-08-23,19399081.0
2017-08-22,21604585.0
2017-08-21,26368528.0
2017-08-18,27428069.0
2017-08-17,27940565.0
2017-08-16,27671612.0
2017-08-15,29465487.0
2017-08-14,22122734.0
2017-08-11,26257096.0
2017-08-10,40804273.0
2017-08-09,26131530.0
2017-08-08,36205896.0
2017-08-07,21870321.0
2017-08-04,20559852.0
2017-08-03,27097296.0
2017-08-02,69936800.0
2017-08-01,35368645.0
2017-07-31,19845920.0
2017-07-28,17213653.0
2017-07-27,32476337.0
2017-07-26,15780951.0
2017-07-25,18853932.0
2017-07-24,21493160.0
2017-07-21,26252630.0
2017-07-20,17243748.0
2017-07-19,20922969.0
2017-07-18,17868792.0
2017-07-17,23793456.0
2017-07-14,20132061.0
2017-07-13,25199373.0
2017-07-12,24884478.0
2017-07-11,19781836.0
2017-07-10,21090636.0
2017-07-07,19201712.0
2017-07-06,24128782.0
2017-07-05,21569557.0
2017-07-03,14277848.0
2017-06-30,23024107.0
2017-06-29,31499368.0
2017-06-28,22082432.0
2017-06-27,24761891.0
2017-06-26,25692361.0
2017-06-23,35439389.0
2017-06-22,19106294.0
2017-06-21,21265751.0
2017-06-20,24900073.0
2017-06-19,32541404.0
2017-06-16,50361093.0
2017-06-15,32165373.0
2017-06-14,31531232.0
2017-06-13,34165445.0
2017-06-12,72307330.0
2017-06-09,64882657.0
2017-06-08,21250798.0
2017-06-07,21069647.0
2017-06-06,26624926.0
2017-06-05,25331662.0
2017-06-02,27770715.0
2017-06-01,16404088.0
2017-05-31,24451164.0
2017-05-30,20126851.0
2017-05-26,21927637.0
2017-05-25,19235598.0
2017-05-24,19219154.0
2017-05-23,19918871.0
2017-05-22,22966437.0
2017-05-19,26960788.0
2017-05-18,33568215.0
2017-05-17,50767678.0
2017-05-16,20048478.0
2017-05-15,26009719.0
2017-05-12,32527017.0
2017-05-11,27255058.0
2017-05-10,25805692.0
2017-05-09,39130363.0
2017-05-08,48752413.0
2017-05-05,27327725.0
2017-05-04,23371872.0
2017-05-03,45697034.0
2017-05-02,45352194.0
2017-05-01,33602943.0
2017-04-28,20860358.0
2017-04-27,14246347.0
2017-04-26,20041241.0
2017-04-25,18871501.0
2017-04-24,17134333.0
2017-04-21,17320928.0
2017-04-20,23319562.0
2017-04-19,17328375.0
2017-04-18,14697544.0
2017-04-17,16582094.0
2017-04-13,17822880.0
2017-04-12,20350000.0
2017-04-11,30379376.0
2017-04-10,18933397.0
2017-04-07,16672198.0
2017-04-06,21149034.0
2017-04-05,27717854.0
2017-04-04,19891354.0
2017-04-03,19985714.0
2017-03-31,19661651.0
2017-03-30,21207252.0
2017-03-29,29189955.0
2017-03-28,33374805.0
2017-03-27,23575094.0
2017-03-24,22395563.0
2017-03-23,20346301.0
2017-03-22,25860165.0
2017-03-21,39529912.0
2017-03-20,21542038.0
2017-03-17,43884952.0
2017-03-16,19231998.0
2017-03-15,25691774.0
2017-03-14,15309065.0
2017-03-13,17421717.0
2017-03-10,19612801.0
2017-03-09,22155904.0
2017-03-08,18707236.0
2017-03-07,17446297.0
2017-03-06,21750044.0
2017-03-03,21571121.0
2017-03-02,26210984.0
2017-03-01,36414585.0
2017-02-28,23482860.0
2017-02-27,20257426.0
2017-02-24,21776585.0
2017-02-23,20788186.0
2017-02-22,20836932.0
2017-02-21,24507156.0
2017-02-17,22198197.0
2017-02-16,22584555.0
2017-02-15,35623100.0
2017-02-14,33226223.0
2017-02-13,23035421.0
2017-02-10,20065458.0
2017-02-09,28349859.0
2017-02-08,23004072.0
2017-02-07,38183841.0
2017-02-06,26845924.0
2017-02-03,24507301.0
2017-02-02,33710411.0
2017-02-01,111985040.0
2017-01-31,49200993.0
2017-01-30,30377503.0
2017-01-27,20562944.0
2017-01-26,26337576.0
2017-01-25,32586673.0
2017-01-24,23211038.0
2017-01-23,22050218.0
2017-01-20,32597892.0
2017-01-19,25597291.0
2017-01-18,23712961.0
2017-01-17,34439843.0
2017-01-13,26111948.0
2017-01-12,27086220.0
2017-01-11,27588593.0
2017-01-10,24462051.0
2017-01-09,33561948.0
2017-01-06,31751900.0
2017-01-05,22193587.0
2017-01-04,21118116.0
2017-01-03,28781865.0
2016-12-30,30586265.0
2016-12-29,15039519.0
2016-12-28,20905892.0
2016-12-27,18296855.0
2016-12-23,14249484.0
2016-12-22,26085854.0
2016-12-21,23783165.0
2016-12-20,21424965.0
2016-12-19,27779423.0
2016-12-16,44351134.0
2016-12-15,46524544.0
2016-12-14,34031834.0
2016-12-13,43733811.0
2016-12-12,26374377.0
2016-12-09,34402627.0
2016-12-08,27068316.0
2016-12-07,29998719.0
2016-12-06,26195462.0
2016-12-05,34324540.0
2016-12-02,26527997.0
2016-12-01,37086862.0
2016-11-30,36162258.0
2016-11-29,28528750.0
2016-11-28,27193983.0
2016-11-25,11475922.0
2016-11-23,27426394.0
2016-11-22,25965534.0
2016-11-21,29264571.0
2016-11-18,28428917.0
2016-11-17,27632003.0
2016-11-16,58840522.0
2016-11-15,32264510.0
2016-11-14,51175504.0
2016-11-11,34143898.0
2016-11-10,57134541.0
2016-11-09,59176361.0
2016-11-08,24254179.0
2016-11-07,32560000.0
2016-11-04,30836997.0
2016-11-03,26932602.0
2016-11-02,28331709.0
2016-11-01,43825812.0
2016-10-31,26419398.0
2016-10-28,37861662.0
2016-10-27,34562045.0
2016-10-26,66134219.0
2016-10-25,48128970.0
2016-10-24,23538673.0
2016-10-21,23192665.0
2016-10-20,24125801.0
2016-10-19,20034594.0
2016-10-18,24553478.0
2016-10-17,23624896.0
2016-10-14,35652191.0
2016-10-13,35192406.0
2016-10-12,37586787.0
2016-10-11,64041043.0
2016-10-10,36235956.0
2016-10-07,24358443.0
2016-10-06,28779313.0
2016-10-05,21453089.0
2016-10-04,29736835.0
2016-10-03,21701760.0
2016-09-30,36379106.0
2016-09-29,35886990.0
2016-09-28,29641085.0
2016-09-27,24607412.0
2016-09-26,29869442.0
2016-09-23,52481151.0
2016-09-22,31073984.0
2016-09-21,36003185.0
2016-09-20,34514269.0
2016-09-19,47023046.0
2016-09-16,79886911.0
2016-09-15,90613177.0
2016-09-14,112340318.0
2016-09-13,62176190.0
2016-09-12,45292770.0
2016-09-09,46556984.0
2016-09-08,53002026.0
2016-09-07,42364328.0
2016-09-06,26880391.0
2016-09-02,26802450.0
2016-09-01,26701523.0
2016-08-31,29662406.0
2016-08-30,24863945.0
2016-08-29,24970300.0
2016-08-26,27766291.0
2016-08-25,25086248.0
2016-08-24,23675081.0
2016-08-23,21257669.0
2016-08-22,25820230.0
2016-08-19,25368072.0
2016-08-18,21984703.0
2016-08-17,25355976.0
2016-08-16,33794448.0
2016-08-15,25868209.0
2016-08-12,18660434.0
2016-08-11,27484506.0
2016-08-10,24008505.0
2016-08-09,26315204.0
2016-08-08,28037220.0
2016-08-05,40553402.0
2016-08-04,27408650.0
2016-08-03,30202641.0
2016-08-02,33816556.0
2016-08-01,38167871.0
2016-07-29,27733688.0
2016-07-28,39869839.0
2016-07-27,92344820.0
2016-07-26,56239822.0
2016-07-25,40382921.0
2016-07-22,28313669.0
2016-07-21,32702028.0
2016-07-20,26275968.0
2016-07-19,23779924.0
2016-07-18,36493867.0
2016-07-15,30136990.0
2016-07-14,38918997.0
2016-07-13,25892171.0
2016-07-12,24167463.0
2016-07-11,23794945.0
2016-07-08,28912103.0
2016-07-07,25139558.0
2016-07-06,30949090.0
2016-07-05,27705210.0
2016-07-01,26026540.0
2016-06-30,35836356.0
2016-06-29,36531006.0
2016-06-28,40444914.0
2016-06-27,46622188.0
2016-06-24,75311356.0
2016-06-23,32240187.0
2016-06-22,29219122.0
2016-06-21,35546358.0
2016-06-20,34411901.0
2016-06-17,61008219.0
2016-06-16,31326815.0
2016-06-15,29445227.0
2016-06-14,31931944.0
2016-06-13,38020494.0
2016-06-10,31712936.0
2016-06-09,26601354.0
2016-06-08,20848131.0
2016-06-07,22409450.0
2016-06-06,23292504.0
2016-06-03,28504888.0
2016-06-02,40191600.0
2016-06-01,29173285.0
2016-05-31,42307212.0
2016-05-27,36341240.0
2016-05-26,56331159.0
2016-05-25,38642108.0
2016-05-24,35140174.0
2016-05-23,38018643.0
2016-05-20,32025968.0
2016-05-19,30442100.0
2016-05-18,42062391.0
2016-05-17,46916939.0
2016-05-16,61259756.0
2016-05-13,44392765.0
2016-05-12,76314690.0
2016-05-11,28719109.0
2016-05-10,33686836.0
2016-05-09,32936436.0
2016-05-06,43699886.0
2016-05-05,35890500.0
2016-05-04,41025475.0
2016-05-03,56831277.0
2016-05-02,48160104.0
2016-04-29,68531478.0
2016-04-28,82242690.0
2016-04-27,114602142.0
2016-04-26,56016165.0
2016-04-25,28031588.0
2016-04-22,33683121.0
2016-04-21,31552525.0
2016-04-20,30611030.0
2016-04-19,32384879.0
2016-04-18,60821461.0
2016-04-15,46938969.0
2016-04-14,25473923.0
2016-04-13,33257316.0
2016-04-12,27232325.0
2016-04-11,29407518.0
2016-04-08,23581740.0
2016-04-07,31801870.0
2016-04-06,26404077.0
2016-04-05,26578652.0
2016-04-04,37356204.0
2016-04-01,25873950.0
2016-03-31,25888449.0
2016-03-30,45601149.0
2016-03-29,31190083.0
2016-03-28,19411372.0
2016-03-24,26132955.0
2016-03-23,25703495.0
2016-03-22,32444375.0
2016-03-21,35502678.0
2016-03-18,44205171.0
2016-03-17,34420705.0
2016-03-16,38303493.0
2016-03-15,40067734.0
2016-03-14,25076062.0
2016-03-11,27408237.0
2016-03-10,33513577.0
2016-03-09,27201683.0
2016-03-08,31561889.0
2016-03-07,35915810.0
2016-03-04,46055100.0
2016-03-03,36955742.0
2016-03-02,33169560.0
2016-03-01,50407147.0
2016-02-29,35216277.0
2016-02-26,28991131.0
2016-02-25,27582659.0
2016-02-24,36255745.0
2016-02-23,31942633.0
2016-02-22,34280758.0
2016-02-19,35374173.0
2016-02-18,39020983.0
2016-02-17,44863243.0
2016-02-16,49057916.0
2016-02-12,40351381.0
2016-02-11,50074711.0
2016-02-10,42343601.0
2016-02-09,44331195.0
2016-02-08,54021375.0
2016-02-05,46418064.0
2016-02-04,46471652.0
2016-02-03,45964294.0
2016-02-02,37357215.0
2016-02-01,40943541.0
2016-01-29,64416504.0
2016-01-28,55678825.0
2016-01-27,133369674.0
2016-01-26,75077002.0
2016-01-25,51794525.0
2016-01-22,65800467.0
2016-01-21,52161463.0
2016-01-20,72334416.0
2016-01-19,53087747.0
2016-01-15,79833891.0
2016-01-14,63170127.0
2016-01-13,62439631.0
2016-01-12,49154227.0
2016-01-11,49739377.0
2016-01-08,70798016.0
2016-01-07,81094428.0
2016-01-06,68457388.0
2016-01-05,55790992.0
2016-01-04,67649387.0
2015-12-31,40912316.0
2015-12-30,25213777.0
2015-12-29,30931243.0
2015-12-28,26704210.0
2015-12-24,13596680.0
2015-12-23,32657354.0
2015-12-22,32789367.0
2015-12-21,47590610.0
2015-12-18,96453327.0
2015-12-17,44772827.0
2015-12-16,56238467.0
2015-12-15,53323105.0
2015-12-14,65003609.0
2015-12-11,46886161.0
2015-12-10,29212727.0
2015-12-09,46361357.0
2015-12-08,34309450.0
2015-12-07,32084249.0
2015-12-04,57776977.0
2015-12-03,41569509.0
2015-12-02,33386563.0
2015-12-01,34852374.0
2015-11-30,39180322.0
2015-11-27,13046445.0
2015-11-25,21388308.0
2015-11-24,42803172.0
2015-11-23,32482528.0
2015-11-20,34287096.0
2015-11-19,43295820.0
2015-11-18,46674697.0
2015-11-17,27616939.0
2015-11-16,38106701.0
2015-11-13,45812403.0
2015-11-12,32525579.0
2015-11-11,45217971.0
2015-11-10,59127931.0
2015-11-09,33871405.0
2015-11-06,33042283.0
2015-11-05,39552680.0
2015-11-04,44886050.0
2015-11-03,45518976.0
2015-11-02,32203267.0
2015-10-30,49365254.0
2015-10-29,51227334.0
2015-10-28,85551352.0
2015-10-27,69884400.0
2015-10-26,66333781.0
2015-10-23,59366914.0
2015-10-22,41654089.0
2015-10-21,42326974.0
2015-10-20,48967763.0
2015-10-19,29759153.0
2015-10-16,39232609.0
2015-10-15,37673452.0
2015-10-14,44462449.0
2015-10-13,33049256.0
2015-10-12,30467204.0
2015-10-09,52766140.0
2015-10-08,61979577.0
2015-10-07,46765550.0
2015-10-06,48856977.0
2015-10-05,52064743.0
2015-10-02,58019758.0
2015-10-01,63929100.0
2015-09-30,65041596.0
2015-09-29,73365384.0
2015-09-28,52109011.0
2015-09-25,56151926.0
2015-09-24,50219475.0
2015-09-23,35756716.0
2015-09-22,50346159.0
2015-09-21,50221965.0
2015-09-18,74285291.0
2015-09-17,64112641.0
2015-09-16,37173489.0
2015-09-15,43341155.0
2015-09-14,58363431.0
2015-09-11,49915473.0
2015-09-10,62892831.0
2015-09-09,85010804.0
2015-09-08,54843626.0
2015-09-04,49996311.0
2015-09-03,53233940.0
2015-09-02,61888812.0
2015-09-01,76845860.0
2015-08-31,56229271.0
2015-08-28,53164407.0
2015-08-27,84616056.0
2015-08-26,96774611.0
2015-08-25,103601599.0
2015-08-24,162206292.0
2015-08-21,128275471.0
2015-08-20,68501622.0
2015-08-19,48286510.0
2015-08-18,34560708.0
2015-08-17,40884745.0
2015-08-14,42929516.0
2015-08-13,48535789.0
2015-08-12,101685610.0
2015-08-11,97082814.0
2015-08-10,54951597.0
2015-08-07,38670405.0
2015-08-06,52903040.0
2015-08-05,99312613.0
2015-08-04,124138623.0
2015-08-03,69975968.0
2015-07-31,42884953.0
2015-07-30,33628268.0
2015-07-29,37011653.0
2015-07-28,33618097.0
2015-07-27,44455540.0
2015-07-24,42162332.0
2015-07-23,50999452.0
2015-07-22,115450607.0
2015-07-21,76756427.0
2015-07-20,58900203.0
2015-07-17,46164710.0
2015-07-16,36222447.0
2015-07-15,33649200.0
2015-07-14,31768139.0
2015-07-13,41440538.0
2015-07-10,61354474.0
2015-07-09,78595038.0
2015-07-08,60761614.0
2015-07-07,46946811.0
2015-07-06,28060431.0
2015-07-02,27210952.0
2015-07-01,30238811.0
2015-06-30,44370682.0
2015-06-29,49161427.0
2015-06-26,44066841.0
2015-06-25,31938100.0
2015-06-24,55280855.0
2015-06-23,30268863.0
2015-06-22,34039345.0
2015-06-19,54716887.0
2015-06-18,35407220.0
2015-06-17,32918071.0
2015-06-16,31494131.0
2015-06-15,43988946.0
2015-06-12,36886246.0
2015-06-11,35390887.0
2015-06-10,39087250.0
2015-06-09,56075420.0
2015-06-08,52674786.0
2015-06-05,35626800.0
2015-06-04,38450118.0
2015-06-03,30983542.0
2015-06-02,33667627.0
2015-06-01,32112797.0
2015-05-29,50884452.0
2015-05-28,30733309.0
2015-05-27,45833246.0
2015-05-26,70697560.0
2015-05-22,45595972.0
2015-05-21,39730364.0
2015-05-20,36454932.0
2015-05-19,44633240.0
2015-05-18,50882918.0
2015-05-15,38208034.0
2015-05-14,45203456.0
2015-05-13,34694235.0
2015-05-12,48160032.0
2015-05-11,42035757.0
2015-05-08,55550382.0
2015-05-07,43940895.0
2015-05-06,72141010.0
2015-05-05,49271416.0
2015-05-04,50988278.0
2015-05-01,58512638.0
2015-04-30,83195423.0
2015-04-29,63386083.0
2015-04-28,118923970.0
2015-04-27,96954207.0
2015-04-24,44525905.0
2015-04-23,45770902.0
2015-04-22,37654505.0
2015-04-21,32435057.0
2015-04-20,47054310.0
2015-04-17,51957046.0
2015-04-16,28368987.0
2015-04-15,28970419.0
2015-04-14,25524593.0
2015-04-13,36365123.0
2015-04-10,40187953.0
2015-04-09,32483974.0
2015-04-08,37329243.0
2015-04-07,35012268.0
2015-04-06,37193975.0
2015-04-02,32220131.0
2015-04-01,40621437.0
2015-03-31,42090553.0
2015-03-30,47099670.0
2015-03-27,39546151.0
2015-03-26,47572869.0
2015-03-25,51655177.0
2015-03-24,32842304.0
2015-03-23,37709674.0
2015-03-20,68695136.0
2015-03-19,45809490.0
2015-03-18,65270945.0
2015-03-17,51023104.0
2015-03-16,35874300.0
2015-03-13,51827283.0
2015-03-12,48362719.0
2015-03-11,68938974.0
2015-03-10,68856582.0
2015-03-09,88528487.0
2015-03-06,72842060.0
2015-03-05,56517146.0
2015-03-04,31666340.0
2015-03-03,37816283.0
2015-03-02,48096663.0
2015-02-27,62014847.0
2015-02-26,91287529.0
2015-02-25,74711746.0
2015-02-24,69228130.0
2015-02-23,70974110.0
2015-02-20,48948419.0
2015-02-19,37362381.0
2015-02-18,44891737.0
2015-02-17,63152405.0
2015-02-13,54272219.0
2015-02-12,74474466.0
2015-02-11,73561797.0
2015-02-10,62008506.0
2015-02-09,38889797.0
2015-02-06,43706567.0
2015-02-05,42246245.0
2015-02-04,70149743.0
2015-02-03,51915749.0
2015-02-02,62739100.0
2015-01-30,83745461.0
2015-01-29,84436432.0
2015-01-28,146477063.0
2015-01-27,95568749.0
2015-01-26,55614979.0
2015-01-23,46464828.0
2015-01-22,53796409.0
2015-01-21,48575897.0
2015-01-20,49899907.0
2015-01-16,78513345.0
2015-01-15,60013996.0
2015-01-14,48956588.0
2015-01-13,67091928.0
2015-01-12,49650790.0
2015-01-09,53699527.0
2015-01-08,59364547.0
2015-01-07,40105934.0
2015-01-06,65797116.0
2015-01-05,64285491.0
2015-01-02,53204626.0
2014-12-31,41403351.0
2014-12-30,29881477.0
2014-12-29,27598920.0
2014-12-26,33720951.0
2014-12-24,14479611.0
2014-12-23,26028419.0
2014-12-22,45167549.0
2014-12-19,88429770.0
2014-12-18,59006218.0
2014-12-17,53411773.0
2014-12-16,60790733.0
2014-12-15,67218082.0
2014-12-12,56028138.0
2014-12-11,41471578.0
2014-12-10,44565318.0
2014-12-09,60208036.0
2014-12-08,57664850.0
2014-12-05,38318895.0
2014-12-04,42155776.0
2014-12-03,43063440.0
2014-12-02,59348940.0
2014-12-01,83814037.0
2014-11-28,24814402.0
2014-11-26,40831886.0
2014-11-25,68840440.0
2014-11-24,47450824.0
2014-11-21,57179298.0
2014-11-20,43395537.0
2014-11-19,41869160.0
2014-11-18,44223978.0
2014-11-17,46746712.0
2014-11-14,44063595.0
2014-11-13,59522855.0
2014-11-12,46942431.0
2014-11-11,27442252.0
2014-11-10,27195547.0
2014-11-07,33691535.0
2014-11-06,34968457.0
2014-11-05,37435905.0
2014-11-04,41574365.0
2014-11-03,52282550.0
2014-10-31,44639285.0
2014-10-30,40654793.0
2014-10-29,52687879.0
2014-10-28,48060949.0
2014-10-27,34187701.0
2014-10-24,47053916.0
2014-10-23,71074674.0
2014-10-22,68263146.0
2014-10-21,94623904.0
2014-10-20,77517279.0
2014-10-17,68179688.0
2014-10-16,72154523.0
2014-10-15,100933600.0
2014-10-14,63688562.0
2014-10-13,53583368.0
2014-10-10,66331592.0
2014-10-09,77376525.0
2014-10-08,57404674.0
2014-10-07,42094183.0
2014-10-06,37051182.0
2014-10-03,43469585.0
2014-10-02,47757828.0
2014-10-01,51491286.0
2014-09-30,55264139.0
2014-09-29,49766312.0
2014-09-26,62370501.0
2014-09-25,100091990.0
2014-09-24,60171828.0
2014-09-23,63402196.0
2014-09-22,52788426.0
2014-09-19,70902406.0
2014-09-18,37299435.0
2014-09-17,60892400.0
2014-09-16,66908133.0
2014-09-15,61316516.0
2014-09-12,64096903.0
2014-09-11,62399743.0
2014-09-10,100869587.0
2014-09-09,189846255.0
2014-09-08,46356742.0
2014-09-05,58457035.0
2014-09-04,85718221.0
2014-09-03,125420521.0
2014-09-02,53564262.0
2014-09-01,53564262.0
2014-08-29,44595247.0
2014-08-28,68459801.0
2014-08-27,52369011.0
2014-08-26,33151984.0
2014-08-25,40270173.0
2014-08-22,44183834.0
2014-08-21,33478198.0
2014-08-20,33478198.0
2014-08-19,69399270.0
2014-08-18,47572000.0
2014-08-15,48951331.0
2014-08-14,28115566.0
2014-08-13,31916439.0
2014-08-12,33795352.0
2014-08-11,36584844.0
2014-08-08,41865193.0
2014-08-07,46711179.0
2014-08-06,38558342.0
2014-08-05,55932663.0
2014-08-04,39958144.0
2014-08-01,48511286.0
2014-07-31,56842647.0
2014-07-30,33010001.0
2014-07-29,43143095.0
2014-07-28,55317689.0
2014-07-25,43469117.0
2014-07-24,45728843.0
2014-07-23,92917719.0
2014-07-22,55196597.0
2014-07-21,39079002.0
2014-07-18,49987593.0
2014-07-17,57298243.0
2014-07-16,53502415.0
2014-07-15,45696176.0
2014-07-14,42810155.0
2014-07-11,34018228.0
2014-07-10,39685552.0
2014-07-09,36436440.0
2014-07-08,65221678.0
2014-07-07,56467939.0
2014-07-03,22891753.0
2014-07-02,28465073.0
2014-07-01,38223477.0
2014-06-30,49589028.0
2014-06-27,64028803.0
2014-06-26,32629359.0
2014-06-25,36868541.0
2014-06-24,39036087.0
2014-06-23,43694391.0
2014-06-20,100898066.0
2014-06-19,35527686.0
2014-06-18,33514108.0
2014-06-17,29726347.0
2014-06-16,35561270.0
2014-06-13,54525280.0
2014-06-12,54748791.0
2014-06-11,45681114.0
2014-06-10,62777042.0
2014-06-09,75414804.0
2014-06-06,12517273.0
2014-06-05,10850163.0
2014-06-04,11981503.0
2014-06-03,10461660.0
2014-06-02,13191129.0
2014-05-30,20143591.0
2014-05-29,13445519.0
2014-05-28,11274555.0
2014-05-27,12459515.0
2014-05-23,8293213.0
2014-05-22,7174135.0
2014-05-21,7035702.0
2014-05-20,8386998.0
2014-05-19,11348432.0
2014-05-16,9870262.0
2014-05-15,8244533.0
2014-05-14,5942978.0
2014-05-13,5704942.0
2014-05-12,7617811.0
2014-05-09,10414214.0
2014-05-08,8224909.0
2014-05-07,10102284.0
2014-05-06,13377339.0
2014-05-05,10252394.0
2014-05-02,6839796.0
2014-05-01,8721774.0
2014-04-30,16317269.0
2014-04-29,12049239.0
2014-04-28,23910240.0
2014-04-25,13938402.0
2014-04-24,27139726.0
2014-04-23,14105037.0
2014-04-22,7237779.0
2014-04-21,6524133.0
2014-04-17,10158103.0
2014-04-16,7676142.0
2014-04-15,9517511.0
2014-04-14,7349311.0
2014-04-11,9710716.0
2014-04-10,8558974.0
2014-04-09,7363246.0
2014-04-08,8710269.0
2014-04-07,10351790.0
2014-04-04,9778646.0
2014-04-03,5806873.0
2014-04-02,6443553.0
2014-04-01,7169955.0
2014-03-31,6023884.0
2014-03-28,7163009.0
2014-03-27,7929668.0
2014-03-26,10706032.0
2014-03-25,10081908.0
2014-03-24,12703553.0
2014-03-21,13373167.0
2014-03-20,7442791.0
2014-03-19,8026994.0
2014-03-18,7487409.0
2014-03-17,7126582.0
2014-03-14,8471356.0
2014-03-13,9205087.0
2014-03-12,7170780.0
2014-03-11,10028407.0
2014-03-10,6384490.0
2014-03-07,7916463.0
2014-03-06,6631873.0
2014-03-05,7152217.0
2014-03-04,9269262.0
2014-03-03,8540642.0
2014-02-28,13296379.0
2014-02-27,10793903.0
2014-02-26,9875898.0
2014-02-25,8321050.0
2014-02-24,10337850.0
2014-02-21,9965321.0
2014-02-20,10932729.0
2014-02-19,11222060.0
2014-02-18,9329464.0
2014-02-14,9781148.0
2014-02-13,10994308.0
2014-02-12,11018152.0
2014-02-11,10096036.0
2014-02-10,12350146.0
2014-02-07,13376943.0
2014-02-06,9213889.0
2014-02-05,11760308.0
2014-02-04,13467649.0
2014-02-03,14374396.0
2014-01-31,16619492.0
2014-01-30,24251827.0
2014-01-29,17991828.0
2014-01-28,38119083.0
2014-01-27,20602736.0
2014-01-24,15483491.0
2014-01-23,14425478.0
2014-01-22,13602762.0
2014-01-21,11750792.0
2014-01-17,15489527.0
2014-01-16,8210190.0
2014-01-15,14067517.0
2014-01-14,11962053.0
2014-01-13,13551549.0
2014-01-10,10902952.0
2014-01-09,9986457.0
2014-01-08,9240955.0
2014-01-07,11347538.0
2014-01-06,14765593.0
2014-01-03,14043410.0
2014-01-02,8398851.0
2013-12-31,7974196.0
2013-12-30,9058246.0
2013-12-27,8067331.0
2013-12-26,7286005.0
2013-12-24,5984105.0
2013-12-23,17903833.0
2013-12-20,15586205.0
2013-12-19,11462767.0
2013-12-18,20209401.0
2013-12-17,8210807.0
2013-12-16,10092636.0
2013-12-13,11886469.0
2013-12-12,9367474.0
2013-12-11,12847099.0
2013-12-10,9938230.0
2013-12-09,11446219.0
2013-12-06,12298336.0
2013-12-05,15985045.0
2013-12-04,13493238.0
2013-12-03,16105962.0
2013-12-02,16876555.0
2013-11-29,11361745.0
2013-11-27,12980263.0
2013-11-26,14335104.0
2013-11-25,8192629.0
2013-11-22,7990176.0
2013-11-21,9358123.0
2013-11-20,6935114.0
2013-11-19,7462101.0
2013-11-18,8748032.0
2013-11-15,11354252.0
2013-11-14,10086441.0
2013-11-13,7043561.0
2013-11-12,7302093.0
2013-11-11,8123329.0
2013-11-08,9975649.0
2013-11-07,9379300.0
2013-11-06,7977736.0
2013-11-05,9481153.0
2013-11-04,8736719.0
2013-11-01,9817472.0
2013-10-31,9846255.0
2013-10-30,12648671.0
2013-10-29,22707445.0
2013-10-28,19658589.0
2013-10-25,12064019.0
2013-10-24,13741585.0
2013-10-23,11204446.0
2013-10-22,19073679.0
2013-10-21,14218135.0
2013-10-18,10376510.0
2013-10-17,9056905.0
2013-10-16,8967859.0
2013-10-15,11431229.0
2013-10-14,9353506.0
2013-10-11,9562134.0
2013-10-10,9950070.0
2013-10-09,10775888.0
2013-10-08,10389858.0
2013-10-07,11153301.0
2013-10-04,9245340.0
2013-10-03,11526929.0
2013-10-02,10327986.0
2013-10-01,12638665.0
2013-09-30,9291344.0
2013-09-27,8144247.0
2013-09-26,8472169.0
2013-09-25,11319881.0
2013-09-24,13012249.0
2013-09-23,27218075.0
2013-09-20,24975046.0
2013-09-19,14447816.0
2013-09-18,16316472.0
2013-09-17,14263539.0
2013-09-16,19591095.0
2013-09-13,10672634.0
2013-09-12,14430353.0
2013-09-11,32096208.0
2013-09-10,26542696.0
2013-09-09,12167369.0
2013-09-06,12840179.0
2013-09-05,8441697.0
2013-09-04,12322554.0
2013-09-03,11860738.0
2013-08-30,9728684.0
2013-08-29,8559102.0
2013-08-28,10985954.0
2013-08-27,15149587.0
2013-08-26,11820150.0
2013-08-23,7954603.0
2013-08-22,8721668.0
2013-08-21,11995615.0
2013-08-20,12810249.0
2013-08-19,18232783.0
2013-08-16,12939408.0
2013-08-15,17510501.0
2013-08-14,27013273.0
2013-08-13,31497848.0
2013-08-12,13015470.0
2013-08-09,9557887.0
2013-08-08,9142834.0
2013-08-07,10673424.0
2013-08-06,11961220.0
2013-08-05,11387656.0
2013-08-02,9813618.0
2013-08-01,7366046.0
2013-07-31,11534193.0
2013-07-30,11050795.0
2013-07-29,8872900.0
2013-07-26,7152679.0
2013-07-25,8202948.0
2013-07-24,21144832.0
2013-07-23,13192629.0
2013-07-22,7428228.0
2013-07-19,9599245.0
2013-07-18,7822974.0
2013-07-17,7109152.0
2013-07-16,7733481.0
2013-07-15,8649015.0
2013-07-12,9987209.0
2013-07-11,11659852.0
2013-07-10,10050117.0
2013-07-09,12596034.0
2013-07-08,10654060.0
2013-07-05,9788680.0
2013-07-04,8604594.0
2013-07-03,8604594.0
2013-07-02,16788797.0
2013-07-01,13970435.0
2013-06-28,20665631.0
2013-06-27,12050007.0
2013-06-26,13140939.0
2013-06-25,11226398.0
2013-06-24,17169490.0
2013-06-21,17187478.0
2013-06-20,12767794.0
2013-06-19,11108255.0
2013-06-18,6970064.0
2013-06-17,9265779.0
2013-06-14,9717273.0
2013-06-13,10218298.0
2013-06-12,9479524.0
2013-06-11,10228003.0
2013-06-10,16084149.0
2013-06-07,14455098.0
2013-06-06,14895494.0
2013-06-05,10378191.0
2013-06-04,10454503.0
2013-06-03,13298263.0
2013-05-31,13725006.0
2013-05-30,12632664.0
2013-05-29,11813667.0
2013-05-28,13790884.0
2013-05-24,9872377.0
2013-05-23,12620748.0
2013-05-22,15830694.0
2013-05-21,16296320.0
2013-05-20,16127712.0
2013-05-17,15288547.0
2013-05-16,21552354.0
2013-05-15,26486155.0
2013-05-14,15968420.0
2013-05-13,11325330.0
2013-05-10,11958926.0
2013-05-09,14241068.0
2013-05-08,16878434.0
2013-05-07,17276868.0
2013-05-06,17737166.0
2013-05-03,12911684.0
2013-05-02,15072312.0
2013-05-01,18112671.0
2013-04-30,24697766.0
2013-04-29,22868730.0
2013-04-26,27295570.0
2013-04-25,13744165.0
2013-04-24,34636913.0
2013-04-23,23722707.0
2013-04-22,15354206.0
2013-04-19,21759743.0
2013-04-18,23796309.0
2013-04-17,33751923.0
2013-04-16,10920394.0
2013-04-15,11339958.0
2013-04-12,8525897.0
2013-04-11,11736299.0
2013-04-10,13425964.0
2013-04-09,10955445.0
2013-04-08,10752106.0
2013-04-05,13703354.0
2013-04-04,12809234.0
2013-04-03,12971961.0
2013-04-02,18920462.0
2013-04-01,13918927.0
2013-03-29,15820798.0
2013-03-28,15820798.0
2013-03-27,11836042.0
2013-03-26,10510489.0
2013-03-25,17897634.0
2013-03-22,14110873.0
2013-03-21,13687630.0
2013-03-20,11023594.0
2013-03-19,18813330.0
2013-03-18,21649870.0
2013-03-15,22998541.0
2013-03-14,10852678.0
2013-03-13,14493456.0
2013-03-12,16639639.0
2013-03-11,16936908.0
2013-03-08,13985569.0
2013-03-07,16731118.0
2013-03-06,16437467.0
2013-03-05,22801006.0
2013-03-04,20812057.0
2013-03-01,19730256.0
2013-02-28,11518391.0
2013-02-27,20976704.0
2013-02-26,17910582.0
2013-02-25,13306352.0
2013-02-22,11809092.0
2013-02-21,15970740.0
2013-02-20,17010698.0
2013-02-19,15563459.0
2013-02-18,13997311.0
2013-02-15,13997311.0
2013-02-14,12696643.0
2013-02-13,16971603.0
2013-02-12,21751816.0
2013-02-11,18479788.0
2013-02-08,22612712.0
2013-02-07,25163582.0
2013-02-06,21203716.0
2013-02-05,20476648.0
2013-02-04,17039822.0
2013-02-01,19266727.0
2013-01-31,11404745.0
2013-01-30,14898331.0
2013-01-29,20395431.0
2013-01-28,28054133.0
2013-01-25,43141929.0
2013-01-24,52173279.0
2013-01-23,30767979.0
2013-01-22,16483739.0
2013-01-21,16898181.0
2013-01-18,16898181.0
2013-01-17,16201797.0
2013-01-16,24671435.0
2013-01-15,31313276.0
2013-01-14,26220628.0
2013-01-11,12526963.0
2013-01-10,21469328.0
2013-01-09,14557137.0
2013-01-08,16382393.0
2013-01-07,17291168.0
2013-01-04,21225980.0
2013-01-03,12605850.0
2013-01-02,20017838.0
2012-12-31,23553255.0
2012-12-28,12652749.0
2012-12-27,16254240.0
2012-12-26,10801290.0
2012-12-24,6276711.0
2012-12-21,21304222.0
2012-12-20,17203114.0
2012-12-19,16048632.0
2012-12-18,22345289.0
2012-12-17,27105146.0
2012-12-14,36056357.0
2012-12-13,22330661.0
2012-12-12,17397590.0
2012-12-11,21155129.0
2012-12-10,22517225.0
2012-12-07,28134542.0
2012-12-06,42043113.0
2012-12-05,37308479.0
2012-12-04,19926056.0
2012-12-03,13009871.0
2012-11-30,13974998.0
2012-11-29,18382075.0
2012-11-28,18609283.0
2012-11-27,19046922.0
2012-11-26,22520633.0
2012-11-23,9743797.0
2012-11-21,13329537.0
2012-11-20,22955408.0
2012-11-19,29398995.0
2012-11-16,45246109.0
2012-11-15,28211055.0
2012-11-14,17041711.0
2012-11-13,19043230.0
2012-11-12,18421497.0
2012-11-09,33210928.0
2012-11-08,37719477.0
2012-11-07,28344598.0
2012-11-06,13389863.0
2012-11-05,18903032.0
2012-11-02,21406152.0
2012-11-01,12908846.0
2012-10-31,18214353.0
2012-10-30,36372262.0
2012-10-26,36372262.0
2012-10-25,23440199.0
2012-10-24,19947396.0
2012-10-23,25255171.0
2012-10-22,19526056.0
2012-10-19,26574431.0
2012-10-18,17022216.0
2012-10-17,13903949.0
2012-10-16,19634688.0
2012-10-15,15446423.0
2012-10-12,16429095.0
2012-10-11,19502871.0
2012-10-10,18226990.0
2012-10-09,29949841.0
2012-10-08,22784981.0
2012-10-05,21214444.0
2012-10-04,13241259.0
2012-10-03,15152817.0
2012-10-02,22428234.0
2012-10-01,19413703.0
2012-09-28,19111011.0
2012-09-27,21217433.0
2012-09-26,20596558.0
2012-09-25,18527207.0
2012-09-24,22848028.0
2012-09-21,20413868.0
2012-09-20,12020276.0
2012-09-19,11673572.0
2012-09-18,13339381.0
2012-09-17,14215357.0
2012-09-14,21445473.0
2012-09-13,21369947.0
2012-09-12,25436356.0
2012-09-11,17997836.0
2012-09-10,17428414.0
2012-09-07,11773735.0
2012-09-06,13977952.0
2012-09-05,12012925.0
2012-09-04,13138947.0
2012-08-31,12082801.0
2012-08-30,10810399.0
2012-08-29,7243012.0
2012-08-28,9549189.0
2012-08-27,15246943.0
2012-08-24,15619159.0
2012-08-23,15004224.0
2012-08-22,20190091.0
2012-08-21,29025180.0
2012-08-20,21906527.0
2012-08-17,15812842.0
2012-08-16,9099172.0
2012-08-15,9196754.0
2012-08-14,12148832.0
2012-08-13,9958209.0
2012-08-10,6966435.0
2012-08-09,7921798.0
2012-08-08,8739440.0
2012-08-07,10375356.0
2012-08-06,10797144.0
2012-08-03,12318372.0
2012-08-02,11866029.0
2012-08-01,13732106.0
2012-07-31,16511668.0
2012-07-30,13540710.0
2012-07-27,14430463.0
2012-07-26,14528940.0
2012-07-25,31330624.0
2012-07-24,20183292.0
2012-07-23,17427685.0
2012-07-20,14195350.0
2012-07-19,15602081.0
2012-07-18,9024984.0
2012-07-17,10493291.0
2012-07-16,10760906.0
2012-07-13,11129207.0
2012-07-12,15285309.0
2012-07-11,16761338.0
2012-07-10,18284201.0
2012-07-09,13550032.0
2012-07-06,14965308.0
2012-07-05,17299303.0
2012-07-03,8632595.0
2012-07-02,14288968.0
2012-06-29,15051433.0
2012-06-28,10108649.0
2012-06-27,7252110.0
2012-06-26,9883929.0
2012-06-25,10869808.0
2012-06-22,10169473.0
2012-06-21,11660894.0
2012-06-20,12827092.0
2012-06-19,12907276.0
2012-06-18,15728970.0
2012-06-15,11973340.0
2012-06-14,12351469.0
2012-06-13,10491890.0
2012-06-12,15556423.0
2012-06-11,21116528.0
2012-06-08,12410410.0
2012-06-07,13570452.0
2012-06-06,14337466.0
2012-06-05,13864768.0
2012-06-04,19892447.0
2012-06-01,18606442.0
2012-05-31,17568229.0
2012-05-30,18907887.0
2012-05-29,13589478.0
2012-05-25,11730936.0
2012-05-24,17721358.0
2012-05-23,20889195.0
2012-05-22,24813822.0
2012-05-21,22538970.0
2012-05-18,26153209.0
2012-05-17,25614959.0
2012-05-16,20031982.0
2012-05-15,17010954.0
2012-05-14,12593729.0
2012-05-11,14269476.0
2012-05-10,11902536.0
2012-05-09,17167989.0
2012-05-08,17758960.0
2012-05-07,16439031.0
2012-05-04,18928203.0
2012-05-03,13948151.0
2012-05-02,15272288.0
2012-05-01,21821359.0
2012-04-30,18076434.0
2012-04-27,14527500.0
2012-04-26,19145182.0
2012-04-25,32346810.0
2012-04-24,38442834.0
2012-04-23,34518497.0
2012-04-20,36820544.0
2012-04-19,29811195.0
2012-04-18,34090353.0
2012-04-17,36624496.0
2012-04-16,37528008.0
2012-04-13,30701581.0
2012-04-12,21940309.0
2012-04-11,24878967.0
2012-04-10,31774636.0
2012-04-09,21340578.0
2012-04-05,22856394.0
2012-04-04,20463585.0
2012-04-03,29805480.0
2012-04-02,21369494.0
2012-03-30,26108485.0
2012-03-29,21722776.0
2012-03-28,23409267.0
2012-03-27,21683163.0
2012-03-26,21276317.0
2012-03-23,15374545.0
2012-03-22,22290414.0
2012-03-21,23001482.0
2012-03-20,29166719.0
2012-03-19,32186970.0
2012-03-16,29481697.0
2012-03-15,41416824.0
2012-03-14,50672821.0
2012-03-13,24673237.0
2012-03-12,14545717.0
2012-03-09,14960676.0
2012-03-08,18444389.0
2012-03-07,28518507.0
2012-03-06,28937093.0
2012-03-05,28897169.0
2012-03-02,15418227.0
2012-03-01,24401884.0
2012-02-29,34000054.0
2012-02-28,21442354.0
2012-02-27,19556472.0
2012-02-24,14831415.0
2012-02-23,20286616.0
2012-02-22,17260544.0
2012-02-21,21628057.0
2012-02-17,19135313.0
2012-02-16,33733915.0
2012-02-15,53789720.0
2012-02-14,16497573.0
2012-02-13,18471658.0
2012-02-10,22546425.0
2012-02-09,31579086.0
2012-02-08,14567040.0
2012-02-07,11293609.0
2012-02-06,8917228.0
2012-02-03,10245287.0
2012-02-02,6671221.0
2012-02-01,9644366.0
2012-01-31,13996855.0
2012-01-30,13547439.0
2012-01-27,10710233.0
2012-01-26,11579673.0
2012-01-25,34223691.0
2012-01-24,19558473.0
2012-01-23,10930778.0
2012-01-20,14784607.0
2012-01-19,9347779.0
2012-01-18,9885394.0
2012-01-17,8674865.0
2012-01-13,8077107.0
2012-01-12,7597273.0
2012-01-11,7685437.0
2012-01-10,9225966.0
2012-01-09,14072256.0
2012-01-06,11370916.0
2012-01-05,9688115.0
2012-01-04,9294444.0
2012-01-03,10794957.0
2011-12-30,6420530.0
2011-12-29,7719863.0
2011-12-28,8173461.0
2011-12-27,9472659.0
2011-12-23,9628852.0
2011-12-22,7227016.0
2011-12-21,9390954.0
2011-12-20,12050104.0
2011-12-19,8411702.0
2011-12-16,15056343.0
2011-12-15,9158875.0
2011-12-14,14541240.0
2011-12-13,12112029.0
2011-12-12,10752338.0
2011-12-09,10612255.0
2011-12-08,13441293.0
2011-12-07,10892847.0
2011-12-06,10135859.0
2011-12-05,12763161.0
2011-12-02,13545470.0
2011-12-01,13827834.0
2011-11-30,14502386.0
2011-11-29,13429694.0
2011-11-28,12380122.0
2011-11-25,9098543.0
2011-11-23,15308635.0
2011-11-22,14617763.0
2011-11-21,16007227.0
2011-11-18,13288395.0
2011-11-17,17147164.0
2011-11-16,12471716.0
2011-11-15,15392116.0
2011-11-14,15466501.0
2011-11-11,23349431.0
2011-11-10,26606467.0
2011-11-09,19952990.0
2011-11-08,14301406.0
2011-11-07,9652257.0
2011-11-04,10793856.0
2011-11-03,15768725.0
2011-11-02,11723381.0
2011-11-01,18992411.0
2011-10-31,13772329.0
2011-10-28,11529964.0
2011-10-27,17673331.0
2011-10-26,16296426.0
2011-10-25,15378600.0
2011-10-24,17941292.0
2011-10-21,22187216.0
2011-10-20,19626042.0
2011-10-19,39428299.0
2011-10-18,31485728.0
2011-10-17,24501528.0
2011-10-14,20477390.0
2011-10-13,15220825.0
2011-10-12,22224426.0
2011-10-11,21631495.0
2011-10-10,15804041.0
2011-10-07,19129166.0
2011-10-06,29020722.0
2011-10-05,28088194.0
2011-10-04,44059841.0
2011-10-03,23895573.0
2011-09-30,19579889.0
2011-09-29,23263021.0
2011-09-28,15351883.0
2011-09-27,22589196.0
2011-09-26,29031266.0
2011-09-23,19517230.0
2011-09-22,34588591.0
2011-09-21,21641965.0
2011-09-20,27705327.0
2011-09-19,29423540.0
2011-09-16,24946023.0
2011-09-15,14922083.0
2011-09-14,19097264.0
2011-09-13,15740641.0
2011-09-12,16708284.0
2011-09-09,20181344.0
2011-09-08,14862780.0
2011-09-07,12520542.0
2011-09-06,18203447.0
2011-09-02,15684502.0
2011-09-01,12275815.0
2011-08-31,18669842.0
2011-08-30,14925752.0
2011-08-29,14473307.0
2011-08-26,22909823.0
2011-08-25,31117868.0
2011-08-24,22366701.0
2011-08-23,23458368.0
2011-08-22,19118030.0
2011-08-19,27710078.0
2011-08-18,30408327.0
2011-08-17,15787849.0
2011-08-16,17817446.0
2011-08-15,16447924.0
2011-08-12,18891915.0
2011-08-11,26498730.0
2011-08-10,31380328.0
2011-08-09,38663672.0
2011-08-08,40850172.0
2011-08-05,43020050.0
2011-08-04,31121632.0
2011-08-03,26160828.0
2011-08-02,22840680.0
2011-08-01,21886851.0
2011-07-29,22592270.0
2011-07-28,21215156.0
2011-07-27,23547210.0
2011-07-26,17020718.0
2011-07-25,21064442.0
2011-07-22,18454555.0
2011-07-21,18804148.0
2011-07-20,33618816.0
2011-07-19,29255192.0
2011-07-18,20451089.0
2011-07-15,17302334.0
2011-07-14,15376165.0
2011-07-13,13987074.0
2011-07-12,16128813.0
2011-07-11,15816282.0
2011-07-08,17497377.0
2011-07-07,14273617.0
2011-07-06,15879463.0
2011-07-05,12688374.0
2011-07-01,15546887.0
2011-06-30,11543913.0
2011-06-29,12597010.0
2011-06-28,10510701.0
2011-06-27,12141419.0
2011-06-24,15711616.0
2011-06-23,19991322.0
2011-06-22,13949348.0
2011-06-21,17620502.0
2011-06-20,22880182.0
2011-06-17,21981807.0
2011-06-16,18235334.0
2011-06-15,14264555.0
2011-06-14,11948843.0
2011-06-13,11773444.0
2011-06-10,15504200.0
2011-06-09,9834457.0
2011-06-08,11924511.0
2011-06-07,18927580.0
2011-06-06,16497811.0
2011-06-03,11194395.0
2011-06-02,12103016.0
2011-06-01,19810086.0
2011-05-31,14919162.0
2011-05-27,7273271.0
2011-05-26,7953393.0
2011-05-25,10507919.0
2011-05-24,11502950.0
2011-05-23,13661031.0
2011-05-20,12078244.0
2011-05-19,9327330.0
2011-05-18,11956181.0
2011-05-17,16170951.0
2011-05-16,16076482.0
2011-05-13,11649708.0
2011-05-12,11462799.0
2011-05-11,12002669.0
2011-05-10,10074567.0
2011-05-09,7312593.0
2011-05-06,10008755.0
2011-05-05,11998900.0
2011-05-04,13901747.0
2011-05-03,11198607.0
2011-05-02,15811178.0
2011-04-29,35940847.0
2011-04-28,12899589.0
2011-04-27,12721841.0
2011-04-26,12057235.0
2011-04-25,9519470.0
2011-04-22,26921374.0
2011-04-21,26921374.0
2011-04-20,25023406.0
2011-04-19,14977749.0
2011-04-18,21782061.0
2011-04-15,16208321.0
2011-04-14,10785343.0
2011-04-13,12372709.0
2011-04-12,15232440.0
2011-04-11,14255374.0
2011-04-08,13483331.0
2011-04-07,13337360.0
2011-04-06,14376383.0
2011-04-05,17248687.0
2011-04-04,16431506.0
2011-04-01,14952200.0
2011-03-31,9798858.0
2011-03-30,11764467.0
2011-03-29,12603565.0
2011-03-28,11048201.0
2011-03-25,16041828.0
2011-03-24,14453960.0
2011-03-23,13321214.0
2011-03-22,11651166.0
2011-03-21,14621080.0
2011-03-18,26900372.0
2011-03-17,23550711.0
2011-03-16,41312518.0
2011-03-15,25751762.0
2011-03-14,15587670.0
2011-03-11,16824288.0
2011-03-10,18138865.0
2011-03-09,16192719.0
2011-03-08,12725565.0
2011-03-07,19504307.0
2011-03-04,16188069.0
2011-03-03,17885252.0
2011-03-02,21521027.0
2011-03-01,16290309.0
2011-02-28,14395497.0
2011-02-25,13572069.0
2011-02-24,17853502.0
2011-02-23,23994706.0
2011-02-22,31162223.0
2011-02-18,29144532.0
2011-02-17,18949072.0
2011-02-16,17184119.0
2011-02-15,10149063.0
2011-02-14,11086213.0
2011-02-11,13127564.0
2011-02-10,33162480.0
2011-02-09,17240870.0
2011-02-08,13608558.0
2011-02-07,17322130.0
2011-02-04,11494225.0
2011-02-03,14064164.0
2011-02-02,9248401.0
2011-02-01,15236849.0
2011-01-31,13456210.0
2011-01-28,21144878.0
2011-01-27,10179423.0
2011-01-26,18102397.0
2011-01-25,19530950.0
2011-01-24,20524364.0
2011-01-21,26942816.0
2011-01-20,27313899.0
2011-01-19,40557457.0
2011-01-18,67178100.0
2011-01-14,11029964.0
2011-01-13,10648026.0
2011-01-12,10806330.0
2011-01-11,15859999.0
2011-01-10,16019926.0
2011-01-07,11140316.0
2011-01-06,10729518.0
2011-01-05,9125599.0
2011-01-04,11048143.0
2011-01-03,15897201.0
2010-12-31,6916261.0
2010-12-30,5630713.0
2010-12-29,5831096.0
2010-12-28,6282971.0
2010-12-27,8921957.0
2010-12-23,7982168.0
2010-12-22,9505147.0
2010-12-21,9155412.0
2010-12-20,13771742.0
2010-12-17,13826724.0
2010-12-16,11501014.0
2010-12-15,14903902.0
2010-12-14,12555966.0
2010-12-13,15707619.0
2010-12-10,9377749.0
2010-12-09,10505218.0
2010-12-08,11497643.0
2010-12-07,13980495.0
2010-12-06,16017161.0
2010-12-03,12227469.0
2010-12-02,16558988.0
2010-12-01,16491096.0
2010-11-30,17923329.0
2010-11-29,15919985.0
2010-11-26,8490891.0
2010-11-24,14795448.0
2010-11-23,18551612.0
2010-11-22,14038356.0
2010-11-19,13744399.0
2010-11-18,17660349.0
2010-11-17,17123201.0
2010-11-16,23533906.0
2010-11-15,14414422.0
2010-11-12,28423066.0
2010-11-11,12902919.0
2010-11-10,13722339.0
2010-11-09,13704115.0
2010-11-08,10061901.0
2010-11-05,12901895.0
2010-11-04,22799491.0
2010-11-03,18155264.0
2010-11-02,15497491.0
2010-11-01,15138893.0
2010-10-29,15375304.0
2010-10-28,19680220.0
2010-10-27,14250010.0
2010-10-26,14033191.0
2010-10-25,14015428.0
2010-10-22,13313408.0
2010-10-21,19694903.0
2010-10-20,25772290.0
2010-10-19,44027119.0
2010-10-18,39444913.0
2010-10-15,32935492.0
2010-10-14,15546275.0
2010-10-13,22503227.0
2010-10-12,19947809.0
2010-10-11,15276819.0
2010-10-08,23514402.0
2010-10-07,14585611.0
2010-10-06,23959502.0
2010-10-05,17927350.0
2010-10-04,15546424.0
2010-10-01,16014492.0
2010-09-30,24049636.0
2010-09-29,16772944.0
2010-09-28,36965773.0
2010-09-27,17253559.0
2010-09-24,23195972.0
2010-09-23,28075553.0
2010-09-22,20907682.0
2010-09-21,23916983.0
2010-09-20,23546119.0
2010-09-17,22659813.0
2010-09-16,23289341.0
2010-09-15,15334510.0
2010-09-14,14576759.0
2010-09-13,13884995.0
2010-09-10,13848617.0
2010-09-09,15663371.0
2010-09-08,18805302.0
2010-09-07,12243759.0
2010-09-03,18599581.0
2010-09-02,14836614.0
2010-09-01,24894115.0
2010-08-31,15028086.0
2010-08-30,13688842.0
2010-08-27,19592368.0
2010-08-26,16660829.0
2010-08-25,21316604.0
2010-08-24,21519744.0
2010-08-23,14788116.0
2010-08-20,13722458.0
2010-08-19,15239461.0
2010-08-18,12131989.0
2010-08-17,15094603.0
2010-08-16,11372407.0
2010-08-13,12673805.0
2010-08-12,19104262.0
2010-08-11,22144724.0
2010-08-10,16139915.0
2010-08-09,10825908.0
2010-08-06,15893330.0
2010-08-05,10334374.0
2010-08-04,15019868.0
2010-08-03,14916174.0
2010-08-02,15288718.0
2010-07-30,16016280.0
2010-07-29,22993055.0
2010-07-28,18570870.0
2010-07-27,20884663.0
2010-07-26,15019636.0
2010-07-23,19049523.0
2010-07-22,23047046.0
2010-07-21,42345346.0
2010-07-20,38391073.0
2010-07-19,36589212.0
2010-07-16,37137768.0
2010-07-15,29459407.0
2010-07-14,29006112.0
2010-07-13,42534094.0
2010-07-12,20102748.0
2010-07-09,15484791.0
2010-07-08,26362523.0
2010-07-07,23377116.0
2010-07-06,21972668.0
2010-07-02,24803483.0
2010-07-01,36534020.0
2010-06-30,26409580.0
2010-06-29,40476590.0
2010-06-28,20908322.0
2010-06-25,19640753.0
2010-06-24,25540402.0
2010-06-23,27444819.0
2010-06-22,25616428.0
2010-06-21,27731779.0
2010-06-18,28022135.0
2010-06-17,31195033.0
2010-06-16,27988910.0
2010-06-15,20895471.0
2010-06-14,21534300.0
2010-06-11,19491412.0
2010-06-10,27726991.0
2010-06-09,30522453.0
2010-06-08,35741717.0
2010-06-07,31677934.0
2010-06-04,27087206.0
2010-06-03,23219902.0
2010-06-02,24590932.0
2010-06-01,31302626.0
2010-05-28,29129031.0
2010-05-27,23796477.0
2010-05-26,30380592.0
2010-05-25,37429051.0
2010-05-24,26937337.0
2010-05-21,43710965.0
2010-05-20,45818391.0
2010-05-19,36633058.0
2010-05-18,27952708.0
2010-05-17,27244036.0
2010-05-14,27120051.0
2010-05-13,21418218.0
2010-05-12,23370625.0
2010-05-11,30369687.0
2010-05-10,35153744.0
2010-05-07,59857756.0
2010-05-06,45923556.0
2010-05-05,31539398.0
2010-05-04,25850690.0
2010-05-03,16226433.0
2010-04-30,19373668.0
2010-04-29,19958535.0
2010-04-28,27085710.0
2010-04-27,25333632.0
2010-04-26,17109573.0
2010-04-23,28462622.0
2010-04-22,28336545.0
2010-04-21,35085400.0
2010-04-20,26368711.0
2010-04-19,20247213.0
2010-04-16,26805138.0
2010-04-15,13456560.0
2010-04-14,14431222.0
2010-04-13,10936075.0
2010-04-12,11900548.0
2010-04-09,11935092.0
2010-04-08,20463803.0
2010-04-07,22446433.0
2010-04-06,15964884.0
2010-04-05,24446617.0
2010-04-01,21540857.0
2010-03-31,15380651.0
2010-03-30,18832475.0
2010-03-29,19312255.0
2010-03-26,22888305.0
2010-03-25,19402382.0
2010-03-24,21367176.0
2010-03-23,21515311.0
2010-03-22,16300662.0
2010-03-19,19980164.0
2010-03-18,12218159.0
2010-03-17,16105571.0
2010-03-16,15960948.0
2010-03-15,17625013.0
2010-03-12,14868660.0
2010-03-11,14489234.0
2010-03-10,21293449.0
2010-03-09,32866380.0
2010-03-08,15353177.0
2010-03-05,32129229.0
2010-03-04,13072848.0
2010-03-03,13294242.0
2010-03-02,20233736.0
2010-03-01,19646169.0
2010-02-26,18123580.0
2010-02-25,23764153.0
2010-02-24,16448768.0
2010-02-23,20546889.0
2010-02-22,13958024.0
2010-02-19,14847638.0
2010-02-18,15100873.0
2010-02-17,15585530.0
2010-02-16,19426823.0
2010-02-12,23409558.0
2010-02-11,19655129.0
2010-02-10,13227174.0
2010-02-09,22603004.0
2010-02-08,17081017.0
2010-02-05,30368050.0
2010-02-04,27058966.0
2010-02-03,21975967.0
2010-02-02,24940759.0
2010-02-01,26781203.0
2010-01-29,44498255.0
2010-01-28,41910768.0
2010-01-27,61520290.0
2010-01-26,66682498.0
2010-01-25,38060686.0
2010-01-22,31491696.0
2010-01-21,21719795.0
2010-01-20,21862556.0
2010-01-19,26071660.0
2010-01-18,21226295.0
2010-01-15,21226295.0
2010-01-14,15469773.0
2010-01-13,21638905.0
2010-01-12,21230682.0
2010-01-11,16508195.0
2010-01-08,15995583.0
2010-01-07,17040332.0
2010-01-06,19719942.0
2010-01-05,21496572.0
2010-01-04,17633150.0
2009-12-31,12586097.0
2009-12-30,14717244.0
2009-12-29,15900153.0
2009-12-28,23020150.0
2009-12-24,17888855.0
2009-12-23,12340141.0
2009-12-22,12482649.0
2009-12-21,21870444.0
2009-12-18,21741788.0
2009-12-17,13887008.0
2009-12-16,12611382.0
2009-12-15,14989779.0
2009-12-14,17706732.0
2009-12-11,15349054.0
2009-12-10,17488165.0
2009-12-09,24456455.0
2009-12-08,24657040.0
2009-12-07,25527094.0
2009-12-04,29539524.0
2009-12-03,16025654.0
2009-12-02,25544958.0
2009-12-01,16634369.0
2009-11-30,15173418.0
2009-11-27,10544892.0
2009-11-25,10237473.0
2009-11-24,11372742.0
2009-11-23,16970533.0
2009-11-20,14531795.0
2009-11-19,19368789.0
2009-11-18,13368552.0
2009-11-17,14161152.0
2009-11-16,17328717.0
2009-11-13,12261823.0
2009-11-12,12996979.0
2009-11-11,15859930.0
2009-11-10,14328340.0
2009-11-09,18887669.0
2009-11-06,10543909.0
2009-11-05,13747257.0
2009-11-04,17419357.0
2009-11-03,18662202.0
2009-11-02,24271033.0
2009-10-30,25625842.0
2009-10-29,20353034.0
2009-10-28,29117558.0
2009-10-27,26924838.0
2009-10-26,17188671.0
2009-10-23,15028062.0
2009-10-22,28263975.0
2009-10-21,42633075.0
2009-10-20,40751402.0
2009-10-19,33651048.0
2009-10-16,15408027.0
2009-10-15,13341246.0
2009-10-14,13420377.0
2009-10-13,12429226.0
2009-10-12,10291108.0
2009-10-09,10478335.0
2009-10-08,15650328.0
2009-10-07,16630987.0
2009-10-06,21610125.0
2009-10-05,15111866.0
2009-10-02,19765524.0
2009-10-01,18739677.0
2009-09-30,19270805.0
2009-09-29,12335197.0
2009-09-28,12058857.0
2009-09-25,15910266.0
2009-09-24,19674213.0
2009-09-23,21215709.0
2009-09-22,12748713.0
2009-09-21,15632701.0
2009-09-18,21490980.0
2009-09-17,28948952.0
2009-09-16,26929357.0
2009-09-15,15231079.0
2009-09-14,11500373.0
2009-09-11,12462884.0
2009-09-10,17540478.0
2009-09-09,28974698.0
2009-09-08,11251661.0
2009-09-04,13379522.0
2009-09-03,10503673.0
2009-09-02,13014301.0
2009-09-01,16750905.0
2009-08-31,11126441.0
2009-08-28,16209204.0
2009-08-27,16042118.0
2009-08-26,10857067.0
2009-08-25,11584049.0
2009-08-24,14533168.0
2009-08-21,14859756.0
2009-08-20,12221390.0
2009-08-19,14759695.0
2009-08-18,15398221.0
2009-08-17,18727893.0
2009-08-14,10930325.0
2009-08-13,15720085.0
2009-08-12,15895377.0
2009-08-11,12696022.0
2009-08-10,10729827.0
2009-08-07,13838704.0
2009-08-06,12206233.0
2009-08-05,15113619.0
2009-08-04,14136053.0
2009-08-03,14079982.0
2009-07-31,15096136.0
2009-07-30,16771544.0
2009-07-29,13658150.0
2009-07-28,12984019.0
2009-07-27,15475401.0
2009-07-24,15655702.0
2009-07-23,18820054.0
2009-07-22,31217976.0
2009-07-21,31242187.0
2009-07-20,26268741.0
2009-07-17,21505493.0
2009-07-16,14056023.0
2009-07-15,17342302.0
2009-07-14,12410774.0
2009-07-13,17277642.0
2009-07-10,15902608.0
2009-07-09,12255205.0
2009-07-08,20568864.0
2009-07-07,16492156.0
2009-07-06,17810219.0
2009-07-03,13236264.0
2009-07-02,13236264.0
2009-07-01,14795450.0
2009-06-30,15508920.0
2009-06-29,20273642.0
2009-06-26,15695426.0
2009-06-25,21060313.0
2009-06-24,17340169.0
2009-06-23,25233210.0
2009-06-22,22675441.0
2009-06-19,25780518.0
2009-06-18,15274289.0
2009-06-17,20407596.0
2009-06-16,18385891.0
2009-06-15,19283873.0
2009-06-12,20110176.0
2009-06-11,18743693.0
2009-06-10,24599961.0
2009-06-09,24177268.0
2009-06-08,33273239.0
2009-06-05,22596982.0
2009-06-04,19665427.0
2009-06-03,20185656.0
2009-06-02,16293676.0
2009-06-01,16166712.0
2009-05-29,16309086.0
2009-05-28,17412504.0
2009-05-27,23105810.0
2009-05-26,22747347.0
2009-05-22,10645315.0
2009-05-21,14577894.0
2009-05-20,13884720.0
2009-05-19,13300787.0
2009-05-18,16395908.0
2009-05-15,13127320.0
2009-05-14,15996710.0
2009-05-13,21284603.0
2009-05-12,21767115.0
2009-05-11,14456531.0
2009-05-08,16715152.0
2009-05-07,18996275.0
2009-05-06,16915788.0
2009-05-05,14228616.0
2009-05-04,21770742.0
2009-05-01,14199605.0
2009-04-30,17803154.0
2009-04-29,16366365.0
2009-04-28,16280594.0
2009-04-27,17171919.0
2009-04-24,19319523.0
2009-04-23,33755599.0
2009-04-22,33527396.0
2009-04-21,16810144.0
2009-04-20,16666217.0
2009-04-17,17774382.0
2009-04-16,21199366.0
2009-04-15,14750970.0
2009-04-14,16241275.0
2009-04-13,13909579.0
2009-04-09,18962010.0
2009-04-08,16272481.0
2009-04-07,19170924.0
2009-04-06,23502232.0
2009-04-03,22726609.0
2009-04-02,29013066.0
2009-04-01,21056938.0
2009-03-31,20359987.0
2009-03-30,17959335.0
2009-03-27,17608669.0
2009-03-26,22008968.0
2009-03-25,23094698.0
2009-03-24,22879000.0
2009-03-23,23805871.0
2009-03-20,24846589.0
2009-03-19,17868495.0
2009-03-18,28435765.0
2009-03-17,28143586.0
2009-03-16,28483820.0
2009-03-13,21474296.0
2009-03-12,27457620.0
2009-03-11,30242322.0
2009-03-10,30160893.0
2009-03-09,24945622.0
2009-03-06,36112366.0
2009-03-05,25246234.0
2009-03-04,26483089.0
2009-03-03,25869274.0
2009-03-02,27534710.0
2009-02-27,25240864.0
2009-02-26,22501991.0
2009-02-25,29761143.0
2009-02-24,28824737.0
2009-02-23,28106145.0
2009-02-20,26796442.0
2009-02-19,32957221.0
2009-02-18,24448863.0
2009-02-17,24222626.0
2009-02-13,21752370.0
2009-02-12,29190809.0
2009-02-11,24110999.0
2009-02-10,30332806.0
2009-02-09,25535704.0
2009-02-06,24540631.0
2009-02-05,26764791.0
2009-02-04,28871894.0
2009-02-03,21408688.0
2009-02-02,19943336.0
2009-01-30,23279341.0
2009-01-29,21185715.0
2009-01-28,31385983.0
2009-01-27,22090209.0
2009-01-26,24979122.0
2009-01-23,27277482.0
2009-01-22,50340261.0
2009-01-21,39287517.0
2009-01-20,32886821.0
2009-01-19,37445787.0
2009-01-16,37445787.0
2009-01-15,65829770.0
2009-01-14,38285202.0
2009-01-13,28532683.0
2009-01-12,22075734.0
2009-01-09,19635107.0
2009-01-08,24052284.0
2009-01-07,27042958.0
2009-01-06,46149129.0
2009-01-05,42458779.0
2009-01-02,26964210.0
2008-12-31,21715763.0
2008-12-30,34579620.0
2008-12-29,24567225.0
2008-12-26,11043071.0
2008-12-24,9694994.0
2008-12-23,22917026.0
2008-12-22,30182216.0
2008-12-19,29105844.0
2008-12-18,30633639.0
2008-12-17,46432736.0
2008-12-16,40159758.0
2008-12-15,31858968.0
2008-12-12,37243348.0
2008-12-11,37260007.0
2008-12-10,33517137.0
2008-12-09,43004198.0
2008-12-08,42346166.0
2008-12-05,37300120.0
2008-12-04,38988771.0
2008-12-03,47864908.0
2008-12-02,41050587.0
2008-12-01,33005789.0
2008-11-28,10757337.0
2008-11-26,32160801.0
2008-11-25,44127030.0
2008-11-24,51524734.0
2008-11-21,56056064.0
2008-11-20,61312137.0
2008-11-19,41866901.0
2008-11-18,43226932.0
2008-11-17,41532997.0
2008-11-14,50188530.0
2008-11-13,66262918.0
2008-11-12,42104581.0
2008-11-11,43749871.0
2008-11-10,40210214.0
2008-11-07,39129879.0
2008-11-06,47129942.0
2008-11-05,44915163.0
2008-11-04,49998779.0
2008-11-03,37801380.0
2008-10-31,59291831.0
2008-10-30,58503130.0
2008-10-29,69761344.0
2008-10-28,58418200.0
2008-10-27,43192456.0
2008-10-24,56787793.0
2008-10-23,59836774.0
2008-10-22,80314583.0
2008-10-21,78344909.0
2008-10-20,55327434.0
2008-10-17,62969711.0
2008-10-16,70732875.0
2008-10-15,56577695.0
2008-10-14,70799596.0
2008-10-13,55017170.0
2008-10-10,79296481.0
2008-10-09,57792499.0
2008-10-08,78903010.0
2008-10-07,67205977.0
2008-10-06,75279639.0
2008-10-03,82140284.0
2008-10-02,57518522.0
2008-10-01,46335451.0
2008-09-30,58133772.0
2008-09-29,93644809.0
2008-09-26,40230348.0
2008-09-25,35930140.0
2008-09-24,37405903.0
2008-09-23,45827195.0
2008-09-22,30497724.0
2008-09-19,51134048.0
2008-09-18,59866187.0
2008-09-17,42873320.0
2008-09-16,42851292.0
2008-09-15,32879787.0
2008-09-12,28332372.0
2008-09-11,34683322.0
2008-09-10,34761594.0
2008-09-09,44465156.0
2008-09-08,37365411.0
2008-09-05,28102959.0
2008-09-04,26578982.0
2008-09-03,26248117.0
2008-09-02,27908193.0
2008-08-29,21405304.0
2008-08-28,15406578.0
2008-08-27,17063546.0
2008-08-26,15920648.0
2008-08-25,17303450.0
2008-08-22,15695444.0
2008-08-21,19286365.0
2008-08-20,18111738.0
2008-08-19,22007236.0
2008-08-18,19714732.0
2008-08-15,25297183.0
2008-08-14,25403601.0
2008-08-13,30100786.0
2008-08-12,29872166.0
2008-08-11,31832206.0
2008-08-08,25508020.0
2008-08-07,24017815.0
2008-08-06,28266458.0
2008-08-05,24594669.0
2008-08-04,21167696.0
2008-08-01,19461195.0
2008-07-31,22768525.0
2008-07-30,25902261.0
2008-07-29,24437215.0
2008-07-28,27891235.0
2008-07-25,22629822.0
2008-07-24,29986320.0
2008-07-23,37920218.0
2008-07-22,67128289.0
2008-07-21,48588195.0
2008-07-18,31014721.0
2008-07-17,27054456.0
2008-07-16,26716567.0
2008-07-15,37144352.0
2008-07-14,31644790.0
2008-07-11,33214614.0
2008-07-10,30024547.0
2008-07-09,32003589.0
2008-07-08,31738989.0
2008-07-07,29299603.0
2008-07-03,18694175.0
2008-07-02,29951728.0
2008-07-01,39688556.0
2008-06-30,24440648.0
2008-06-27,37223115.0
2008-06-26,31057440.0
2008-06-25,23016067.0
2008-06-24,22216923.0
2008-06-23,23072024.0
2008-06-20,31727397.0
2008-06-19,28311343.0
2008-06-18,28980970.0
2008-06-17,32148419.0
2008-06-16,37561768.0
2008-06-13,48069881.0
2008-06-12,46726115.0
2008-06-11,34341045.0
2008-06-10,40747845.0
2008-06-09,67442535.0
2008-06-06,34515075.0
2008-06-05,26980102.0
2008-06-04,25981128.0
2008-06-03,27049567.0
2008-06-02,24280000.0
2008-05-30,21792225.0
2008-05-29,23113799.0
2008-05-28,26570641.0
2008-05-27,28210871.0
2008-05-23,32440244.0
2008-05-22,43105919.0
2008-05-21,41344865.0
2008-05-20,34637473.0
2008-05-19,33796411.0
2008-05-16,27348837.0
2008-05-15,31185978.0
2008-05-14,32743680.0
2008-05-13,29401281.0
2008-05-12,29263070.0
2008-05-09,24038245.0
2008-05-08,32110148.0
2008-05-07,41326175.0
2008-05-06,32816765.0
2008-05-05,30519889.0
2008-05-02,35931418.0
2008-05-01,32270581.0
2008-04-30,40697228.0
2008-04-29,32981265.0
2008-04-28,28114734.0
2008-04-25,35445425.0
2008-04-24,60616273.0
2008-04-23,53721101.0
2008-04-22,51413219.0
2008-04-21,37112590.0
2008-04-18,36670142.0
2008-04-17,25189279.0
2008-04-16,28420420.0
2008-04-15,24929883.0
2008-04-14,30189396.0
2008-04-11,43216946.0
2008-04-10,34160321.0
2008-04-09,31211125.0
2008-04-08,36258626.0
2008-04-07,41395988.0
2008-04-04,30527914.0
2008-04-03,37563004.0
2008-04-02,37320214.0
2008-04-01,36877317.0
2008-03-31,27430839.0
2008-03-28,25547083.0
2008-03-27,35708131.0
2008-03-26,42217233.0
2008-03-25,37596140.0
2008-03-24,38119507.0
2008-03-20,32456650.0
2008-03-19,36090600.0
2008-03-18,43039945.0
2008-03-17,38307074.0
2008-03-14,41316269.0
2008-03-13,45151255.0
2008-03-12,37843856.0
2008-03-11,41622202.0
2008-03-10,35739047.0
2008-03-07,43953695.0
2008-03-06,52632054.0
2008-03-05,43636940.0
2008-03-04,63763682.0
2008-03-03,56920466.0
2008-02-29,44838544.0
2008-02-28,57794704.0
2008-02-27,52683413.0
2008-02-26,53745939.0
2008-02-25,44884800.0
2008-02-22,54638437.0
2008-02-21,33504078.0
2008-02-20,34551356.0
2008-02-19,35894478.0
2008-02-15,32189246.0
2008-02-14,34080728.0
2008-02-13,34590469.0
2008-02-12,43784943.0
2008-02-11,42908217.0
2008-02-08,48427520.0
2008-02-07,74450275.0
2008-02-06,56188205.0
2008-02-05,40751491.0
2008-02-04,32115481.0
2008-02-01,36097982.0
2008-01-31,48059713.0
2008-01-30,44394619.0
2008-01-29,39285086.0
2008-01-28,52672974.0
2008-01-25,55526314.0
2008-01-24,71638013.0
2008-01-23,120466292.0
2008-01-22,86963480.0
2008-01-18,61583651.0
2008-01-17,62853413.0
2008-01-16,79191989.0
2008-01-15,83937922.0
2008-01-14,39301774.0
2008-01-11,44010111.0
2008-01-10,52963350.0
2008-01-09,64840673.0
2008-01-08,54421984.0
2008-01-07,74006846.0
2008-01-04,51993904.0
2008-01-03,30073780.0
2008-01-02,38542020.0
